humidity,temperature,time,year,month,day,hour,minute,time_only
46.7,20.6,2026-04-21 09:14:15.338138400,2026,4,21,09:00,14,09:14
46.9,20.5,2026-04-21 09:15:15.680169708,2026,4,21,09:00,15,09:15
46.6,20.5,2026-04-21 09:16:16.113751668,2026,4,21,09:00,16,09:16
46.7,20.4,2026-04-21 09:17:16.167843333,2026,4,21,09:00,17,09:17
46.8,20.3,2026-04-21 09:18:16.838477301,2026,4,21,09:00,18,09:18
47.3,20.2,2026-04-21 09:19:16.963910199,2026,4,21,09:00,19,09:19
47.3,20.0,2026-04-21 09:20:17.115667938,2026,4,21,09:00,20,09:20
47.4,20.0,2026-04-21 09:21:20.521826134,2026,4,21,09:00,21,09:21
47.5,19.9,2026-04-21 09:22:20.619422673,2026,4,21,09:00,22,09:22
47.7,19.8,2026-04-21 09:23:28.382494847,2026,4,21,09:00,23,09:23
47.7,19.7,2026-04-21 09:24:28.941104507,2026,4,21,09:00,24,09:24
47.6,19.7,2026-04-21 09:25:29.762979408,2026,4,21,09:00,25,09:25
48.2,19.7,2026-04-21 09:27:07.414485657,2026,4,21,09:00,27,09:27
47.7,19.7,2026-04-21 09:28:07.608099475,2026,4,21,09:00,28,09:28
47.6,19.7,2026-04-21 09:29:33.583159323,2026,4,21,09:00,29,09:29
47.7,19.7,2026-04-21 09:30:33.893577127,2026,4,21,09:00,30,09:30
47.8,19.7,2026-04-21 09:31:34.427868576,2026,4,21,09:00,31,09:31
47.8,19.6,2026-04-21 09:32:34.766977786,2026,4,21,09:00,32,09:32
47.9,19.7,2026-04-21 09:33:35.022703053,2026,4,21,09:00,33,09:33
48.0,19.7,2026-04-21 09:34:35.258167469,2026,4,21,09:00,34,09:34
48.0,19.6,2026-04-21 09:35:35.743231628,2026,4,21,09:00,35,09:35
48.0,19.6,2026-04-21 09:36:36.220486482,2026,4,21,09:00,36,09:36
48.0,19.6,2026-04-21 09:37:36.841065457,2026,4,21,09:00,37,09:37
48.0,19.6,2026-04-21 09:38:37.023131376,2026,4,21,09:00,38,09:38
48.0,19.5,2026-04-21 09:39:37.255249514,2026,4,21,09:00,39,09:39
48.4,19.5,2026-04-21 09:40:37.380351546,2026,4,21,09:00,40,09:40
48.1,19.5,2026-04-21 09:42:14.779052690,2026,4,21,09:00,42,09:42
48.2,19.5,2026-04-21 09:43:18.085090453,2026,4,21,09:00,43,09:43
48.2,19.5,2026-04-21 09:44:25.690262719,2026,4,21,09:00,44,09:44
48.1,19.5,2026-04-21 09:45:26.116843892,2026,4,21,09:00,45,09:45
48.2,19.5,2026-04-21 09:46:26.771314050,2026,4,21,09:00,46,09:46
49.5,19.6,2026-04-21 09:47:27.054109199,2026,4,21,09:00,47,09:47
48.3,19.7,2026-04-21 09:48:27.527706632,2026,4,21,09:00,48,09:48
48.3,19.7,2026-04-21 09:49:27.876184744,2026,4,21,09:00,49,09:49
47.9,19.8,2026-04-21 09:51:32.513659940,2026,4,21,09:00,51,09:51
48.0,19.9,2026-04-21 09:52:32.726941703,2026,4,21,09:00,52,09:52
47.8,20.0,2026-04-21 09:53:32.958509872,2026,4,21,09:00,53,09:53
47.5,20.0,2026-04-21 09:54:33.537851293,2026,4,21,09:00,54,09:54
47.5,20.0,2026-04-21 09:55:34.105362583,2026,4,21,09:00,55,09:55
47.4,20.0,2026-04-21 09:56:37.866698564,2026,4,21,09:00,56,09:56
47.7,20.0,2026-04-21 09:57:38.449821782,2026,4,21,09:00,57,09:57
47.7,20.1,2026-04-21 09:58:38.727982993,2026,4,21,09:00,58,09:58
47.2,20.1,2026-04-21 10:00:50.735222778,2026,4,21,10:00,0,10:00
47.9,20.4,2026-04-21 10:05:18.776372464,2026,4,21,10:00,5,10:05
47.0,20.3,2026-04-21 10:06:21.991672933,2026,4,21,10:00,6,10:06
47.1,20.2,2026-04-21 10:07:22.458394135,2026,4,21,10:00,7,10:07
46.9,20.3,2026-04-21 10:08:22.914736674,2026,4,21,10:00,8,10:08
47.1,20.3,2026-04-21 10:09:23.297630014,2026,4,21,10:00,9,10:09
47.1,20.3,2026-04-21 10:10:28.790235701,2026,4,21,10:00,10,10:10
47.1,20.3,2026-04-21 10:11:35.909902521,2026,4,21,10:00,11,10:11
47.7,20.3,2026-04-21 10:12:42.960184704,2026,4,21,10:00,12,10:12
46.7,20.4,2026-04-21 10:13:49.188653406,2026,4,21,10:00,13,10:13
46.6,20.4,2026-04-21 10:14:49.366658067,2026,4,21,10:00,14,10:14
46.5,20.4,2026-04-21 10:15:49.613580392,2026,4,21,10:00,15,10:15
46.8,20.4,2026-04-21 10:16:56.774709871,2026,4,21,10:00,16,10:16
46.8,20.4,2026-04-21 10:17:57.354054647,2026,4,21,10:00,17,10:17
47.0,20.4,2026-04-21 10:19:04.818069476,2026,4,21,10:00,19,10:19
46.9,20.5,2026-04-21 10:19:58.196533401,2026,4,21,10:00,19,10:19
47.0,20.5,2026-04-21 10:20:58.552090584,2026,4,21,10:00,20,10:20
46.9,20.5,2026-04-21 10:21:59.233178360,2026,4,21,10:00,21,10:21
47.0,20.5,2026-04-21 10:22:59.809791633,2026,4,21,10:00,22,10:22
47.2,20.5,2026-04-21 10:23:59.888815355,2026,4,21,10:00,23,10:23
47.2,20.5,2026-04-21 10:25:00.431816683,2026,4,21,10:00,25,10:25
47.0,20.5,2026-04-21 10:26:00.572306726,2026,4,21,10:00,26,10:26
47.2,20.5,2026-04-21 10:27:01.162671060,2026,4,21,10:00,27,10:27
47.2,20.5,2026-04-21 10:28:01.572351950,2026,4,21,10:00,28,10:28
47.2,20.5,2026-04-21 10:29:01.716016090,2026,4,21,10:00,29,10:29
47.2,20.6,2026-04-21 10:30:02.363633275,2026,4,21,10:00,30,10:30
47.3,20.6,2026-04-21 10:31:02.401901580,2026,4,21,10:00,31,10:31
47.3,20.6,2026-04-21 10:32:02.585208019,2026,4,21,10:00,32,10:32
47.2,20.6,2026-04-21 10:33:02.688882372,2026,4,21,10:00,33,10:33
47.2,20.6,2026-04-21 10:34:03.232227292,2026,4,21,10:00,34,10:34
47.0,20.7,2026-04-21 10:35:03.559599964,2026,4,21,10:00,35,10:35
46.9,20.7,2026-04-21 10:36:03.964394850,2026,4,21,10:00,36,10:36
47.1,20.7,2026-04-21 10:37:05.365711736,2026,4,21,10:00,37,10:37
47.2,20.7,2026-04-21 10:38:05.949053941,2026,4,21,10:00,38,10:38
47.2,20.7,2026-04-21 10:39:10.448020346,2026,4,21,10:00,39,10:39
47.3,20.7,2026-04-21 10:40:10.708674173,2026,4,21,10:00,40,10:40
47.2,20.7,2026-04-21 10:41:11.015017295,2026,4,21,10:00,41,10:41
47.3,20.6,2026-04-21 10:42:11.447446056,2026,4,21,10:00,42,10:42
47.2,20.6,2026-04-21 10:43:13.360635169,2026,4,21,10:00,43,10:43
47.5,20.5,2026-04-21 10:44:12.257292086,2026,4,21,10:00,44,10:44
47.4,20.5,2026-04-21 10:45:15.946620335,2026,4,21,10:00,45,10:45
47.5,20.5,2026-04-21 10:46:16.597822983,2026,4,21,10:00,46,10:46
47.2,20.5,2026-04-21 10:47:17.175599643,2026,4,21,10:00,47,10:47
47.4,20.5,2026-04-21 10:48:17.326720737,2026,4,21,10:00,48,10:48
47.2,20.5,2026-04-21 10:49:17.534736187,2026,4,21,10:00,49,10:49
47.3,20.5,2026-04-21 10:50:17.727622454,2026,4,21,10:00,50,10:50
47.2,20.5,2026-04-21 10:51:17.822355093,2026,4,21,10:00,51,10:51
47.0,20.5,2026-04-21 10:52:17.841902426,2026,4,21,10:00,52,10:52
47.5,20.5,2026-04-21 10:53:23.412482812,2026,4,21,10:00,53,10:53
47.5,20.5,2026-04-21 10:54:30.405018246,2026,4,21,10:00,54,10:54
48.1,20.5,2026-04-21 10:55:35.961323669,2026,4,21,10:00,55,10:55
47.2,20.5,2026-04-21 10:56:37.011094365,2026,4,21,10:00,56,10:56
47.3,20.5,2026-04-21 10:57:37.376799851,2026,4,21,10:00,57,10:57
47.3,20.5,2026-04-21 10:58:42.382412205,2026,4,21,10:00,58,10:58
47.2,20.5,2026-04-21 10:59:48.382049167,2026,4,21,10:00,59,10:59
47.3,20.5,2026-04-21 11:00:52.049641269,2026,4,21,11:00,0,11:00
47.1,20.7,2026-04-21 11:01:56.556164559,2026,4,21,11:00,1,11:01
46.7,20.8,2026-04-21 11:02:57.033396527,2026,4,21,11:00,2,11:02
47.2,21.0,2026-04-21 11:12:55.937087521,2026,4,21,11:00,12,11:12
45.4,21.7,2026-04-21 11:13:57.082671634,2026,4,21,11:00,13,11:13
45.5,21.5,2026-04-21 11:14:57.294426848,2026,4,21,11:00,14,11:14
45.4,21.5,2026-04-21 11:15:57.805036918,2026,4,21,11:00,15,11:15
45.8,21.5,2026-04-21 11:16:58.274294862,2026,4,21,11:00,16,11:16
45.5,21.6,2026-04-21 11:18:05.271309974,2026,4,21,11:00,18,11:18
45.0,21.7,2026-04-21 11:19:05.641250015,2026,4,21,11:00,19,11:19
45.5,21.7,2026-04-21 11:20:05.775251136,2026,4,21,11:00,20,11:20
45.1,21.9,2026-04-21 11:21:10.139104951,2026,4,21,11:00,21,11:21
44.9,21.9,2026-04-21 11:22:10.509257458,2026,4,21,11:00,22,11:22
44.8,21.9,2026-04-21 11:23:16.475602072,2026,4,21,11:00,23,11:23
44.7,21.9,2026-04-21 11:24:20.074544010,2026,4,21,11:00,24,11:24
44.8,21.9,2026-04-21 11:25:20.287148018,2026,4,21,11:00,25,11:25
44.9,21.9,2026-04-21 11:26:20.387520655,2026,4,21,11:00,26,11:26
44.6,21.9,2026-04-21 11:27:20.957629855,2026,4,21,11:00,27,11:27
44.5,22.0,2026-04-21 11:28:28.403671630,2026,4,21,11:00,28,11:28
44.1,22.2,2026-04-21 11:29:21.979594956,2026,4,21,11:00,29,11:29
43.8,22.5,2026-04-21 11:30:22.525100948,2026,4,21,11:00,30,11:30
44.3,22.6,2026-04-21 11:31:22.587599917,2026,4,21,11:00,31,11:31
43.8,22.8,2026-04-21 11:32:23.165817726,2026,4,21,11:00,32,11:32
43.7,22.8,2026-04-21 11:33:24.022993294,2026,4,21,11:00,33,11:33
43.3,22.8,2026-04-21 11:34:24.845407795,2026,4,21,11:00,34,11:34
43.3,22.8,2026-04-21 11:35:25.400016355,2026,4,21,11:00,35,11:35
43.4,22.8,2026-04-21 11:36:25.447003415,2026,4,21,11:00,36,11:36
43.6,22.8,2026-04-21 11:37:26.362020165,2026,4,21,11:00,37,11:37
43.3,22.6,2026-04-21 11:38:26.563331759,2026,4,21,11:00,38,11:38
44.0,22.2,2026-04-21 11:39:27.259103175,2026,4,21,11:00,39,11:39
44.8,21.7,2026-04-21 11:40:29.524995634,2026,4,21,11:00,40,11:40
45.5,21.4,2026-04-21 11:41:30.583906873,2026,4,21,11:00,41,11:41
45.8,21.2,2026-04-21 11:42:30.874479266,2026,4,21,11:00,42,11:42
46.0,21.1,2026-04-21 11:43:31.441749504,2026,4,21,11:00,43,11:43
46.4,21.0,2026-04-21 11:44:37.167401486,2026,4,21,11:00,44,11:44
46.3,20.9,2026-04-21 11:45:38.199460407,2026,4,21,11:00,45,11:45
48.9,20.8,2026-04-21 11:46:38.307208495,2026,4,21,11:00,46,11:46
47.0,20.8,2026-04-21 11:47:38.910247842,2026,4,21,11:00,47,11:47
50.5,21.0,2026-04-21 11:49:14.026318200,2026,4,21,11:00,49,11:49
45.5,21.3,2026-04-21 11:50:14.622044154,2026,4,21,11:00,50,11:50
46.3,21.0,2026-04-21 11:51:18.940859375,2026,4,21,11:00,51,11:51
46.9,20.8,2026-04-21 11:53:13.259466247,2026,4,21,11:00,53,11:53
47.1,20.7,2026-04-21 11:54:13.386257564,2026,4,21,11:00,54,11:54
47.2,20.7,2026-04-21 11:55:13.424000397,2026,4,21,11:00,55,11:55
46.8,20.7,2026-04-21 11:56:14.700090722,2026,4,21,11:00,56,11:56
46.7,20.8,2026-04-21 11:57:15.322401389,2026,4,21,11:00,57,11:57
47.6,20.8,2026-04-21 11:58:17.428008127,2026,4,21,11:00,58,11:58
46.3,20.9,2026-04-21 11:59:18.413957948,2026,4,21,11:00,59,11:59
46.2,21.0,2026-04-21 12:00:18.530066270,2026,4,21,12:00,0,12:00
46.2,21.1,2026-04-21 12:01:19.575158041,2026,4,21,12:00,1,12:01
46.2,21.1,2026-04-21 12:02:19.684780276,2026,4,21,12:00,2,12:02
46.9,21.1,2026-04-21 12:03:27.685164810,2026,4,21,12:00,3,12:03
46.5,21.2,2026-04-21 12:04:28.393200979,2026,4,21,12:00,4,12:04
46.5,21.3,2026-04-21 12:05:29.340483758,2026,4,21,12:00,5,12:05
45.9,21.3,2026-04-21 12:06:30.354344731,2026,4,21,12:00,6,12:06
46.7,21.3,2026-04-21 12:07:30.493313358,2026,4,21,12:00,7,12:07
46.0,21.4,2026-04-21 12:08:31.096027145,2026,4,21,12:00,8,12:08
45.8,21.4,2026-04-21 12:09:31.504331687,2026,4,21,12:00,9,12:09
47.2,21.5,2026-04-21 12:10:32.161726216,2026,4,21,12:00,10,12:10
45.9,21.5,2026-04-21 12:11:32.546518816,2026,4,21,12:00,11,12:11
45.4,20.3,2026-04-21 13:18:11.104968153,2026,4,21,13:00,18,13:18
46.0,21.3,2026-04-21 13:20:51.254763508,2026,4,21,13:00,20,13:20
71.4,23.7,2026-04-21 13:21:51.290585449,2026,4,21,13:00,21,13:21
42.6,24.4,2026-04-21 13:22:52.544609700,2026,4,21,13:00,22,13:22
41.5,23.8,2026-04-21 13:23:52.688824798,2026,4,21,13:00,23,13:23
41.9,23.1,2026-04-21 13:25:01.224518999,2026,4,21,13:00,25,13:25
42.3,22.6,2026-04-21 13:25:55.992719278,2026,4,21,13:00,25,13:25
42.6,22.1,2026-04-21 13:26:56.809013019,2026,4,21,13:00,26,13:26
45.4,21.1,2026-04-21 14:57:19.816502083,2026,4,21,14:00,57,14:57
45.0,20.6,2026-04-21 14:59:44.131658138,2026,4,21,14:00,59,14:59
45.5,20.0,2026-04-21 15:00:50.734520151,2026,4,21,15:00,0,15:00
45.8,19.9,2026-04-21 15:01:51.322872246,2026,4,21,15:00,1,15:01
45.6,19.7,2026-04-21 15:02:58.328963074,2026,4,21,15:00,2,15:02
45.9,19.7,2026-04-21 15:03:59.796230276,2026,4,21,15:00,3,15:03
46.0,19.6,2026-04-21 15:05:04.289388350,2026,4,21,15:00,5,15:05
46.1,19.5,2026-04-21 15:06:04.578367546,2026,4,21,15:00,6,15:06
46.2,19.5,2026-04-21 15:08:37.461536917,2026,4,21,15:00,8,15:08
46.0,19.5,2026-04-21 15:09:37.680579772,2026,4,21,15:00,9,15:09
46.4,19.5,2026-04-21 15:10:37.817295774,2026,4,21,15:00,10,15:10
46.2,19.5,2026-04-21 15:11:38.090225102,2026,4,21,15:00,11,15:11
46.3,19.5,2026-04-21 15:12:38.115516040,2026,4,21,15:00,12,15:12
46.7,19.5,2026-04-21 15:13:38.110072459,2026,4,21,15:00,13,15:13
46.3,19.5,2026-04-21 15:14:38.369700174,2026,4,21,15:00,14,15:14
46.2,19.5,2026-04-21 15:15:38.683091421,2026,4,21,15:00,15,15:15
46.3,19.5,2026-04-21 15:16:39.247034398,2026,4,21,15:00,16,15:16
46.2,19.5,2026-04-21 15:17:42.788360093,2026,4,21,15:00,17,15:17
46.2,19.5,2026-04-21 15:18:42.913934135,2026,4,21,15:00,18,15:18
46.2,19.5,2026-04-21 15:19:42.998477971,2026,4,21,15:00,19,15:19
46.2,19.5,2026-04-21 15:20:49.832729440,2026,4,21,15:00,20,15:20
46.2,19.5,2026-04-21 15:21:54.399276745,2026,4,21,15:00,21,15:21
46.4,19.5,2026-04-21 15:23:01.304098430,2026,4,21,15:00,23,15:23
46.6,19.5,2026-04-21 15:24:01.559825905,2026,4,21,15:00,24,15:24
46.6,19.5,2026-04-21 15:25:01.776477503,2026,4,21,15:00,25,15:25
46.5,19.6,2026-04-21 15:26:02.182870126,2026,4,21,15:00,26,15:26
46.1,19.6,2026-04-21 15:27:02.521172920,2026,4,21,15:00,27,15:27
46.2,19.6,2026-04-21 15:28:02.936970361,2026,4,21,15:00,28,15:28
46.3,19.6,2026-04-21 15:29:03.135102054,2026,4,21,15:00,29,15:29
46.3,19.6,2026-04-21 15:30:04.403693943,2026,4,21,15:00,30,15:30
46.2,19.7,2026-04-21 15:31:04.943824294,2026,4,21,15:00,31,15:31
46.1,19.7,2026-04-21 15:32:04.924511580,2026,4,21,15:00,32,15:32
46.2,19.7,2026-04-21 15:33:05.191889649,2026,4,21,15:00,33,15:33
46.4,19.7,2026-04-21 15:34:11.045180083,2026,4,21,15:00,34,15:34
46.2,19.7,2026-04-21 15:35:11.254527300,2026,4,21,15:00,35,15:35
46.1,19.7,2026-04-21 15:36:12.622064599,2026,4,21,15:00,36,15:36
46.2,19.7,2026-04-21 15:37:20.184365670,2026,4,21,15:00,37,15:37
46.2,19.7,2026-04-21 15:38:27.189727311,2026,4,21,15:00,38,15:38
46.3,19.7,2026-04-21 15:39:27.691170463,2026,4,21,15:00,39,15:39
46.2,19.6,2026-04-21 15:40:28.110031885,2026,4,21,15:00,40,15:40
46.3,19.6,2026-04-21 15:41:28.177033230,2026,4,21,15:00,41,15:41
46.4,19.6,2026-04-21 15:42:28.186270049,2026,4,21,15:00,42,15:42
46.4,19.5,2026-04-21 15:43:28.570260755,2026,4,21,15:00,43,15:43
46.4,19.6,2026-04-21 15:44:29.132864596,2026,4,21,15:00,44,15:44
46.4,19.6,2026-04-21 15:45:29.486708001,2026,4,21,15:00,45,15:45
46.4,19.5,2026-04-21 15:46:29.964067214,2026,4,21,15:00,46,15:46
46.4,19.6,2026-04-21 15:47:30.361491927,2026,4,21,15:00,47,15:47
46.4,19.5,2026-04-21 15:48:30.995974210,2026,4,21,15:00,48,15:48
46.5,19.5,2026-04-21 15:49:31.086376884,2026,4,21,15:00,49,15:49
47.8,19.5,2026-04-21 15:50:31.654897251,2026,4,21,15:00,50,15:50
47.5,19.5,2026-04-21 15:51:32.211704615,2026,4,21,15:00,51,15:51
47.2,19.5,2026-04-21 15:52:32.776868938,2026,4,21,15:00,52,15:52
47.2,19.5,2026-04-21 15:53:33.005117937,2026,4,21,15:00,53,15:53
46.9,19.5,2026-04-21 15:54:33.134812914,2026,4,21,15:00,54,15:54
47.2,19.5,2026-04-21 15:55:33.323338449,2026,4,21,15:00,55,15:55
47.0,19.5,2026-04-21 15:56:33.505384654,2026,4,21,15:00,56,15:56
47.1,19.5,2026-04-21 15:57:33.794665350,2026,4,21,15:00,57,15:57
47.0,19.5,2026-04-21 15:58:38.594922730,2026,4,21,15:00,58,15:58
47.0,19.5,2026-04-21 15:59:44.737678018,2026,4,21,15:00,59,15:59
47.2,19.5,2026-04-21 16:00:44.838178516,2026,4,21,16:00,0,16:00
47.2,19.5,2026-04-21 16:01:44.861149329,2026,4,21,16:00,1,16:01
47.3,19.5,2026-04-21 16:02:45.197676225,2026,4,21,16:00,2,16:02
47.5,19.5,2026-04-21 16:03:48.287213532,2026,4,21,16:00,3,16:03
47.2,19.5,2026-04-21 16:04:54.162503764,2026,4,21,16:00,4,16:04
47.3,19.5,2026-04-21 16:05:54.433783689,2026,4,21,16:00,5,16:05
47.3,19.5,2026-04-21 16:06:54.505000025,2026,4,21,16:00,6,16:06
47.2,19.5,2026-04-21 16:07:55.829232757,2026,4,21,16:00,7,16:07
47.3,19.5,2026-04-21 16:08:56.262018024,2026,4,21,16:00,8,16:08
47.2,19.5,2026-04-21 16:09:56.501438873,2026,4,21,16:00,9,16:09
47.2,19.5,2026-04-21 16:10:56.673336696,2026,4,21,16:00,10,16:10
47.3,19.5,2026-04-21 16:11:58.590341197,2026,4,21,16:00,11,16:11
47.4,19.5,2026-04-21 16:12:59.268686192,2026,4,21,16:00,12,16:12
47.3,19.5,2026-04-21 16:13:59.550607008,2026,4,21,16:00,13,16:13
47.3,19.5,2026-04-21 16:14:59.573464132,2026,4,21,16:00,14,16:14
47.5,19.5,2026-04-21 16:15:59.780562399,2026,4,21,16:00,15,16:15
47.5,19.5,2026-04-21 16:16:59.812776407,2026,4,21,16:00,16,16:16
47.3,19.5,2026-04-21 16:18:00.388672525,2026,4,21,16:00,18,16:18
47.5,19.4,2026-04-21 16:19:00.664149492,2026,4,21,16:00,19,16:19
47.4,19.4,2026-04-21 16:20:03.274456592,2026,4,21,16:00,20,16:20
47.3,19.4,2026-04-21 16:21:10.173432375,2026,4,21,16:00,21,16:21
48.0,19.5,2026-04-21 16:22:17.389525698,2026,4,21,16:00,22,16:22
47.5,19.5,2026-04-21 16:23:17.690012913,2026,4,21,16:00,23,16:23
47.5,19.5,2026-04-21 16:24:17.722785276,2026,4,21,16:00,24,16:24
47.6,19.5,2026-04-21 16:25:18.280455097,2026,4,21,16:00,25,16:25
47.5,19.5,2026-04-21 16:26:18.703129135,2026,4,21,16:00,26,16:26
48.5,19.7,2026-04-21 16:27:18.897485329,2026,4,21,16:00,27,16:27
47.5,19.7,2026-04-21 16:28:19.334608226,2026,4,21,16:00,28,16:28
47.2,19.7,2026-04-21 16:29:19.728213415,2026,4,21,16:00,29,16:29
47.7,19.7,2026-04-21 16:30:19.759845688,2026,4,21,16:00,30,16:30
47.3,19.7,2026-04-21 16:31:20.351025042,2026,4,21,16:00,31,16:31
47.4,19.5,2026-04-21 16:32:20.926426212,2026,4,21,16:00,32,16:32
47.4,19.5,2026-04-21 16:33:21.336832694,2026,4,21,16:00,33,16:33
47.5,19.5,2026-04-21 16:34:21.722203105,2026,4,21,16:00,34,16:34
47.7,19.5,2026-04-21 16:35:25.611975060,2026,4,21,16:00,35,16:35
47.8,19.5,2026-04-21 16:36:32.996513726,2026,4,21,16:00,36,16:36
48.0,19.5,2026-04-21 16:37:33.250426672,2026,4,21,16:00,37,16:37
48.2,19.5,2026-04-21 16:38:33.428352420,2026,4,21,16:00,38,16:38
47.9,19.5,2026-04-21 16:39:36.794622212,2026,4,21,16:00,39,16:39
48.1,19.7,2026-04-21 16:40:37.479232229,2026,4,21,16:00,40,16:40
48.5,19.7,2026-04-21 16:41:37.582304135,2026,4,21,16:00,41,16:41
48.2,19.7,2026-04-21 16:42:37.917774648,2026,4,21,16:00,42,16:42
48.0,19.7,2026-04-21 16:43:41.672365890,2026,4,21,16:00,43,16:43
47.9,19.7,2026-04-21 16:44:42.212051431,2026,4,21,16:00,44,16:44
47.8,19.7,2026-04-21 16:45:42.228113513,2026,4,21,16:00,45,16:45
47.9,19.7,2026-04-21 16:46:45.355114566,2026,4,21,16:00,46,16:46
47.7,19.7,2026-04-21 16:47:52.862178061,2026,4,21,16:00,47,16:47
47.8,19.7,2026-04-21 16:48:53.435910062,2026,4,21,16:00,48,16:48
47.9,19.7,2026-04-21 16:49:54.261014632,2026,4,21,16:00,49,16:49
47.9,19.7,2026-04-21 16:50:57.016732783,2026,4,21,16:00,50,16:50
47.8,19.7,2026-04-21 16:51:56.130019415,2026,4,21,16:00,51,16:51
47.7,19.7,2026-04-21 16:52:56.463583999,2026,4,21,16:00,52,16:52
47.9,19.7,2026-04-21 16:53:56.511722369,2026,4,21,16:00,53,16:53
48.0,19.7,2026-04-21 16:54:57.120338570,2026,4,21,16:00,54,16:54
47.9,19.7,2026-04-21 16:55:57.676487188,2026,4,21,16:00,55,16:55
48.0,19.7,2026-04-21 16:56:58.168205358,2026,4,21,16:00,56,16:56
48.0,19.7,2026-04-21 16:58:04.288730001,2026,4,21,16:00,58,16:58
48.0,19.7,2026-04-21 16:59:04.786465507,2026,4,21,16:00,59,16:59
48.0,19.7,2026-04-21 17:00:05.200231413,2026,4,21,17:00,0,17:00
47.9,19.7,2026-04-21 17:01:09.176387960,2026,4,21,17:00,1,17:01
47.9,19.7,2026-04-21 17:02:11.501380753,2026,4,21,17:00,2,17:02
47.9,19.7,2026-04-21 17:03:12.017647999,2026,4,21,17:00,3,17:03
48.0,19.7,2026-04-21 17:04:12.051109214,2026,4,21,17:00,4,17:04
47.9,19.7,2026-04-21 17:05:12.485147450,2026,4,21,17:00,5,17:05
46.7,18.9,2026-04-22 05:43:31.675756761,2026,4,22,05:00,43,05:43
46.8,18.9,2026-04-22 05:44:33.544366444,2026,4,22,05:00,44,05:44
46.5,18.9,2026-04-22 05:45:33.735530004,2026,4,22,05:00,45,05:45
46.5,18.9,2026-04-22 05:47:42.108475394,2026,4,22,05:00,47,05:47
46.3,19.0,2026-04-22 05:48:49.780948299,2026,4,22,05:00,48,05:48
46.1,19.1,2026-04-22 05:49:50.124879021,2026,4,22,05:00,49,05:49
46.0,19.1,2026-04-22 05:50:53.084694463,2026,4,22,05:00,50,05:50
45.8,19.2,2026-04-22 05:51:53.322292965,2026,4,22,05:00,51,05:51
45.8,19.2,2026-04-22 05:52:58.019255766,2026,4,22,05:00,52,05:52
45.8,19.2,2026-04-22 05:53:58.669273949,2026,4,22,05:00,53,05:53
45.6,19.3,2026-04-22 05:54:59.227604155,2026,4,22,05:00,54,05:54
45.5,19.3,2026-04-22 05:55:59.798034820,2026,4,22,05:00,55,05:55
45.4,19.3,2026-04-22 05:56:59.902572189,2026,4,22,05:00,56,05:56
45.4,19.3,2026-04-22 05:58:00.221489266,2026,4,22,05:00,58,05:58
45.0,19.3,2026-04-22 05:59:05.381332125,2026,4,22,05:00,59,05:59
45.0,19.3,2026-04-22 06:00:05.405338949,2026,4,22,06:00,0,06:00
44.5,19.2,2026-04-22 06:01:05.709307864,2026,4,22,06:00,1,06:01
44.8,19.3,2026-04-22 06:02:05.844710959,2026,4,22,06:00,2,06:02
44.7,19.3,2026-04-22 06:03:05.948918663,2026,4,22,06:00,3,06:03
44.5,19.3,2026-04-22 06:04:06.548969776,2026,4,22,06:00,4,06:04
43.9,19.3,2026-04-22 06:05:07.096111773,2026,4,22,06:00,5,06:05
44.1,19.3,2026-04-22 06:06:07.122963210,2026,4,22,06:00,6,06:06
43.4,19.3,2026-04-22 06:07:07.523764612,2026,4,22,06:00,7,06:07
43.3,19.3,2026-04-22 06:08:09.271908646,2026,4,22,06:00,8,06:08
43.0,19.4,2026-04-22 06:09:09.471465805,2026,4,22,06:00,9,06:09
43.4,19.3,2026-04-22 06:10:10.094369099,2026,4,22,06:00,10,06:10
43.2,19.3,2026-04-22 06:11:10.554208995,2026,4,22,06:00,11,06:11
42.9,19.3,2026-04-22 06:12:10.641585298,2026,4,22,06:00,12,06:12
42.6,19.3,2026-04-22 06:13:11.072561307,2026,4,22,06:00,13,06:13
41.8,19.3,2026-04-22 06:14:11.395868814,2026,4,22,06:00,14,06:14
42.2,19.2,2026-04-22 06:15:13.095769904,2026,4,22,06:00,15,06:15
41.4,19.2,2026-04-22 06:16:14.820967080,2026,4,22,06:00,16,06:16
41.8,19.2,2026-04-22 06:17:17.074842187,2026,4,22,06:00,17,06:17
40.0,19.1,2026-04-22 06:18:24.192963285,2026,4,22,06:00,18,06:18
40.4,19.1,2026-04-22 06:19:17.281374168,2026,4,22,06:00,19,06:19
39.2,19.1,2026-04-22 06:20:23.116182797,2026,4,22,06:00,20,06:20
39.1,19.1,2026-04-22 06:21:23.311747449,2026,4,22,06:00,21,06:21
39.2,19.1,2026-04-22 06:22:23.624765057,2026,4,22,06:00,22,06:22
39.7,19.1,2026-04-22 06:23:26.920685287,2026,4,22,06:00,23,06:23
39.9,19.1,2026-04-22 06:24:27.007864595,2026,4,22,06:00,24,06:24
40.4,19.1,2026-04-22 06:25:33.208033587,2026,4,22,06:00,25,06:25
39.2,19.2,2026-04-22 06:26:33.609629946,2026,4,22,06:00,26,06:26
39.2,19.2,2026-04-22 06:27:33.940079469,2026,4,22,06:00,27,06:27
39.1,19.1,2026-04-22 06:28:34.162723256,2026,4,22,06:00,28,06:28
38.4,19.1,2026-04-22 06:29:40.233899914,2026,4,22,06:00,29,06:29
39.1,19.0,2026-04-22 06:30:47.517529647,2026,4,22,06:00,30,06:30
38.7,19.0,2026-04-22 06:31:47.970993527,2026,4,22,06:00,31,06:31
38.9,19.0,2026-04-22 06:32:48.358233677,2026,4,22,06:00,32,06:32
39.5,19.0,2026-04-22 06:33:55.644433079,2026,4,22,06:00,33,06:33
39.4,19.0,2026-04-22 06:34:48.641986080,2026,4,22,06:00,34,06:34
38.7,19.0,2026-04-22 06:35:51.911375719,2026,4,22,06:00,35,06:35
38.5,19.0,2026-04-22 06:36:52.971840643,2026,4,22,06:00,36,06:36
39.2,19.0,2026-04-22 06:37:56.094383106,2026,4,22,06:00,37,06:37
39.3,19.1,2026-04-22 06:38:56.432322896,2026,4,22,06:00,38,06:38
39.3,19.1,2026-04-22 06:39:56.682583053,2026,4,22,06:00,39,06:39
39.1,19.1,2026-04-22 06:41:00.077217735,2026,4,22,06:00,41,06:41
38.9,19.1,2026-04-22 06:42:00.280691574,2026,4,22,06:00,42,06:42
38.7,19.1,2026-04-22 06:43:00.284662091,2026,4,22,06:00,43,06:43
38.9,19.1,2026-04-22 06:44:00.453872826,2026,4,22,06:00,44,06:44
38.4,19.1,2026-04-22 06:45:00.601094929,2026,4,22,06:00,45,06:45
38.5,19.1,2026-04-22 06:46:00.819458661,2026,4,22,06:00,46,06:46
38.5,19.1,2026-04-22 06:47:01.854424459,2026,4,22,06:00,47,06:47
38.5,19.1,2026-04-22 06:48:02.246497089,2026,4,22,06:00,48,06:48
38.7,19.1,2026-04-22 06:49:02.689378312,2026,4,22,06:00,49,06:49
38.2,19.1,2026-04-22 06:50:03.061420447,2026,4,22,06:00,50,06:50
38.3,19.1,2026-04-22 06:51:03.804106333,2026,4,22,06:00,51,06:51
37.5,19.1,2026-04-22 06:52:57.322314330,2026,4,22,06:00,52,06:52
37.8,19.1,2026-04-22 06:53:50.431507214,2026,4,22,06:00,53,06:53
37.8,19.1,2026-04-22 06:54:57.415774588,2026,4,22,06:00,54,06:54
37.8,19.1,2026-04-22 06:55:57.310765016,2026,4,22,06:00,55,06:55
38.2,19.2,2026-04-22 06:56:50.347403538,2026,4,22,06:00,56,06:56
37.5,19.2,2026-04-22 06:57:57.401771257,2026,4,22,06:00,57,06:57
38.3,19.1,2026-04-22 06:59:51.231878207,2026,4,22,06:00,59,06:59
38.4,19.1,2026-04-22 07:00:58.718089029,2026,4,22,07:00,0,07:00
37.2,19.1,2026-04-22 07:01:58.712687722,2026,4,22,07:00,1,07:01
38.2,19.1,2026-04-22 07:03:38.644557115,2026,4,22,07:00,3,07:03
38.6,19.1,2026-04-22 07:04:38.650598811,2026,4,22,07:00,4,07:04
37.3,19.1,2026-04-22 07:05:38.724866536,2026,4,22,07:00,5,07:05
38.1,19.1,2026-04-22 07:06:38.672081754,2026,4,22,07:00,6,07:06
37.9,19.1,2026-04-22 07:07:38.686194246,2026,4,22,07:00,7,07:07
38.5,19.1,2026-04-22 07:08:38.674317646,2026,4,22,07:00,8,07:08
38.1,19.1,2026-04-22 07:10:42.140716578,2026,4,22,07:00,10,07:10
38.1,19.1,2026-04-22 07:11:41.725305415,2026,4,22,07:00,11,07:11
37.6,19.1,2026-04-22 07:12:49.158058248,2026,4,22,07:00,12,07:12
37.5,19.1,2026-04-22 07:13:42.134762722,2026,4,22,07:00,13,07:13
38.0,19.1,2026-04-22 07:14:48.810558508,2026,4,22,07:00,14,07:14
37.5,19.1,2026-04-22 07:17:11.858832517,2026,4,22,07:00,17,07:17
37.8,19.1,2026-04-22 07:18:19.376404122,2026,4,22,07:00,18,07:18
37.5,19.1,2026-04-22 07:19:12.341109682,2026,4,22,07:00,19,07:19
38.0,19.1,2026-04-22 07:20:42.909266506,2026,4,22,07:00,20,07:20
38.0,19.1,2026-04-22 07:21:43.353607959,2026,4,22,07:00,21,07:21
38.2,19.1,2026-04-22 07:23:35.875099068,2026,4,22,07:00,23,07:23
38.2,19.1,2026-04-22 07:24:43.345768181,2026,4,22,07:00,24,07:24
38.3,19.1,2026-04-22 07:26:51.223938384,2026,4,22,07:00,26,07:26
38.0,19.1,2026-04-22 07:27:58.641452837,2026,4,22,07:00,27,07:27
38.1,19.1,2026-04-22 07:28:59.016866976,2026,4,22,07:00,28,07:28
38.1,19.1,2026-04-22 07:29:58.658063997,2026,4,22,07:00,29,07:29
38.1,19.5,2026-04-22 07:42:29.884055842,2026,4,22,07:00,42,07:42
37.6,19.5,2026-04-22 07:43:31.953955635,2026,4,22,07:00,43,07:43
37.8,19.4,2026-04-22 07:44:34.775083515,2026,4,22,07:00,44,07:44
37.5,19.4,2026-04-22 07:45:42.217348998,2026,4,22,07:00,45,07:45
37.7,19.4,2026-04-22 07:46:41.787076885,2026,4,22,07:00,46,07:46
37.5,19.4,2026-04-22 07:47:34.771516542,2026,4,22,07:00,47,07:47
37.6,19.4,2026-04-22 07:48:34.761349009,2026,4,22,07:00,48,07:48
37.3,19.4,2026-04-22 07:49:34.760886802,2026,4,22,07:00,49,07:49
37.5,19.4,2026-04-22 07:50:42.226092875,2026,4,22,07:00,50,07:50
37.6,19.4,2026-04-22 07:51:41.776603481,2026,4,22,07:00,51,07:51
37.6,19.4,2026-04-22 07:52:34.804533369,2026,4,22,07:00,52,07:52
37.5,19.4,2026-04-22 07:53:34.772339576,2026,4,22,07:00,53,07:53
37.6,19.4,2026-04-22 07:54:42.197159767,2026,4,22,07:00,54,07:54
37.7,19.4,2026-04-22 07:55:35.163220497,2026,4,22,07:00,55,07:55
37.8,19.4,2026-04-22 07:56:41.907548897,2026,4,22,07:00,56,07:56
37.9,19.4,2026-04-22 07:57:42.192462498,2026,4,22,07:00,57,07:57
37.9,19.4,2026-04-22 07:58:35.157355636,2026,4,22,07:00,58,07:58
38.1,19.4,2026-04-22 07:59:40.956085130,2026,4,22,07:00,59,07:59
38.0,19.4,2026-04-22 08:00:48.508915222,2026,4,22,08:00,0,08:00
37.8,19.4,2026-04-22 08:01:48.385633387,2026,4,22,08:00,1,08:01
38.0,19.4,2026-04-22 08:02:48.583113855,2026,4,22,08:00,2,08:02
38.1,19.4,2026-04-22 08:03:40.943545151,2026,4,22,08:00,3,08:03
38.2,19.4,2026-04-22 08:04:42.603773933,2026,4,22,08:00,4,08:04
38.2,19.4,2026-04-22 08:05:50.027930315,2026,4,22,08:00,5,08:05
38.4,19.3,2026-04-22 08:06:49.775576954,2026,4,22,08:00,6,08:06
38.4,19.3,2026-04-22 08:07:50.016349394,2026,4,22,08:00,7,08:07
38.4,19.3,2026-04-22 08:08:50.033728147,2026,4,22,08:00,8,08:08
38.4,19.3,2026-04-22 08:09:50.003413224,2026,4,22,08:00,9,08:09
38.5,19.3,2026-04-22 08:10:42.984677289,2026,4,22,08:00,10,08:10
38.5,19.3,2026-04-22 08:11:49.630721868,2026,4,22,08:00,11,08:11
38.5,19.3,2026-04-22 08:12:50.175572241,2026,4,22,08:00,12,08:12
38.6,19.3,2026-04-22 08:13:50.039284109,2026,4,22,08:00,13,08:13
38.7,19.3,2026-04-22 08:14:42.988765634,2026,4,22,08:00,14,08:14
38.6,19.3,2026-04-22 08:15:49.997640935,2026,4,22,08:00,15,08:15
38.6,19.3,2026-04-22 08:16:49.664321415,2026,4,22,08:00,16,08:16
38.6,19.2,2026-04-22 08:17:50.166368351,2026,4,22,08:00,17,08:17
38.7,19.2,2026-04-22 08:18:42.954076797,2026,4,22,08:00,18,08:18
38.6,19.2,2026-04-22 08:19:50.309588959,2026,4,22,08:00,19,08:19
38.9,19.2,2026-04-22 08:20:50.078775065,2026,4,22,08:00,20,08:20
38.9,19.2,2026-04-22 08:21:50.132725313,2026,4,22,08:00,21,08:21
38.9,19.2,2026-04-22 08:22:49.680952470,2026,4,22,08:00,22,08:22
38.9,19.2,2026-04-22 08:23:44.460381984,2026,4,22,08:00,23,08:23
39.0,19.2,2026-04-22 08:24:51.868739407,2026,4,22,08:00,24,08:24
39.0,19.2,2026-04-22 08:25:51.851419867,2026,4,22,08:00,25,08:25
39.1,19.2,2026-04-22 08:26:51.783490559,2026,4,22,08:00,26,08:26
39.1,19.2,2026-04-22 08:27:51.872919695,2026,4,22,08:00,27,08:27
39.1,19.2,2026-04-22 08:28:51.949719202,2026,4,22,08:00,28,08:28
39.2,19.2,2026-04-22 08:29:51.843000152,2026,4,22,08:00,29,08:29
39.2,19.2,2026-04-22 08:30:51.844412736,2026,4,22,08:00,30,08:30
39.1,19.2,2026-04-22 08:31:51.837357384,2026,4,22,08:00,31,08:31
39.3,19.2,2026-04-22 08:32:51.873516775,2026,4,22,08:00,32,08:32
39.5,19.2,2026-04-22 08:33:51.856403458,2026,4,22,08:00,33,08:33
39.5,19.2,2026-04-22 08:34:51.899269711,2026,4,22,08:00,34,08:34
39.6,19.2,2026-04-22 08:35:44.854367511,2026,4,22,08:00,35,08:35
39.6,19.2,2026-04-22 08:36:51.868044452,2026,4,22,08:00,36,08:36
39.6,19.2,2026-04-22 08:37:44.842991338,2026,4,22,08:00,37,08:37
39.7,19.2,2026-04-22 08:38:51.938747915,2026,4,22,08:00,38,08:38
39.7,19.2,2026-04-22 08:39:44.836212153,2026,4,22,08:00,39,08:39
39.7,19.2,2026-04-22 08:40:44.844648228,2026,4,22,08:00,40,08:40
39.8,19.2,2026-04-22 08:41:51.884490885,2026,4,22,08:00,41,08:41
39.8,19.2,2026-04-22 08:42:51.839909270,2026,4,22,08:00,42,08:42
39.8,19.2,2026-04-22 08:43:51.877053330,2026,4,22,08:00,43,08:43
39.9,19.2,2026-04-22 08:44:51.887207129,2026,4,22,08:00,44,08:44
40.0,19.3,2026-04-22 08:45:51.849498591,2026,4,22,08:00,45,08:45
40.0,19.3,2026-04-22 08:46:51.859075757,2026,4,22,08:00,46,08:46
40.1,19.3,2026-04-22 08:47:51.850530375,2026,4,22,08:00,47,08:47
40.1,19.4,2026-04-22 08:48:52.271086611,2026,4,22,08:00,48,08:48
40.1,19.4,2026-04-22 08:49:51.872864671,2026,4,22,08:00,49,08:49
40.2,19.4,2026-04-22 08:50:51.854302585,2026,4,22,08:00,50,08:50
40.2,19.4,2026-04-22 08:51:51.778441160,2026,4,22,08:00,51,08:51
40.2,19.4,2026-04-22 08:52:44.837224041,2026,4,22,08:00,52,08:52
40.3,19.5,2026-04-22 08:53:52.006274041,2026,4,22,08:00,53,08:53
40.3,19.5,2026-04-22 08:54:44.831475031,2026,4,22,08:00,54,08:54
40.3,19.5,2026-04-22 08:55:51.849889846,2026,4,22,08:00,55,08:55
40.3,19.5,2026-04-22 08:56:51.865033947,2026,4,22,08:00,56,08:56
40.3,19.5,2026-04-22 08:57:51.884686514,2026,4,22,08:00,57,08:57
40.4,19.5,2026-04-22 08:58:51.749664903,2026,4,22,08:00,58,08:58
40.4,19.5,2026-04-22 08:59:51.897377641,2026,4,22,08:00,59,08:59
40.3,19.5,2026-04-22 09:00:44.834212958,2026,4,22,09:00,0,09:00
40.5,19.5,2026-04-22 09:01:51.755820108,2026,4,22,09:00,1,09:01
40.5,19.5,2026-04-22 09:02:51.843705545,2026,4,22,09:00,2,09:02
40.4,19.5,2026-04-22 09:03:51.880721631,2026,4,22,09:00,3,09:03
40.5,19.5,2026-04-22 09:04:44.822043167,2026,4,22,09:00,4,09:04
40.5,19.5,2026-04-22 09:05:51.841373793,2026,4,22,09:00,5,09:05
40.5,19.5,2026-04-22 09:06:44.818833710,2026,4,22,09:00,6,09:06
40.6,19.5,2026-04-22 09:07:51.843301876,2026,4,22,09:00,7,09:07
40.7,19.5,2026-04-22 09:08:51.841810683,2026,4,22,09:00,8,09:08
40.6,19.5,2026-04-22 09:09:51.881281918,2026,4,22,09:00,9,09:09
40.6,19.5,2026-04-22 09:10:51.871090515,2026,4,22,09:00,10,09:10
40.6,19.5,2026-04-22 09:11:45.054776314,2026,4,22,09:00,11,09:11
40.7,19.5,2026-04-22 09:12:52.046372718,2026,4,22,09:00,12,09:12
40.7,19.5,2026-04-22 09:13:44.889720037,2026,4,22,09:00,13,09:13
40.7,19.5,2026-04-22 09:14:51.870485785,2026,4,22,09:00,14,09:14
40.9,19.5,2026-04-22 09:15:51.940470501,2026,4,22,09:00,15,09:15
40.9,19.5,2026-04-22 09:16:51.979860940,2026,4,22,09:00,16,09:16
40.8,19.5,2026-04-22 09:17:52.424954442,2026,4,22,09:00,17,09:17
40.8,19.5,2026-04-22 09:18:52.344291083,2026,4,22,09:00,18,09:18
40.9,19.5,2026-04-22 09:19:52.133648672,2026,4,22,09:00,19,09:19
40.9,19.5,2026-04-22 09:20:52.392136284,2026,4,22,09:00,20,09:20
41.0,19.5,2026-04-22 09:21:52.090065925,2026,4,22,09:00,21,09:21
41.1,19.5,2026-04-22 09:22:45.284645571,2026,4,22,09:00,22,09:22
41.1,19.5,2026-04-22 09:23:51.873996862,2026,4,22,09:00,23,09:23
41.1,19.5,2026-04-22 09:24:49.838782940,2026,4,22,09:00,24,09:24
41.0,19.5,2026-04-22 09:25:57.411313005,2026,4,22,09:00,25,09:25
41.1,19.5,2026-04-22 09:26:57.220520593,2026,4,22,09:00,26,09:26
41.1,19.5,2026-04-22 09:27:57.287095386,2026,4,22,09:00,27,09:27
41.1,19.5,2026-04-22 09:28:57.413063186,2026,4,22,09:00,28,09:28
41.2,19.5,2026-04-22 09:29:59.337099977,2026,4,22,09:00,29,09:29
41.2,19.5,2026-04-22 09:31:06.753651304,2026,4,22,09:00,31,09:31
41.3,19.5,2026-04-22 09:32:06.849601570,2026,4,22,09:00,32,09:32
41.4,19.5,2026-04-22 09:33:06.745277792,2026,4,22,09:00,33,09:33
41.4,19.6,2026-04-22 09:34:01.752308255,2026,4,22,09:00,34,09:34
41.5,19.6,2026-04-22 09:35:09.097252313,2026,4,22,09:00,35,09:35
41.6,19.6,2026-04-22 09:36:09.202447050,2026,4,22,09:00,36,09:36
41.6,19.6,2026-04-22 09:37:09.167774846,2026,4,22,09:00,37,09:37
41.6,19.6,2026-04-22 09:38:09.194451658,2026,4,22,09:00,38,09:38
41.8,19.6,2026-04-22 09:39:01.749192109,2026,4,22,09:00,39,09:39
41.7,19.7,2026-04-22 09:40:09.295600061,2026,4,22,09:00,40,09:40
41.9,19.7,2026-04-22 09:41:09.216275644,2026,4,22,09:00,41,09:41
42.1,19.7,2026-04-22 09:42:09.209725199,2026,4,22,09:00,42,09:42
42.0,19.7,2026-04-22 09:43:08.784259223,2026,4,22,09:00,43,09:43
41.9,19.7,2026-04-22 09:44:09.211326755,2026,4,22,09:00,44,09:44
41.9,19.7,2026-04-22 09:45:09.232361761,2026,4,22,09:00,45,09:45
41.9,19.7,2026-04-22 09:46:09.204012559,2026,4,22,09:00,46,09:46
42.0,19.7,2026-04-22 09:47:09.202912565,2026,4,22,09:00,47,09:47
41.9,19.7,2026-04-22 09:48:02.154962473,2026,4,22,09:00,48,09:48
42.0,19.7,2026-04-22 09:49:09.158149199,2026,4,22,09:00,49,09:49
42.0,19.7,2026-04-22 09:50:09.166179196,2026,4,22,09:00,50,09:50
42.0,19.7,2026-04-22 09:51:03.468294971,2026,4,22,09:00,51,09:51
42.1,19.8,2026-04-22 09:52:10.906687429,2026,4,22,09:00,52,09:52
42.1,19.8,2026-04-22 09:53:03.866432033,2026,4,22,09:00,53,09:53
42.2,19.8,2026-04-22 09:54:11.034650361,2026,4,22,09:00,54,09:54
42.0,19.8,2026-04-22 09:55:10.874515481,2026,4,22,09:00,55,09:55
42.1,19.8,2026-04-22 09:56:10.768080119,2026,4,22,09:00,56,09:56
42.1,19.8,2026-04-22 09:57:10.489174591,2026,4,22,09:00,57,09:57
42.0,19.8,2026-04-22 09:58:05.410295147,2026,4,22,09:00,58,09:58
42.1,19.8,2026-04-22 09:59:05.791898797,2026,4,22,09:00,59,09:59
42.1,19.8,2026-04-22 10:00:05.918278147,2026,4,22,10:00,0,10:00
42.2,19.8,2026-04-22 10:01:06.307242854,2026,4,22,10:00,1,10:01
42.2,19.8,2026-04-22 10:02:06.107230190,2026,4,22,10:00,2,10:02
42.1,19.9,2026-04-22 10:03:06.298737175,2026,4,22,10:00,3,10:03
42.2,19.9,2026-04-22 10:04:06.599993118,2026,4,22,10:00,4,10:04
42.2,19.9,2026-04-22 10:05:13.625463460,2026,4,22,10:00,5,10:05
42.3,19.9,2026-04-22 10:06:13.654483328,2026,4,22,10:00,6,10:06
42.3,19.9,2026-04-22 10:07:07.014766416,2026,4,22,10:00,7,10:07
86.0,21.2,2026-04-22 10:08:06.222216820,2026,4,22,10:00,8,10:08
88.1,23.1,2026-04-22 10:09:13.635268520,2026,4,22,10:00,9,10:09
83.1,23.8,2026-04-22 10:10:07.378485006,2026,4,22,10:00,10,10:10
45.9,23.4,2026-04-22 10:11:14.790380753,2026,4,22,10:00,11,10:11
43.4,22.6,2026-04-22 10:12:07.698029211,2026,4,22,10:00,12,10:12
42.6,22.0,2026-04-22 10:13:14.797039041,2026,4,22,10:00,13,10:13
42.1,21.5,2026-04-22 10:14:14.703740286,2026,4,22,10:00,14,10:14
42.2,21.2,2026-04-22 10:15:13.596956121,2026,4,22,10:00,15,10:15
42.0,20.9,2026-04-22 10:16:20.608616433,2026,4,22,10:00,16,10:16
42.0,20.8,2026-04-22 10:17:21.021192427,2026,4,22,10:00,17,10:17
42.3,20.6,2026-04-22 10:18:13.989561501,2026,4,22,10:00,18,10:18
42.2,20.5,2026-04-22 10:19:21.024236213,2026,4,22,10:00,19,10:19
42.1,20.5,2026-04-22 10:20:21.035780420,2026,4,22,10:00,20,10:20
41.4,20.5,2026-04-22 10:21:21.002329420,2026,4,22,10:00,21,10:21
41.1,20.3,2026-04-22 10:22:20.999304322,2026,4,22,10:00,22,10:22
41.0,20.3,2026-04-22 10:23:13.988066289,2026,4,22,10:00,23,10:23
41.0,20.2,2026-04-22 10:24:21.026595478,2026,4,22,10:00,24,10:24
40.8,20.2,2026-04-22 10:25:20.995275068,2026,4,22,10:00,25,10:25
39.9,20.1,2026-04-22 10:26:13.997198119,2026,4,22,10:00,26,10:26
39.8,20.1,2026-04-22 10:27:21.031175600,2026,4,22,10:00,27,10:27
39.9,20.0,2026-04-22 10:28:13.986919975,2026,4,22,10:00,28,10:28
40.2,20.0,2026-04-22 10:29:21.027109792,2026,4,22,10:00,29,10:29
40.1,20.0,2026-04-22 10:30:21.176102787,2026,4,22,10:00,30,10:30
40.2,20.0,2026-04-22 10:31:21.003401778,2026,4,22,10:00,31,10:31
40.1,20.0,2026-04-22 10:32:20.967420141,2026,4,22,10:00,32,10:32
40.2,20.0,2026-04-22 10:33:13.976506015,2026,4,22,10:00,33,10:33
40.1,20.0,2026-04-22 10:34:20.916552063,2026,4,22,10:00,34,10:34
40.2,20.0,2026-04-22 10:35:20.997974059,2026,4,22,10:00,35,10:35
40.4,20.0,2026-04-22 10:36:21.001443979,2026,4,22,10:00,36,10:36
40.3,20.0,2026-04-22 10:37:20.999609370,2026,4,22,10:00,37,10:37
40.2,20.0,2026-04-22 10:38:21.030812448,2026,4,22,10:00,38,10:38
40.4,20.0,2026-04-22 10:39:13.998635368,2026,4,22,10:00,39,10:39
40.5,20.0,2026-04-22 10:40:13.974686639,2026,4,22,10:00,40,10:40
40.6,20.0,2026-04-22 10:41:13.584814711,2026,4,22,10:00,41,10:41
40.6,20.0,2026-04-22 10:42:20.136400104,2026,4,22,10:00,42,10:42
40.6,20.0,2026-04-22 10:43:20.918990602,2026,4,22,10:00,43,10:43
40.7,20.0,2026-04-22 10:44:20.996018427,2026,4,22,10:00,44,10:44
40.5,20.0,2026-04-22 10:45:21.061657680,2026,4,22,10:00,45,10:45
40.7,20.0,2026-04-22 10:46:21.017518498,2026,4,22,10:00,46,10:46
40.8,20.0,2026-04-22 10:47:21.039709794,2026,4,22,10:00,47,10:47
40.8,20.0,2026-04-22 10:48:20.981543660,2026,4,22,10:00,48,10:48
40.9,20.0,2026-04-22 10:49:21.005825440,2026,4,22,10:00,49,10:49
40.9,20.0,2026-04-22 10:50:21.266886079,2026,4,22,10:00,50,10:50
40.9,20.0,2026-04-22 10:51:21.117174721,2026,4,22,10:00,51,10:51
41.0,20.0,2026-04-22 10:52:21.187658164,2026,4,22,10:00,52,10:52
41.1,20.0,2026-04-22 10:53:21.102455442,2026,4,22,10:00,53,10:53
41.0,20.0,2026-04-22 10:54:13.990372181,2026,4,22,10:00,54,10:54
41.2,20.0,2026-04-22 10:55:14.129942872,2026,4,22,10:00,55,10:55
41.2,20.0,2026-04-22 10:56:20.915553444,2026,4,22,10:00,56,10:56
41.2,20.0,2026-04-22 10:57:13.978542303,2026,4,22,10:00,57,10:57
41.3,20.0,2026-04-22 10:58:20.997446560,2026,4,22,10:00,58,10:58
41.3,20.0,2026-04-22 10:59:13.970401817,2026,4,22,10:00,59,10:59
41.3,20.0,2026-04-22 11:00:20.997632414,2026,4,22,11:00,0,11:00
41.5,20.0,2026-04-22 11:01:21.019233498,2026,4,22,11:00,1,11:01
41.4,20.0,2026-04-22 11:02:20.997541786,2026,4,22,11:00,2,11:02
41.3,20.0,2026-04-22 11:03:21.104504729,2026,4,22,11:00,3,11:03
41.5,20.0,2026-04-22 11:04:21.025116099,2026,4,22,11:00,4,11:04
41.4,20.1,2026-04-22 11:05:43.002790199,2026,4,22,11:00,5,11:05
41.5,20.0,2026-04-22 11:06:42.995218485,2026,4,22,11:00,6,11:06
41.4,20.0,2026-04-22 11:07:35.567120918,2026,4,22,11:00,7,11:07
41.5,20.0,2026-04-22 11:08:43.049715453,2026,4,22,11:00,8,11:08
41.4,20.0,2026-04-22 11:09:42.756686984,2026,4,22,11:00,9,11:09
41.4,20.1,2026-04-22 11:10:43.007605600,2026,4,22,11:00,10,11:10
41.4,20.1,2026-04-22 11:11:36.191143110,2026,4,22,11:00,11,11:11
41.3,20.1,2026-04-22 11:12:43.076219163,2026,4,22,11:00,12,11:12
41.6,20.0,2026-04-22 11:14:30.292406815,2026,4,22,11:00,14,11:14
41.5,20.0,2026-04-22 11:15:37.719509704,2026,4,22,11:00,15,11:15
41.7,20.0,2026-04-22 11:16:37.784612592,2026,4,22,11:00,16,11:16
41.7,20.0,2026-04-22 11:17:37.733326853,2026,4,22,11:00,17,11:17
41.7,20.0,2026-04-22 11:18:37.296861909,2026,4,22,11:00,18,11:18
41.7,20.0,2026-04-22 11:19:37.934361175,2026,4,22,11:00,19,11:19
41.7,20.0,2026-04-22 11:20:37.964233730,2026,4,22,11:00,20,11:20
41.7,20.0,2026-04-22 11:21:37.744578113,2026,4,22,11:00,21,11:21
41.7,20.0,2026-04-22 11:22:37.915379942,2026,4,22,11:00,22,11:22
41.7,20.0,2026-04-22 11:23:37.360836520,2026,4,22,11:00,23,11:23
41.8,20.0,2026-04-22 11:24:37.800981043,2026,4,22,11:00,24,11:24
41.9,20.0,2026-04-22 11:25:37.787234713,2026,4,22,11:00,25,11:25
41.8,20.0,2026-04-22 11:26:37.769236370,2026,4,22,11:00,26,11:26
41.9,20.0,2026-04-22 11:27:37.789016064,2026,4,22,11:00,27,11:27
41.9,20.0,2026-04-22 11:28:37.293909248,2026,4,22,11:00,28,11:28
41.9,20.0,2026-04-22 11:29:37.723480639,2026,4,22,11:00,29,11:29
41.9,20.0,2026-04-22 11:30:37.737280536,2026,4,22,11:00,30,11:30
41.9,20.0,2026-04-22 11:31:37.689161913,2026,4,22,11:00,31,11:31
42.0,20.0,2026-04-22 11:32:37.917884390,2026,4,22,11:00,32,11:32
41.9,20.0,2026-04-22 11:33:37.315845931,2026,4,22,11:00,33,11:33
42.0,20.0,2026-04-22 11:34:30.689718583,2026,4,22,11:00,34,11:34
42.0,20.1,2026-04-22 11:35:37.683675214,2026,4,22,11:00,35,11:35
42.0,20.1,2026-04-22 11:36:37.688043925,2026,4,22,11:00,36,11:36
41.9,20.1,2026-04-22 11:37:37.695304226,2026,4,22,11:00,37,11:37
42.1,20.1,2026-04-22 11:38:30.264694986,2026,4,22,11:00,38,11:38
42.1,20.1,2026-04-22 11:39:38.120019203,2026,4,22,11:00,39,11:39
42.0,20.1,2026-04-22 11:40:37.919603975,2026,4,22,11:00,40,11:40
42.1,20.1,2026-04-22 11:41:30.275294301,2026,4,22,11:00,41,11:41
42.3,20.1,2026-04-22 11:42:36.276572956,2026,4,22,11:00,42,11:42
42.2,20.1,2026-04-22 11:43:43.723254709,2026,4,22,11:00,43,11:43
42.4,20.0,2026-04-22 11:44:43.896862612,2026,4,22,11:00,44,11:44
42.5,20.0,2026-04-22 11:45:43.956120106,2026,4,22,11:00,45,11:45
42.5,20.0,2026-04-22 11:46:43.696681727,2026,4,22,11:00,46,11:46
42.6,20.0,2026-04-22 11:47:36.684157472,2026,4,22,11:00,47,11:47
42.6,20.0,2026-04-22 11:48:43.315978521,2026,4,22,11:00,48,11:48
42.7,20.1,2026-04-22 11:49:43.716222790,2026,4,22,11:00,49,11:49
42.7,20.2,2026-04-22 11:50:36.693691700,2026,4,22,11:00,50,11:50
42.8,20.3,2026-04-22 11:51:43.746793636,2026,4,22,11:00,51,11:51
42.5,20.3,2026-04-22 11:52:36.630843259,2026,4,22,11:00,52,11:52
42.5,20.3,2026-04-22 11:53:43.619090218,2026,4,22,11:00,53,11:53
42.5,20.3,2026-04-22 11:54:43.707970489,2026,4,22,11:00,54,11:54
42.5,20.2,2026-04-22 11:55:43.723886538,2026,4,22,11:00,55,11:55
42.5,20.1,2026-04-22 11:56:43.795298296,2026,4,22,11:00,56,11:56
42.1,20.1,2026-04-22 11:57:43.726864724,2026,4,22,11:00,57,11:57
41.4,20.1,2026-04-22 11:58:36.253064633,2026,4,22,11:00,58,11:58
41.9,20.1,2026-04-22 11:59:43.812337132,2026,4,22,11:00,59,11:59
41.5,20.0,2026-04-22 12:00:43.781338187,2026,4,22,12:00,0,12:00
41.2,20.0,2026-04-22 12:01:36.757591236,2026,4,22,12:00,1,12:01
40.2,20.0,2026-04-22 12:02:36.491030180,2026,4,22,12:00,2,12:02
40.0,20.0,2026-04-22 12:03:43.313393148,2026,4,22,12:00,3,12:03
40.4,20.0,2026-04-22 12:04:39.233237471,2026,4,22,12:00,4,12:04
39.1,19.9,2026-04-22 12:05:39.635659135,2026,4,22,12:00,5,12:05
39.0,19.9,2026-04-22 12:06:39.789978941,2026,4,22,12:00,6,12:06
39.3,19.9,2026-04-22 12:07:41.068939115,2026,4,22,12:00,7,12:07
39.0,20.0,2026-04-22 12:08:48.204794696,2026,4,22,12:00,8,12:08
39.0,20.0,2026-04-22 12:09:41.099338368,2026,4,22,12:00,9,12:09
39.3,20.0,2026-04-22 12:10:48.477979363,2026,4,22,12:00,10,12:10
38.8,20.0,2026-04-22 12:11:48.746624558,2026,4,22,12:00,11,12:11
38.5,20.0,2026-04-22 12:12:41.478190793,2026,4,22,12:00,12,12:12
39.3,20.0,2026-04-22 12:13:48.006816409,2026,4,22,12:00,13,12:13
39.0,20.0,2026-04-22 12:14:48.451386741,2026,4,22,12:00,14,12:14
39.0,20.0,2026-04-22 12:15:48.415855225,2026,4,22,12:00,15,12:15
38.7,20.0,2026-04-22 12:16:48.420655055,2026,4,22,12:00,16,12:16
38.9,20.0,2026-04-22 12:17:48.365899495,2026,4,22,12:00,17,12:17
38.9,20.0,2026-04-22 12:18:48.063006791,2026,4,22,12:00,18,12:18
39.0,20.0,2026-04-22 12:19:49.138546625,2026,4,22,12:00,19,12:19
39.0,20.0,2026-04-22 12:20:56.401692202,2026,4,22,12:00,20,12:20
39.3,20.0,2026-04-22 12:21:56.332263805,2026,4,22,12:00,21,12:21
39.0,20.1,2026-04-22 12:22:56.427980527,2026,4,22,12:00,22,12:22
39.1,20.1,2026-04-22 12:23:56.402040300,2026,4,22,12:00,23,12:23
39.2,20.1,2026-04-22 12:24:56.413864428,2026,4,22,12:00,24,12:24
39.2,20.1,2026-04-22 12:25:56.424787602,2026,4,22,12:00,25,12:25
39.7,20.2,2026-04-22 12:26:56.431153386,2026,4,22,12:00,26,12:26
39.6,20.2,2026-04-22 12:27:49.387696216,2026,4,22,12:00,27,12:27
39.4,20.1,2026-04-22 12:28:49.398731361,2026,4,22,12:00,28,12:28
39.4,20.1,2026-04-22 12:29:52.289851717,2026,4,22,12:00,29,12:29
39.6,20.1,2026-04-22 12:30:56.100405393,2026,4,22,12:00,30,12:30
39.7,20.1,2026-04-22 12:32:03.539283273,2026,4,22,12:00,32,12:32
39.7,20.1,2026-04-22 12:32:56.105918683,2026,4,22,12:00,32,12:32
39.8,20.1,2026-04-22 12:34:03.208139711,2026,4,22,12:00,34,12:34
40.1,20.1,2026-04-22 12:34:56.839011530,2026,4,22,12:00,34,12:34
40.2,20.1,2026-04-22 12:35:56.839673995,2026,4,22,12:00,35,12:35
40.2,20.3,2026-04-22 12:38:44.038311925,2026,4,22,12:00,38,12:38
40.1,20.2,2026-04-22 12:39:58.690014914,2026,4,22,12:00,39,12:39
40.0,20.2,2026-04-22 12:40:59.325142109,2026,4,22,12:00,40,12:40
40.8,20.1,2026-04-22 12:41:59.702500373,2026,4,22,12:00,41,12:41
40.9,20.2,2026-04-22 12:43:05.423102303,2026,4,22,12:00,43,12:43
40.3,20.2,2026-04-22 12:44:11.073838730,2026,4,22,12:00,44,12:44
40.5,20.2,2026-04-22 12:45:11.473168464,2026,4,22,12:00,45,12:45
40.4,20.2,2026-04-22 12:46:11.724055895,2026,4,22,12:00,46,12:46
40.5,20.2,2026-04-22 12:47:15.578434941,2026,4,22,12:00,47,12:47
40.6,20.2,2026-04-22 12:48:15.580598346,2026,4,22,12:00,48,12:48
40.5,20.3,2026-04-22 12:49:15.582816829,2026,4,22,12:00,49,12:49
40.7,20.2,2026-04-22 12:50:15.572129594,2026,4,22,12:00,50,12:50
40.7,20.2,2026-04-22 12:51:16.078672930,2026,4,22,12:00,51,12:51
40.8,20.2,2026-04-22 12:52:19.510503446,2026,4,22,12:00,52,12:52
40.7,20.2,2026-04-22 12:53:22.904081473,2026,4,22,12:00,53,12:53
40.9,20.2,2026-04-22 12:54:25.144832742,2026,4,22,12:00,54,12:54
40.9,20.1,2026-04-22 12:55:28.560058341,2026,4,22,12:00,55,12:55
41.1,20.2,2026-04-22 12:56:28.853448340,2026,4,22,12:00,56,12:56
41.2,20.2,2026-04-22 12:57:31.290016359,2026,4,22,12:00,57,12:57
41.2,20.2,2026-04-22 12:58:31.320174045,2026,4,22,12:00,58,12:58
41.3,20.1,2026-04-22 12:59:32.246829155,2026,4,22,12:00,59,12:59
41.7,20.1,2026-04-22 13:00:39.662522040,2026,4,22,13:00,0,13:00
41.5,20.1,2026-04-22 13:01:39.693715956,2026,4,22,13:00,1,13:01
41.7,20.1,2026-04-22 13:02:32.225965537,2026,4,22,13:00,2,13:02
41.9,20.1,2026-04-22 13:03:34.101917364,2026,4,22,13:00,3,13:03
41.8,20.1,2026-04-22 13:04:35.527124428,2026,4,22,13:00,4,13:04
41.8,20.1,2026-04-22 13:05:42.981158640,2026,4,22,13:00,5,13:05
41.9,20.1,2026-04-22 13:06:35.923259125,2026,4,22,13:00,6,13:06
42.1,20.1,2026-04-22 13:07:42.958545832,2026,4,22,13:00,7,13:07
42.1,20.0,2026-04-22 13:08:42.970178624,2026,4,22,13:00,8,13:08
42.1,20.0,2026-04-22 13:09:42.987035958,2026,4,22,13:00,9,13:09
42.1,20.0,2026-04-22 13:10:35.925655662,2026,4,22,13:00,10,13:10
42.3,20.0,2026-04-22 13:11:42.950549319,2026,4,22,13:00,11,13:11
42.4,20.0,2026-04-22 13:12:35.951852745,2026,4,22,13:00,12,13:12
42.3,20.1,2026-04-22 13:13:42.980437765,2026,4,22,13:00,13,13:13
42.4,20.1,2026-04-22 13:14:35.927855694,2026,4,22,13:00,14,13:14
42.3,20.1,2026-04-22 13:15:39.550726352,2026,4,22,13:00,15,13:15
42.4,20.1,2026-04-22 13:16:46.997339573,2026,4,22,13:00,16,13:16
42.6,20.1,2026-04-22 13:17:39.965485361,2026,4,22,13:00,17,13:17
42.2,20.1,2026-04-22 13:18:48.277070198,2026,4,22,13:00,18,13:18
42.5,20.2,2026-04-22 13:19:48.286450004,2026,4,22,13:00,19,13:19
42.6,20.1,2026-04-22 13:20:55.754748151,2026,4,22,13:00,20,13:20
42.6,20.1,2026-04-22 13:21:55.733216851,2026,4,22,13:00,21,13:21
42.6,20.1,2026-04-22 13:22:55.711576174,2026,4,22,13:00,22,13:22
42.7,20.1,2026-04-22 13:23:55.718288381,2026,4,22,13:00,23,13:23
42.7,20.1,2026-04-22 13:24:55.742161615,2026,4,22,13:00,24,13:24
42.8,20.1,2026-04-22 13:25:48.300561866,2026,4,22,13:00,25,13:25
42.8,20.1,2026-04-22 13:26:48.282650614,2026,4,22,13:00,26,13:26
42.8,20.1,2026-04-22 13:27:48.296425139,2026,4,22,13:00,27,13:27
42.6,20.1,2026-04-22 13:28:55.718306662,2026,4,22,13:00,28,13:28
42.7,20.2,2026-04-22 13:29:48.291003487,2026,4,22,13:00,29,13:29
42.7,20.2,2026-04-22 13:30:48.449561819,2026,4,22,13:00,30,13:30
42.5,20.2,2026-04-22 13:31:55.866105250,2026,4,22,13:00,31,13:31
42.5,20.2,2026-04-22 13:32:48.420780250,2026,4,22,13:00,32,13:32
42.7,20.3,2026-04-22 13:33:55.809684499,2026,4,22,13:00,33,13:33
42.7,20.3,2026-04-22 13:34:55.855202915,2026,4,22,13:00,34,13:34
42.6,20.3,2026-04-22 13:35:55.859096930,2026,4,22,13:00,35,13:35
42.1,20.2,2026-04-22 13:36:55.872036408,2026,4,22,13:00,36,13:36
41.2,20.1,2026-04-22 13:37:48.821304045,2026,4,22,13:00,37,13:37
40.8,20.1,2026-04-22 13:38:55.852093020,2026,4,22,13:00,38,13:38
40.7,20.0,2026-04-22 13:39:48.435851128,2026,4,22,13:00,39,13:39
40.5,20.0,2026-04-22 13:40:48.827782962,2026,4,22,13:00,40,13:40
39.2,20.0,2026-04-22 13:41:55.871664734,2026,4,22,13:00,41,13:41
38.5,19.9,2026-04-22 13:42:55.729837099,2026,4,22,13:00,42,13:42
37.6,19.7,2026-04-22 13:43:48.422256424,2026,4,22,13:00,43,13:43
37.8,19.7,2026-04-22 13:44:48.812741291,2026,4,22,13:00,44,13:44
37.6,19.7,2026-04-22 13:45:55.765196160,2026,4,22,13:00,45,13:45
38.1,19.6,2026-04-22 13:46:48.815885259,2026,4,22,13:00,46,13:46
38.1,19.7,2026-04-22 13:47:55.859023445,2026,4,22,13:00,47,13:47
38.4,19.7,2026-04-22 13:48:55.855534610,2026,4,22,13:00,48,13:48
38.4,19.7,2026-04-22 13:49:55.872298585,2026,4,22,13:00,49,13:49
38.7,19.7,2026-04-22 13:50:55.858960737,2026,4,22,13:00,50,13:50
39.0,19.7,2026-04-22 13:51:55.749336957,2026,4,22,13:00,51,13:51
38.7,19.7,2026-04-22 13:52:55.879287017,2026,4,22,13:00,52,13:52
38.9,19.7,2026-04-22 13:53:55.851704096,2026,4,22,13:00,53,13:53
39.0,19.7,2026-04-22 13:54:55.910665750,2026,4,22,13:00,54,13:54
39.1,19.7,2026-04-22 13:55:48.819097125,2026,4,22,13:00,55,13:55
39.1,19.7,2026-04-22 13:56:55.887723185,2026,4,22,13:00,56,13:56
39.1,19.7,2026-04-22 13:57:55.912322028,2026,4,22,13:00,57,13:57
39.2,19.7,2026-04-22 13:58:55.996339410,2026,4,22,13:00,58,13:58
39.2,19.7,2026-04-22 13:59:55.831048210,2026,4,22,13:00,59,13:59
39.2,19.7,2026-04-22 14:00:55.834351310,2026,4,22,14:00,0,14:00
39.6,19.8,2026-04-22 14:01:55.862248751,2026,4,22,14:00,1,14:01
39.5,19.8,2026-04-22 14:02:48.833540637,2026,4,22,14:00,2,14:02
39.4,19.8,2026-04-22 14:03:55.870391002,2026,4,22,14:00,3,14:03
39.5,19.7,2026-04-22 14:04:55.836602032,2026,4,22,14:00,4,14:04
39.6,19.7,2026-04-22 14:05:55.837573340,2026,4,22,14:00,5,14:05
39.5,19.7,2026-04-22 14:06:48.829087324,2026,4,22,14:00,6,14:06
39.6,19.7,2026-04-22 14:07:55.746893803,2026,4,22,14:00,7,14:07
39.7,19.7,2026-04-22 14:08:48.427524150,2026,4,22,14:00,8,14:08
39.5,19.7,2026-04-22 14:09:48.816051074,2026,4,22,14:00,9,14:09
39.9,19.8,2026-04-22 14:10:56.691648701,2026,4,22,14:00,10,14:10
39.8,19.8,2026-04-22 14:11:59.470501841,2026,4,22,14:00,11,14:11
40.1,19.7,2026-04-22 14:13:06.911430706,2026,4,22,14:00,13,14:13
40.0,19.7,2026-04-22 14:14:06.492221310,2026,4,22,14:00,14,14:14
40.1,19.7,2026-04-22 14:15:06.892379934,2026,4,22,14:00,15,14:15
40.1,19.7,2026-04-22 14:16:06.893817919,2026,4,22,14:00,16,14:16
40.0,19.7,2026-04-22 14:17:06.901516962,2026,4,22,14:00,17,14:17
40.2,19.7,2026-04-22 14:17:59.845210145,2026,4,22,14:00,17,14:17
40.1,19.7,2026-04-22 14:19:06.496060022,2026,4,22,14:00,19,14:19
40.2,19.7,2026-04-22 14:19:59.843862755,2026,4,22,14:00,19,14:19
40.3,19.7,2026-04-22 14:21:06.881200484,2026,4,22,14:00,21,14:21
40.3,19.7,2026-04-22 14:21:59.866688593,2026,4,22,14:00,21,14:21
40.3,19.7,2026-04-22 14:23:06.880997672,2026,4,22,14:00,23,14:23
40.4,19.7,2026-04-22 14:24:06.492882639,2026,4,22,14:00,24,14:24
40.5,19.7,2026-04-22 14:25:06.866512627,2026,4,22,14:00,25,14:25
40.5,19.7,2026-04-22 14:26:06.879828018,2026,4,22,14:00,26,14:26
40.6,19.7,2026-04-22 14:27:06.868312045,2026,4,22,14:00,27,14:27
40.7,19.7,2026-04-22 14:28:06.924325756,2026,4,22,14:00,28,14:28
40.7,19.6,2026-04-22 14:28:59.772523437,2026,4,22,14:00,28,14:28
40.6,19.6,2026-04-22 14:30:06.856000091,2026,4,22,14:00,30,14:30
40.8,19.6,2026-04-22 14:31:06.770452692,2026,4,22,14:00,31,14:31
40.8,19.6,2026-04-22 14:32:06.885908907,2026,4,22,14:00,32,14:32
40.8,19.6,2026-04-22 14:32:59.849160165,2026,4,22,14:00,32,14:32
40.8,19.6,2026-04-22 14:34:06.502538792,2026,4,22,14:00,34,14:34
40.9,19.5,2026-04-22 14:35:01.763729140,2026,4,22,14:00,35,14:35
40.7,19.5,2026-04-22 14:36:09.222258927,2026,4,22,14:00,36,14:36
40.9,19.6,2026-04-22 14:37:02.333629140,2026,4,22,14:00,37,14:37
41.0,19.5,2026-04-22 14:38:01.775611148,2026,4,22,14:00,38,14:38
40.8,19.5,2026-04-22 14:39:08.772198292,2026,4,22,14:00,39,14:39
41.0,19.5,2026-04-22 14:40:02.149957204,2026,4,22,14:00,40,14:40
41.0,19.5,2026-04-22 14:41:08.891798770,2026,4,22,14:00,41,14:41
41.0,19.5,2026-04-22 14:42:01.766928161,2026,4,22,14:00,42,14:42
41.0,19.5,2026-04-22 14:43:11.024101870,2026,4,22,14:00,43,14:43
41.1,19.5,2026-04-22 14:44:11.423310966,2026,4,22,14:00,44,14:44
41.1,19.5,2026-04-22 14:45:18.442455052,2026,4,22,14:00,45,14:45
41.3,19.5,2026-04-22 14:46:18.025458776,2026,4,22,14:00,46,14:46
41.2,19.5,2026-04-22 14:47:18.440892851,2026,4,22,14:00,47,14:47
41.2,19.5,2026-04-22 14:48:18.428013016,2026,4,22,14:00,48,14:48
41.4,19.5,2026-04-22 14:49:18.427517492,2026,4,22,14:00,49,14:49
41.3,19.4,2026-04-22 14:50:11.416182603,2026,4,22,14:00,50,14:50
41.4,19.4,2026-04-22 14:51:18.432386957,2026,4,22,14:00,51,14:51
41.3,19.4,2026-04-22 14:52:18.429206677,2026,4,22,14:00,52,14:52
41.5,19.4,2026-04-22 14:53:11.013460449,2026,4,22,14:00,53,14:53
41.4,19.4,2026-04-22 14:54:18.426683850,2026,4,22,14:00,54,14:54
41.5,19.4,2026-04-22 14:55:18.446762616,2026,4,22,14:00,55,14:55
41.4,19.4,2026-04-22 14:56:18.421697405,2026,4,22,14:00,56,14:56
41.5,19.4,2026-04-22 14:57:11.014496338,2026,4,22,14:00,57,14:57
41.4,19.4,2026-04-22 14:58:11.403462630,2026,4,22,14:00,58,14:58
41.5,19.4,2026-04-22 14:59:13.451334005,2026,4,22,14:00,59,14:59
41.5,19.4,2026-04-22 15:00:20.884721888,2026,4,22,15:00,0,15:00
41.5,19.4,2026-04-22 15:01:21.200990046,2026,4,22,15:00,1,15:01
41.5,19.4,2026-04-22 15:02:13.895339021,2026,4,22,15:00,2,15:02
41.6,19.4,2026-04-22 15:03:20.876247323,2026,4,22,15:00,3,15:03
41.6,19.4,2026-04-22 15:04:20.903442951,2026,4,22,15:00,4,15:04
41.6,19.4,2026-04-22 15:05:20.900675065,2026,4,22,15:00,5,15:05
41.6,19.3,2026-04-22 15:06:20.879392373,2026,4,22,15:00,6,15:06
41.6,19.3,2026-04-22 15:07:20.895654701,2026,4,22,15:00,7,15:07
41.6,19.3,2026-04-22 15:08:20.885095614,2026,4,22,15:00,8,15:08
41.6,19.3,2026-04-22 15:09:20.884610113,2026,4,22,15:00,9,15:09
41.7,19.3,2026-04-22 15:10:13.864391257,2026,4,22,15:00,10,15:10
41.7,19.3,2026-04-22 15:11:20.915491862,2026,4,22,15:00,11,15:11
41.7,19.3,2026-04-22 15:12:20.879761562,2026,4,22,15:00,12,15:12
41.7,19.3,2026-04-22 15:13:13.779201614,2026,4,22,15:00,13,15:13
41.7,19.3,2026-04-22 15:14:20.882702236,2026,4,22,15:00,14,15:14
41.7,19.3,2026-04-22 15:15:20.579059902,2026,4,22,15:00,15,15:15
41.7,19.3,2026-04-22 15:16:13.756025780,2026,4,22,15:00,16,15:16
41.6,19.3,2026-04-22 15:17:20.527592263,2026,4,22,15:00,17,15:17
41.5,19.2,2026-04-22 15:18:13.452751265,2026,4,22,15:00,18,15:18
41.6,19.2,2026-04-22 15:19:20.903931424,2026,4,22,15:00,19,15:19
41.6,19.2,2026-04-22 15:20:13.856740152,2026,4,22,15:00,20,15:20
41.7,19.2,2026-04-22 15:21:20.893455899,2026,4,22,15:00,21,15:21
41.8,19.2,2026-04-22 15:22:20.904490282,2026,4,22,15:00,22,15:22
41.8,19.2,2026-04-22 15:23:13.846997636,2026,4,22,15:00,23,15:23
41.8,19.2,2026-04-22 15:24:20.487175737,2026,4,22,15:00,24,15:24
41.7,19.2,2026-04-22 15:25:20.877015595,2026,4,22,15:00,25,15:25
41.8,19.2,2026-04-22 15:26:20.829427520,2026,4,22,15:00,26,15:26
41.8,19.2,2026-04-22 15:27:13.857787898,2026,4,22,15:00,27,15:27
41.8,19.2,2026-04-22 15:28:20.873698162,2026,4,22,15:00,28,15:28
41.7,19.2,2026-04-22 15:29:20.464414042,2026,4,22,15:00,29,15:29
42.0,19.2,2026-04-22 15:30:20.865566223,2026,4,22,15:00,30,15:30
41.8,19.2,2026-04-22 15:31:20.778684349,2026,4,22,15:00,31,15:31
41.8,19.2,2026-04-22 15:32:20.888938229,2026,4,22,15:00,32,15:32
41.7,19.3,2026-04-22 15:33:20.921649210,2026,4,22,15:00,33,15:33
41.7,19.3,2026-04-22 15:34:20.484514345,2026,4,22,15:00,34,15:34
41.6,19.3,2026-04-22 15:35:20.873174832,2026,4,22,15:00,35,15:35
41.7,19.3,2026-04-22 15:36:13.866381707,2026,4,22,15:00,36,15:36
41.7,19.3,2026-04-22 15:37:20.865529158,2026,4,22,15:00,37,15:37
41.7,19.3,2026-04-22 15:38:20.857719672,2026,4,22,15:00,38,15:38
41.7,19.3,2026-04-22 15:39:13.449329830,2026,4,22,15:00,39,15:39
41.7,19.3,2026-04-22 15:40:20.858394558,2026,4,22,15:00,40,15:40
41.7,19.3,2026-04-22 15:41:20.875846603,2026,4,22,15:00,41,15:41
41.6,19.3,2026-04-22 15:42:20.916508281,2026,4,22,15:00,42,15:42
41.6,19.3,2026-04-22 15:43:20.887763647,2026,4,22,15:00,43,15:43
41.6,19.3,2026-04-22 15:44:20.877615005,2026,4,22,15:00,44,15:44
41.7,19.3,2026-04-22 15:45:20.868209669,2026,4,22,15:00,45,15:45
41.6,19.3,2026-04-22 15:46:20.498152469,2026,4,22,15:00,46,15:46
41.7,19.3,2026-04-22 15:47:20.485091008,2026,4,22,15:00,47,15:47
41.6,19.3,2026-04-22 15:48:20.474257311,2026,4,22,15:00,48,15:48
41.6,19.3,2026-04-22 15:49:20.487058651,2026,4,22,15:00,49,15:49
41.7,19.3,2026-04-22 15:50:20.777042194,2026,4,22,15:00,50,15:50
41.6,19.3,2026-04-22 15:51:20.879238808,2026,4,22,15:00,51,15:51
41.7,19.3,2026-04-22 15:52:13.862067994,2026,4,22,15:00,52,15:52
41.6,19.2,2026-04-22 15:53:20.890778938,2026,4,22,15:00,53,15:53
41.6,19.2,2026-04-22 15:54:20.506107038,2026,4,22,15:00,54,15:54
41.7,19.2,2026-04-22 15:55:20.904188873,2026,4,22,15:00,55,15:55
41.6,19.2,2026-04-22 15:56:20.863054202,2026,4,22,15:00,56,15:56
41.6,19.2,2026-04-22 15:57:20.861954253,2026,4,22,15:00,57,15:57
41.6,19.2,2026-04-22 15:58:20.873963830,2026,4,22,15:00,58,15:58
41.7,19.2,2026-04-22 15:59:20.464337072,2026,4,22,15:00,59,15:59
41.6,19.2,2026-04-22 16:00:20.884773304,2026,4,22,16:00,0,16:00
41.7,19.2,2026-04-22 16:01:20.898987842,2026,4,22,16:00,1,16:01
41.7,19.2,2026-04-22 16:02:20.880787887,2026,4,22,16:00,2,16:02
41.7,19.2,2026-04-22 16:03:13.843490060,2026,4,22,16:00,3,16:03
41.7,19.2,2026-04-22 16:04:20.852770579,2026,4,22,16:00,4,16:04
41.8,19.2,2026-04-22 16:05:20.847812675,2026,4,22,16:00,5,16:05
41.8,19.2,2026-04-22 16:06:20.777091908,2026,4,22,16:00,6,16:06
41.8,19.2,2026-04-22 16:07:20.865196881,2026,4,22,16:00,7,16:07
41.9,19.2,2026-04-22 16:08:20.854665071,2026,4,22,16:00,8,16:08
41.9,19.2,2026-04-22 16:09:20.870199733,2026,4,22,16:00,9,16:09
41.9,19.2,2026-04-22 16:10:20.876150201,2026,4,22,16:00,10,16:10
41.8,19.2,2026-04-22 16:11:20.851459991,2026,4,22,16:00,11,16:11
41.8,19.2,2026-04-22 16:12:20.863180755,2026,4,22,16:00,12,16:12
41.8,19.1,2026-04-22 16:13:20.847976277,2026,4,22,16:00,13,16:13
41.8,19.1,2026-04-22 16:14:20.855655127,2026,4,22,16:00,14,16:14
41.8,19.1,2026-04-22 16:15:20.866225373,2026,4,22,16:00,15,16:15
41.8,19.1,2026-04-22 16:16:20.896729469,2026,4,22,16:00,16,16:16
41.8,19.1,2026-04-22 16:17:13.848070353,2026,4,22,16:00,17,16:17
41.8,19.1,2026-04-22 16:18:20.888008053,2026,4,22,16:00,18,16:18
41.8,19.1,2026-04-22 16:19:13.838179319,2026,4,22,16:00,19,16:19
41.8,19.1,2026-04-22 16:20:20.874388867,2026,4,22,16:00,20,16:20
41.8,19.1,2026-04-22 16:21:20.887966524,2026,4,22,16:00,21,16:21
41.9,19.1,2026-04-22 16:22:13.841434313,2026,4,22,16:00,22,16:22
41.8,19.1,2026-04-22 16:23:20.886453866,2026,4,22,16:00,23,16:23
41.8,19.1,2026-04-22 16:24:20.849097981,2026,4,22,16:00,24,16:24
41.8,19.1,2026-04-22 16:25:20.891514302,2026,4,22,16:00,25,16:25
41.8,19.1,2026-04-22 16:26:20.851017937,2026,4,22,16:00,26,16:26
41.8,19.1,2026-04-22 16:27:20.871938675,2026,4,22,16:00,27,16:27
41.8,19.1,2026-04-22 16:28:13.848326496,2026,4,22,16:00,28,16:28
41.8,19.0,2026-04-22 16:29:20.854642952,2026,4,22,16:00,29,16:29
41.8,19.0,2026-04-22 16:30:20.889444416,2026,4,22,16:00,30,16:30
41.8,19.0,2026-04-22 16:31:21.184916963,2026,4,22,16:00,31,16:31
41.9,19.0,2026-04-22 16:32:21.246619446,2026,4,22,16:00,32,16:32
41.8,19.0,2026-04-22 16:33:20.872772799,2026,4,22,16:00,33,16:33
41.8,19.0,2026-04-22 16:34:20.851089643,2026,4,22,16:00,34,16:34
41.8,19.0,2026-04-22 16:35:20.879538631,2026,4,22,16:00,35,16:35
41.8,19.0,2026-04-22 16:36:20.860999853,2026,4,22,16:00,36,16:36
41.8,19.0,2026-04-22 16:37:13.848613577,2026,4,22,16:00,37,16:37
41.8,19.0,2026-04-22 16:38:20.550968337,2026,4,22,16:00,38,16:38
41.8,19.0,2026-04-22 16:39:20.909508844,2026,4,22,16:00,39,16:39
41.8,19.0,2026-04-22 16:40:20.445049598,2026,4,22,16:00,40,16:40
41.8,19.0,2026-04-22 16:41:20.470057372,2026,4,22,16:00,41,16:41
41.8,18.9,2026-04-22 16:42:13.423566198,2026,4,22,16:00,42,16:42
41.8,19.0,2026-04-22 16:43:20.464238432,2026,4,22,16:00,43,16:43
41.7,18.9,2026-04-22 16:44:13.854278852,2026,4,22,16:00,44,16:44
41.8,18.9,2026-04-22 16:45:20.465057415,2026,4,22,16:00,45,16:45
41.8,18.9,2026-04-22 16:46:20.480721277,2026,4,22,16:00,46,16:46
41.8,18.9,2026-04-22 16:47:13.432258256,2026,4,22,16:00,47,16:47
41.8,18.9,2026-04-22 16:48:20.533788149,2026,4,22,16:00,48,16:48
41.8,18.9,2026-04-22 16:49:13.823268752,2026,4,22,16:00,49,16:49
41.7,18.9,2026-04-22 16:50:20.491344410,2026,4,22,16:00,50,16:50
41.7,18.9,2026-04-22 16:51:13.423319519,2026,4,22,16:00,51,16:51
41.7,18.9,2026-04-22 16:52:20.480247927,2026,4,22,16:00,52,16:52
41.7,18.9,2026-04-22 16:53:13.441200148,2026,4,22,16:00,53,16:53
41.7,18.9,2026-04-22 16:54:20.853800656,2026,4,22,16:00,54,16:54
41.7,18.9,2026-04-22 16:55:20.866863612,2026,4,22,16:00,55,16:55
41.8,18.9,2026-04-22 16:56:20.865884810,2026,4,22,16:00,56,16:56
41.8,18.9,2026-04-22 16:57:20.736565268,2026,4,22,16:00,57,16:57
41.8,18.9,2026-04-22 16:58:20.842768661,2026,4,22,16:00,58,16:58
41.8,18.9,2026-04-22 16:59:20.455681788,2026,4,22,16:00,59,16:59
41.7,18.9,2026-04-22 17:00:20.848374085,2026,4,22,17:00,0,17:00
41.7,18.9,2026-04-22 17:01:20.855745646,2026,4,22,17:00,1,17:01
41.8,18.9,2026-04-22 17:02:20.856892927,2026,4,22,17:00,2,17:02
41.7,18.8,2026-04-22 17:03:13.828734088,2026,4,22,17:00,3,17:03
41.8,18.8,2026-04-22 17:04:22.095607481,2026,4,22,17:00,4,17:04
41.8,18.8,2026-04-22 17:05:22.062789446,2026,4,22,17:00,5,17:05
41.9,18.8,2026-04-22 17:06:29.484447877,2026,4,22,17:00,6,17:06
41.9,18.8,2026-04-22 17:07:29.493896488,2026,4,22,17:00,7,17:07
41.9,18.8,2026-04-22 17:08:29.487602423,2026,4,22,17:00,8,17:08
42.0,18.8,2026-04-22 17:09:29.503968231,2026,4,22,17:00,9,17:09
41.9,18.8,2026-04-22 17:10:29.523930522,2026,4,22,17:00,10,17:10
42.1,18.8,2026-04-22 17:11:29.476196112,2026,4,22,17:00,11,17:11
41.9,18.8,2026-04-22 17:12:29.515460671,2026,4,22,17:00,12,17:12
42.0,18.8,2026-04-22 17:13:29.483372531,2026,4,22,17:00,13,17:13
42.0,18.8,2026-04-22 17:14:29.491209676,2026,4,22,17:00,14,17:14
42.0,18.8,2026-04-22 17:15:29.480145327,2026,4,22,17:00,15,17:15
41.9,18.8,2026-04-22 17:16:29.543981812,2026,4,22,17:00,16,17:16
42.0,18.8,2026-04-22 17:17:22.463966621,2026,4,22,17:00,17,17:17
42.1,18.8,2026-04-22 17:18:22.476073826,2026,4,22,17:00,18,17:18
42.3,18.8,2026-04-22 17:19:29.489285725,2026,4,22,17:00,19,17:19
42.1,18.8,2026-04-22 17:20:22.071803904,2026,4,22,17:00,20,17:20
42.1,18.8,2026-04-22 17:21:29.380011798,2026,4,22,17:00,21,17:21
42.1,18.8,2026-04-22 17:22:29.474302831,2026,4,22,17:00,22,17:22
42.1,18.8,2026-04-22 17:23:29.620588592,2026,4,22,17:00,23,17:23
42.3,18.8,2026-04-22 17:24:29.502771286,2026,4,22,17:00,24,17:24
42.5,18.8,2026-04-22 17:25:22.058950181,2026,4,22,17:00,25,17:25
42.3,18.9,2026-04-22 17:26:22.471105015,2026,4,22,17:00,26,17:26
42.4,18.9,2026-04-22 17:27:29.894135405,2026,4,22,17:00,27,17:27
42.6,18.9,2026-04-22 17:28:22.475287328,2026,4,22,17:00,28,17:28
42.6,18.9,2026-04-22 17:29:22.687992533,2026,4,22,17:00,29,17:29
42.6,18.9,2026-04-22 17:30:31.386302982,2026,4,22,17:00,30,17:30
42.6,19.0,2026-04-22 17:31:38.845824877,2026,4,22,17:00,31,17:31
42.7,19.0,2026-04-22 17:32:38.427844762,2026,4,22,17:00,32,17:32
42.7,19.0,2026-04-22 17:33:38.872264940,2026,4,22,17:00,33,17:33
42.6,19.1,2026-04-22 17:34:31.803054834,2026,4,22,17:00,34,17:34
42.6,19.1,2026-04-22 17:35:38.404611978,2026,4,22,17:00,35,17:35
42.8,19.2,2026-04-22 17:36:31.505240337,2026,4,22,17:00,36,17:36
42.9,19.2,2026-04-22 17:37:38.847118536,2026,4,22,17:00,37,17:37
43.0,19.2,2026-04-22 17:38:38.896761110,2026,4,22,17:00,38,17:38
43.1,19.3,2026-04-22 17:39:39.005208222,2026,4,22,17:00,39,17:39
43.1,19.3,2026-04-22 17:40:38.926125201,2026,4,22,17:00,40,17:40
43.1,19.3,2026-04-22 17:41:38.821916819,2026,4,22,17:00,41,17:41
43.1,19.3,2026-04-22 17:42:38.817612891,2026,4,22,17:00,42,17:42
43.1,19.4,2026-04-22 17:43:38.963232317,2026,4,22,17:00,43,17:43
43.0,19.4,2026-04-22 17:44:38.986229734,2026,4,22,17:00,44,17:44
42.9,19.3,2026-04-22 17:45:31.783170598,2026,4,22,17:00,45,17:45
42.9,19.4,2026-04-22 17:46:38.839340959,2026,4,22,17:00,46,17:46
42.9,19.4,2026-04-22 17:47:38.798375919,2026,4,22,17:00,47,17:47
43.0,19.4,2026-04-22 17:48:31.786630373,2026,4,22,17:00,48,17:48
43.0,19.4,2026-04-22 17:49:38.829261177,2026,4,22,17:00,49,17:49
43.0,19.4,2026-04-22 17:50:31.787308862,2026,4,22,17:00,50,17:50
43.0,19.4,2026-04-22 17:51:38.838719939,2026,4,22,17:00,51,17:51
42.9,19.4,2026-04-22 17:52:31.776330850,2026,4,22,17:00,52,17:52
43.0,19.4,2026-04-22 17:53:38.785771511,2026,4,22,17:00,53,17:53
43.0,19.4,2026-04-22 17:54:38.818910022,2026,4,22,17:00,54,17:54
43.0,19.4,2026-04-22 17:55:38.811312420,2026,4,22,17:00,55,17:55
43.0,19.4,2026-04-22 17:56:38.789732095,2026,4,22,17:00,56,17:56
43.0,19.4,2026-04-22 17:57:38.902842512,2026,4,22,17:00,57,17:57
43.0,19.4,2026-04-22 17:58:31.379881308,2026,4,22,17:00,58,17:58
43.0,19.4,2026-04-22 17:59:38.811417844,2026,4,22,17:00,59,17:59
43.0,19.4,2026-04-22 18:00:38.796995938,2026,4,22,18:00,0,18:00
43.0,19.4,2026-04-22 18:01:38.803994388,2026,4,22,18:00,1,18:01
43.1,19.4,2026-04-22 18:02:31.382411105,2026,4,22,18:00,2,18:02
43.2,19.4,2026-04-22 18:03:38.794492753,2026,4,22,18:00,3,18:03
43.1,19.4,2026-04-22 18:04:38.814945882,2026,4,22,18:00,4,18:04
43.2,19.5,2026-04-22 18:05:31.391637250,2026,4,22,18:00,5,18:05
43.2,19.5,2026-04-22 18:06:38.847532130,2026,4,22,18:00,6,18:06
43.2,19.5,2026-04-22 18:07:38.836577045,2026,4,22,18:00,7,18:07
43.3,19.5,2026-04-22 18:08:39.004267019,2026,4,22,18:00,8,18:08
43.3,19.5,2026-04-22 18:09:31.627127291,2026,4,22,18:00,9,18:09
43.2,19.5,2026-04-22 18:10:31.977166593,2026,4,22,18:00,10,18:10
43.3,19.5,2026-04-22 18:11:39.654034795,2026,4,22,18:00,11,18:11
43.4,19.5,2026-04-22 18:12:32.302376535,2026,4,22,18:00,12,18:12
43.4,19.5,2026-04-22 18:13:31.782383671,2026,4,22,18:00,13,18:13
43.4,19.5,2026-04-22 18:14:39.232334332,2026,4,22,18:00,14,18:14
43.5,19.5,2026-04-22 18:15:32.011206180,2026,4,22,18:00,15,18:15
43.5,19.5,2026-04-22 18:16:39.217238970,2026,4,22,18:00,16,18:16
43.5,19.5,2026-04-22 18:17:39.263710677,2026,4,22,18:00,17,18:17
43.5,19.5,2026-04-22 18:18:32.180843595,2026,4,22,18:00,18,18:18
43.5,19.5,2026-04-22 18:19:39.202312732,2026,4,22,18:00,19,18:19
43.6,19.5,2026-04-22 18:20:41.950822917,2026,4,22,18:00,20,18:20
43.7,19.5,2026-04-22 18:21:39.189760784,2026,4,22,18:00,21,18:21
43.7,19.5,2026-04-22 18:22:39.254528349,2026,4,22,18:00,22,18:22
43.7,19.5,2026-04-22 18:23:42.360897859,2026,4,22,18:00,23,18:23
43.7,19.5,2026-04-22 18:24:39.216103640,2026,4,22,18:00,24,18:24
43.7,19.5,2026-04-22 18:25:39.633174314,2026,4,22,18:00,25,18:25
43.7,19.5,2026-04-22 18:26:32.418064038,2026,4,22,18:00,26,18:26
43.7,19.5,2026-04-22 18:27:32.402231747,2026,4,22,18:00,27,18:27
43.7,19.5,2026-04-22 18:28:39.867111339,2026,4,22,18:00,28,18:28
43.7,19.5,2026-04-22 18:29:39.840456521,2026,4,22,18:00,29,18:29
43.7,19.5,2026-04-22 18:30:39.874900716,2026,4,22,18:00,30,18:30
43.6,19.5,2026-04-22 18:31:33.034133299,2026,4,22,18:00,31,18:31
43.7,19.5,2026-04-22 18:32:37.663549776,2026,4,22,18:00,32,18:32
43.6,19.5,2026-04-22 18:33:37.632551734,2026,4,22,18:00,33,18:33
43.5,19.5,2026-04-22 18:34:45.117571228,2026,4,22,18:00,34,18:34
43.7,19.5,2026-04-22 18:35:37.646351243,2026,4,22,18:00,35,18:35
43.7,19.5,2026-04-22 18:36:45.117817525,2026,4,22,18:00,36,18:36
43.8,19.5,2026-04-22 18:37:45.120008220,2026,4,22,18:00,37,18:37
43.6,19.5,2026-04-22 18:38:37.684520827,2026,4,22,18:00,38,18:38
43.6,19.5,2026-04-22 18:39:44.521807444,2026,4,22,18:00,39,18:39
43.6,19.5,2026-04-22 18:40:38.045551381,2026,4,22,18:00,40,18:40
43.6,19.5,2026-04-22 18:41:38.047024264,2026,4,22,18:00,41,18:41
43.2,19.5,2026-04-22 18:42:45.110071711,2026,4,22,18:00,42,18:42
43.6,19.5,2026-04-22 18:43:45.048085454,2026,4,22,18:00,43,18:43
43.7,19.5,2026-04-22 18:44:45.155048254,2026,4,22,18:00,44,18:44
43.6,19.5,2026-04-22 18:45:38.925552367,2026,4,22,18:00,45,18:45
43.6,19.5,2026-04-22 18:46:39.330856632,2026,4,22,18:00,46,18:46
43.6,19.5,2026-04-22 18:47:46.338709725,2026,4,22,18:00,47,18:47
43.5,19.4,2026-04-22 18:48:46.461757681,2026,4,22,18:00,48,18:48
43.5,19.4,2026-04-22 18:49:46.323418796,2026,4,22,18:00,49,18:49
43.5,19.4,2026-04-22 18:50:39.305477881,2026,4,22,18:00,50,18:50
43.4,19.4,2026-04-22 18:51:46.324927495,2026,4,22,18:00,51,18:51
43.4,19.5,2026-04-22 18:52:46.355747629,2026,4,22,18:00,52,18:52
43.2,19.4,2026-04-22 18:53:46.340552627,2026,4,22,18:00,53,18:53
43.3,19.5,2026-04-22 18:54:46.369151831,2026,4,22,18:00,54,18:54
43.2,19.4,2026-04-22 18:55:46.332582155,2026,4,22,18:00,55,18:55
43.2,19.4,2026-04-22 18:56:46.329590642,2026,4,22,18:00,56,18:56
43.2,19.4,2026-04-22 18:57:45.104288751,2026,4,22,18:00,57,18:57
43.2,19.4,2026-04-22 18:58:52.444072164,2026,4,22,18:00,58,18:58
43.2,19.4,2026-04-22 18:59:45.512266861,2026,4,22,18:00,59,18:59
43.1,19.4,2026-04-22 19:00:52.541305599,2026,4,22,19:00,0,19:00
43.1,19.4,2026-04-22 19:01:52.441897147,2026,4,22,19:00,1,19:01
43.2,19.4,2026-04-22 19:02:45.520069943,2026,4,22,19:00,2,19:02
43.2,19.4,2026-04-22 19:03:52.580358517,2026,4,22,19:00,3,19:03
43.2,19.4,2026-04-22 19:04:52.564659495,2026,4,22,19:00,4,19:04
43.2,19.4,2026-04-22 19:05:52.538190385,2026,4,22,19:00,5,19:05
43.2,19.4,2026-04-22 19:06:52.569521550,2026,4,22,19:00,6,19:06
43.2,19.5,2026-04-22 19:07:52.566234417,2026,4,22,19:00,7,19:07
42.8,19.5,2026-04-22 19:08:52.559749787,2026,4,22,19:00,8,19:08
43.0,19.4,2026-04-22 19:09:45.535405585,2026,4,22,19:00,9,19:09
43.0,19.4,2026-04-22 19:10:52.528424980,2026,4,22,19:00,10,19:10
43.1,19.4,2026-04-22 19:11:52.547585372,2026,4,22,19:00,11,19:11
43.0,19.4,2026-04-22 19:12:52.526875369,2026,4,22,19:00,12,19:12
43.1,19.4,2026-04-22 19:13:52.546185812,2026,4,22,19:00,13,19:13
43.1,19.4,2026-04-22 19:14:52.425317733,2026,4,22,19:00,14,19:14
43.1,19.4,2026-04-22 19:15:52.530958148,2026,4,22,19:00,15,19:15
43.2,19.3,2026-04-22 19:16:52.592574034,2026,4,22,19:00,16,19:16
43.3,19.3,2026-04-22 19:17:52.614085521,2026,4,22,19:00,17,19:17
43.3,19.3,2026-04-22 19:18:52.571258643,2026,4,22,19:00,18,19:18
43.3,19.3,2026-04-22 19:19:52.662272057,2026,4,22,19:00,19,19:19
43.3,19.3,2026-04-22 19:20:52.569195698,2026,4,22,19:00,20,19:20
43.3,19.3,2026-04-22 19:21:52.583903740,2026,4,22,19:00,21,19:21
43.4,19.3,2026-04-22 19:22:52.554690361,2026,4,22,19:00,22,19:22
43.4,19.2,2026-04-22 19:23:52.516239006,2026,4,22,19:00,23,19:23
43.4,19.2,2026-04-22 19:24:52.555641433,2026,4,22,19:00,24,19:24
43.4,19.2,2026-04-22 19:25:52.534608298,2026,4,22,19:00,25,19:25
43.4,19.2,2026-04-22 19:26:52.446185096,2026,4,22,19:00,26,19:26
43.4,19.2,2026-04-22 19:27:52.520477965,2026,4,22,19:00,27,19:27
43.5,19.2,2026-04-22 19:28:52.523017666,2026,4,22,19:00,28,19:28
43.4,19.2,2026-04-22 19:29:52.573208686,2026,4,22,19:00,29,19:29
43.5,19.2,2026-04-22 19:30:52.590300365,2026,4,22,19:00,30,19:30
43.5,19.2,2026-04-22 19:31:52.536309415,2026,4,22,19:00,31,19:31
43.5,19.2,2026-04-22 19:32:45.515767156,2026,4,22,19:00,32,19:32
43.5,19.2,2026-04-22 19:33:45.524695411,2026,4,22,19:00,33,19:33
43.3,19.2,2026-04-22 19:34:52.548020301,2026,4,22,19:00,34,19:34
43.3,19.2,2026-04-22 19:35:52.535954607,2026,4,22,19:00,35,19:35
43.3,19.2,2026-04-22 19:36:52.539288891,2026,4,22,19:00,36,19:36
43.3,19.2,2026-04-22 19:37:45.417448188,2026,4,22,19:00,37,19:37
43.3,19.2,2026-04-22 19:38:52.546731736,2026,4,22,19:00,38,19:38
43.3,19.2,2026-04-22 19:39:52.523624867,2026,4,22,19:00,39,19:39
43.2,19.2,2026-04-22 19:40:52.527756967,2026,4,22,19:00,40,19:40
43.3,19.2,2026-04-22 19:41:52.628852718,2026,4,22,19:00,41,19:41
43.3,19.2,2026-04-22 19:42:52.538811425,2026,4,22,19:00,42,19:42
43.2,19.2,2026-04-22 19:43:45.435439418,2026,4,22,19:00,43,19:43
43.2,19.2,2026-04-22 19:44:52.531858302,2026,4,22,19:00,44,19:44
43.2,19.2,2026-04-22 19:45:52.762663094,2026,4,22,19:00,45,19:45
43.2,19.2,2026-04-22 19:46:45.541363250,2026,4,22,19:00,46,19:46
43.2,19.2,2026-04-22 19:47:52.530695994,2026,4,22,19:00,47,19:47
43.2,19.2,2026-04-22 19:48:52.567907890,2026,4,22,19:00,48,19:48
43.2,19.2,2026-04-22 19:49:45.522169698,2026,4,22,19:00,49,19:49
43.2,19.3,2026-04-22 19:50:52.754591895,2026,4,22,19:00,50,19:50
43.1,19.2,2026-04-22 19:51:52.566827686,2026,4,22,19:00,51,19:51
43.1,19.3,2026-04-22 19:52:52.727530949,2026,4,22,19:00,52,19:52
43.1,19.3,2026-04-22 19:53:52.589057613,2026,4,22,19:00,53,19:53
43.2,19.3,2026-04-22 19:54:52.517291554,2026,4,22,19:00,54,19:54
43.3,19.3,2026-04-22 19:55:52.578452490,2026,4,22,19:00,55,19:55
43.2,19.4,2026-04-22 19:56:52.532751571,2026,4,22,19:00,56,19:56
43.1,19.4,2026-04-22 19:57:52.535069936,2026,4,22,19:00,57,19:57
43.1,19.4,2026-04-22 19:58:52.525006238,2026,4,22,19:00,58,19:58
43.1,19.4,2026-04-22 19:59:45.511548738,2026,4,22,19:00,59,19:59
43.1,19.4,2026-04-22 20:00:52.571417769,2026,4,22,20:00,0,20:00
43.0,19.4,2026-04-22 20:01:45.502056279,2026,4,22,20:00,1,20:01
42.6,19.3,2026-04-22 20:02:50.085683963,2026,4,22,20:00,2,20:02
41.6,19.3,2026-04-22 20:03:57.422986102,2026,4,22,20:00,3,20:03
41.7,19.3,2026-04-22 20:04:57.426822380,2026,4,22,20:00,4,20:04
41.9,19.2,2026-04-22 20:05:57.418394635,2026,4,22,20:00,5,20:05
42.6,19.2,2026-04-22 20:06:57.404710020,2026,4,22,20:00,6,20:06
42.7,19.2,2026-04-22 20:07:57.436194511,2026,4,22,20:00,7,20:07
42.6,19.2,2026-04-22 20:08:57.408848204,2026,4,22,20:00,8,20:08
42.3,19.2,2026-04-22 20:09:57.402053471,2026,4,22,20:00,9,20:09
42.5,19.2,2026-04-22 20:10:59.843241702,2026,4,22,20:00,10,20:10
42.5,19.2,2026-04-22 20:11:50.394948013,2026,4,22,20:00,11,20:11
42.5,19.2,2026-04-22 20:12:57.547656445,2026,4,22,20:00,12,20:12
42.5,19.2,2026-04-22 20:13:59.281716413,2026,4,22,20:00,13,20:13
42.4,19.2,2026-04-22 20:15:06.716157662,2026,4,22,20:00,15,20:15
42.4,19.2,2026-04-22 20:16:06.736438503,2026,4,22,20:00,16,20:16
42.4,19.2,2026-04-22 20:16:59.282238551,2026,4,22,20:00,16,20:16
42.3,19.2,2026-04-22 20:18:06.704010327,2026,4,22,20:00,18,20:18
42.4,19.2,2026-04-22 20:19:06.304138171,2026,4,22,20:00,19,20:19
42.3,19.2,2026-04-22 20:20:00.688644750,2026,4,22,20:00,20,20:20
42.4,19.2,2026-04-22 20:21:07.988113287,2026,4,22,20:00,21,20:21
42.4,19.2,2026-04-22 20:22:01.075488237,2026,4,22,20:00,22,20:22
42.5,19.2,2026-04-22 20:23:08.095321420,2026,4,22,20:00,23,20:23
42.5,19.2,2026-04-22 20:24:07.719305002,2026,4,22,20:00,24,20:24
42.5,19.2,2026-04-22 20:25:08.105410492,2026,4,22,20:00,25,20:25
42.5,19.2,2026-04-22 20:26:08.103578420,2026,4,22,20:00,26,20:26
42.5,19.2,2026-04-22 20:27:01.079858851,2026,4,22,20:00,27,20:27
42.6,19.2,2026-04-22 20:28:08.168531076,2026,4,22,20:00,28,20:28
42.5,19.1,2026-04-22 20:29:07.692988372,2026,4,22,20:00,29,20:29
42.5,19.1,2026-04-22 20:30:08.106854270,2026,4,22,20:00,30,20:30
42.6,19.1,2026-04-22 20:31:08.081906524,2026,4,22,20:00,31,20:31
42.4,19.1,2026-04-22 20:32:08.085813512,2026,4,22,20:00,32,20:32
42.4,19.1,2026-04-22 20:33:08.078639574,2026,4,22,20:00,33,20:33
42.4,19.1,2026-04-22 20:34:07.720555125,2026,4,22,20:00,34,20:34
42.4,19.1,2026-04-22 20:35:08.114691758,2026,4,22,20:00,35,20:35
42.3,19.1,2026-04-22 20:36:01.081162314,2026,4,22,20:00,36,20:36
42.3,19.1,2026-04-22 20:37:08.124149641,2026,4,22,20:00,37,20:37
42.3,19.0,2026-04-22 20:38:08.077622654,2026,4,22,20:00,38,20:38
42.3,19.1,2026-04-22 20:39:07.705907920,2026,4,22,20:00,39,20:39
42.2,19.0,2026-04-22 20:40:08.097054710,2026,4,22,20:00,40,20:40
42.2,19.0,2026-04-22 20:41:08.076968697,2026,4,22,20:00,41,20:41
42.2,19.0,2026-04-22 20:42:08.108078002,2026,4,22,20:00,42,20:42
42.2,19.0,2026-04-22 20:43:01.058739017,2026,4,22,20:00,43,20:43
42.2,19.0,2026-04-22 20:44:07.679169835,2026,4,22,20:00,44,20:44
42.1,19.0,2026-04-22 20:45:08.099668391,2026,4,22,20:00,45,20:45
42.1,19.0,2026-04-22 20:46:01.059099249,2026,4,22,20:00,46,20:46
42.1,19.0,2026-04-22 20:47:00.969215077,2026,4,22,20:00,47,20:47
42.1,19.0,2026-04-22 20:48:08.105746515,2026,4,22,20:00,48,20:48
42.2,19.0,2026-04-22 20:49:07.695449105,2026,4,22,20:00,49,20:49
42.2,19.0,2026-04-22 20:50:08.074375027,2026,4,22,20:00,50,20:50
42.3,18.9,2026-04-22 20:51:08.079646542,2026,4,22,20:00,51,20:51
42.1,19.0,2026-04-22 20:52:08.005395766,2026,4,22,20:00,52,20:52
42.1,19.0,2026-04-22 20:53:08.100836927,2026,4,22,20:00,53,20:53
42.1,18.9,2026-04-22 20:54:07.680160933,2026,4,22,20:00,54,20:54
42.3,18.9,2026-04-22 20:55:08.076522248,2026,4,22,20:00,55,20:55
42.3,18.9,2026-04-22 20:56:08.144203186,2026,4,22,20:00,56,20:56
42.3,18.9,2026-04-22 20:57:08.098806625,2026,4,22,20:00,57,20:57
42.5,18.9,2026-04-22 20:58:08.109148189,2026,4,22,20:00,58,20:58
42.4,18.9,2026-04-22 20:59:07.717261412,2026,4,22,20:00,59,20:59
42.4,18.9,2026-04-22 21:00:08.104008094,2026,4,22,21:00,0,21:00
42.4,18.9,2026-04-22 21:01:08.087199386,2026,4,22,21:00,1,21:01
42.4,18.9,2026-04-22 21:02:08.103993369,2026,4,22,21:00,2,21:02
42.5,18.9,2026-04-22 21:03:01.057030203,2026,4,22,21:00,3,21:03
42.5,18.9,2026-04-22 21:04:07.722064518,2026,4,22,21:00,4,21:04
42.5,18.9,2026-04-22 21:05:01.054585255,2026,4,22,21:00,5,21:05
42.4,18.9,2026-04-22 21:06:07.930833074,2026,4,22,21:00,6,21:06
42.5,18.9,2026-04-22 21:07:07.879536207,2026,4,22,21:00,7,21:07
42.5,18.9,2026-04-22 21:08:01.056787485,2026,4,22,21:00,8,21:08
42.6,18.9,2026-04-22 21:09:07.665563376,2026,4,22,21:00,9,21:09
42.6,18.9,2026-04-22 21:10:08.071044132,2026,4,22,21:00,10,21:10
42.5,18.9,2026-04-22 21:11:07.682836499,2026,4,22,21:00,11,21:11
42.5,18.9,2026-04-22 21:12:07.664024833,2026,4,22,21:00,12,21:12
42.5,18.9,2026-04-22 21:13:07.692817462,2026,4,22,21:00,13,21:13
42.5,18.9,2026-04-22 21:14:00.660579702,2026,4,22,21:00,14,21:14
42.4,18.9,2026-04-22 21:15:07.707279082,2026,4,22,21:00,15,21:15
42.1,18.9,2026-04-22 21:16:07.690971731,2026,4,22,21:00,16,21:16
42.3,18.9,2026-04-22 21:17:07.723055029,2026,4,22,21:00,17,21:17
42.3,18.9,2026-04-22 21:18:07.668326655,2026,4,22,21:00,18,21:18
42.3,18.9,2026-04-22 21:19:07.705343506,2026,4,22,21:00,19,21:19
42.5,18.9,2026-04-22 21:20:00.791879441,2026,4,22,21:00,20,21:20
42.6,18.9,2026-04-22 21:21:07.673485374,2026,4,22,21:00,21,21:21
42.6,18.9,2026-04-22 21:22:00.648343697,2026,4,22,21:00,22,21:22
42.6,18.9,2026-04-22 21:23:07.823014847,2026,4,22,21:00,23,21:23
42.6,18.9,2026-04-22 21:24:00.633650360,2026,4,22,21:00,24,21:24
42.5,18.9,2026-04-22 21:25:07.695323002,2026,4,22,21:00,25,21:25
42.4,18.9,2026-04-22 21:26:07.664016161,2026,4,22,21:00,26,21:26
42.4,18.9,2026-04-22 21:27:08.191117568,2026,4,22,21:00,27,21:27
42.3,18.9,2026-04-22 21:28:00.640171448,2026,4,22,21:00,28,21:28
42.3,18.9,2026-04-22 21:29:07.657483296,2026,4,22,21:00,29,21:29
42.3,18.9,2026-04-22 21:30:07.675974955,2026,4,22,21:00,30,21:30
42.3,18.9,2026-04-22 21:31:07.687393067,2026,4,22,21:00,31,21:31
42.3,19.0,2026-04-22 21:32:00.638326665,2026,4,22,21:00,32,21:32
42.3,19.0,2026-04-22 21:33:07.801549619,2026,4,22,21:00,33,21:33
42.4,19.0,2026-04-22 21:34:07.671350180,2026,4,22,21:00,34,21:34
42.5,19.0,2026-04-22 21:35:07.676048077,2026,4,22,21:00,35,21:35
42.5,19.0,2026-04-22 21:36:07.705980656,2026,4,22,21:00,36,21:36
42.5,19.0,2026-04-22 21:37:00.642237682,2026,4,22,21:00,37,21:37
42.5,19.0,2026-04-22 21:38:00.660006765,2026,4,22,21:00,38,21:38
42.3,19.0,2026-04-22 21:39:00.662453327,2026,4,22,21:00,39,21:39
42.3,19.0,2026-04-22 21:40:06.253063584,2026,4,22,21:00,40,21:40
42.2,19.1,2026-04-22 21:41:13.296389873,2026,4,22,21:00,41,21:41
42.2,19.1,2026-04-22 21:42:13.659440329,2026,4,22,21:00,42,21:42
42.2,19.1,2026-04-22 21:43:13.678322280,2026,4,22,21:00,43,21:43
42.2,19.1,2026-04-22 21:44:13.684611852,2026,4,22,21:00,44,21:44
42.1,19.1,2026-04-22 21:45:06.657857184,2026,4,22,21:00,45,21:45
42.0,19.0,2026-04-22 21:46:13.697702439,2026,4,22,21:00,46,21:46
42.0,19.0,2026-04-22 21:47:13.683028043,2026,4,22,21:00,47,21:47
42.0,19.0,2026-04-22 21:48:13.692793929,2026,4,22,21:00,48,21:48
42.0,19.0,2026-04-22 21:49:13.713467502,2026,4,22,21:00,49,21:49
41.9,19.0,2026-04-22 21:50:06.262022913,2026,4,22,21:00,50,21:50
41.9,19.0,2026-04-22 21:51:13.751132819,2026,4,22,21:00,51,21:51
41.7,19.0,2026-04-22 21:52:13.718327277,2026,4,22,21:00,52,21:52
41.7,19.0,2026-04-22 21:53:06.245169842,2026,4,22,21:00,53,21:53
41.8,19.0,2026-04-22 21:54:13.664562995,2026,4,22,21:00,54,21:54
41.9,19.0,2026-04-22 21:55:13.834252239,2026,4,22,21:00,55,21:55
41.9,19.0,2026-04-22 21:56:06.253624846,2026,4,22,21:00,56,21:56
41.8,19.0,2026-04-22 21:57:06.252864628,2026,4,22,21:00,57,21:57
41.4,19.0,2026-04-22 21:58:13.429150436,2026,4,22,21:00,58,21:58
41.6,19.0,2026-04-22 21:59:13.297136350,2026,4,22,21:00,59,21:59
41.6,19.0,2026-04-22 22:00:06.250012794,2026,4,22,22:00,0,22:00
41.5,19.0,2026-04-22 22:01:13.333764857,2026,4,22,22:00,1,22:01
41.5,19.0,2026-04-22 22:02:06.236570822,2026,4,22,22:00,2,22:02
41.4,19.0,2026-04-22 22:03:13.399226287,2026,4,22,22:00,3,22:03
41.5,18.9,2026-04-22 22:04:13.276054765,2026,4,22,22:00,4,22:04
41.5,19.0,2026-04-22 22:05:06.239243049,2026,4,22,22:00,5,22:05
40.6,18.9,2026-04-22 22:06:13.363087284,2026,4,22,22:00,6,22:06
40.9,18.9,2026-04-22 22:07:06.650702802,2026,4,22,22:00,7,22:07
41.1,18.9,2026-04-22 22:08:13.698379531,2026,4,22,22:00,8,22:08
41.2,18.9,2026-04-22 22:09:13.252453134,2026,4,22,22:00,9,22:09
41.0,18.9,2026-04-22 22:10:13.672476545,2026,4,22,22:00,10,22:10
41.1,18.9,2026-04-22 22:11:06.631044326,2026,4,22,22:00,11,22:11
41.1,18.9,2026-04-22 22:12:13.795148202,2026,4,22,22:00,12,22:12
41.1,18.9,2026-04-22 22:13:13.704827789,2026,4,22,22:00,13,22:13
41.1,18.9,2026-04-22 22:14:13.294907745,2026,4,22,22:00,14,22:14
41.1,18.9,2026-04-22 22:15:13.662756729,2026,4,22,22:00,15,22:15
41.1,18.9,2026-04-22 22:16:13.683444733,2026,4,22,22:00,16,22:16
41.2,18.9,2026-04-22 22:17:06.725813934,2026,4,22,22:00,17,22:17
41.1,18.9,2026-04-22 22:18:13.728165975,2026,4,22,22:00,18,22:18
41.0,18.9,2026-04-22 22:19:13.388248003,2026,4,22,22:00,19,22:19
40.9,18.9,2026-04-22 22:20:13.649149503,2026,4,22,22:00,20,22:20
40.4,18.9,2026-04-22 22:21:13.659118699,2026,4,22,22:00,21,22:21
40.7,18.9,2026-04-22 22:22:13.665791347,2026,4,22,22:00,22,22:22
40.6,18.9,2026-04-22 22:23:13.632650385,2026,4,22,22:00,23,22:23
40.1,18.9,2026-04-22 22:24:13.243992096,2026,4,22,22:00,24,22:24
40.1,18.9,2026-04-22 22:25:13.668472822,2026,4,22,22:00,25,22:25
39.4,18.9,2026-04-22 22:26:13.689815371,2026,4,22,22:00,26,22:26
40.0,18.8,2026-04-22 22:27:14.067739424,2026,4,22,22:00,27,22:27
39.9,18.8,2026-04-22 22:28:13.650804792,2026,4,22,22:00,28,22:28
40.1,18.8,2026-04-22 22:29:06.239069592,2026,4,22,22:00,29,22:29
39.4,18.8,2026-04-22 22:30:06.630962307,2026,4,22,22:00,30,22:30
39.7,18.8,2026-04-22 22:31:13.689192976,2026,4,22,22:00,31,22:31
39.7,18.8,2026-04-22 22:32:13.685229820,2026,4,22,22:00,32,22:32
39.8,18.8,2026-04-22 22:33:13.674758721,2026,4,22,22:00,33,22:33
39.4,18.8,2026-04-22 22:34:13.266062353,2026,4,22,22:00,34,22:34
39.6,18.8,2026-04-22 22:35:13.643436916,2026,4,22,22:00,35,22:35
39.5,18.8,2026-04-22 22:36:13.645116738,2026,4,22,22:00,36,22:36
39.8,18.8,2026-04-22 22:37:13.643024632,2026,4,22,22:00,37,22:37
40.0,18.8,2026-04-22 22:38:13.765217760,2026,4,22,22:00,38,22:38
39.9,18.8,2026-04-22 22:39:13.650487733,2026,4,22,22:00,39,22:39
40.1,18.8,2026-04-22 22:40:13.676419189,2026,4,22,22:00,40,22:40
40.0,18.8,2026-04-22 22:41:13.673050104,2026,4,22,22:00,41,22:41
39.8,18.8,2026-04-22 22:42:06.637543084,2026,4,22,22:00,42,22:42
39.9,18.8,2026-04-22 22:43:13.246628968,2026,4,22,22:00,43,22:43
40.0,18.8,2026-04-22 22:44:13.249692548,2026,4,22,22:00,44,22:44
40.1,18.8,2026-04-22 22:45:13.242869030,2026,4,22,22:00,45,22:45
40.2,18.8,2026-04-22 22:46:13.236142133,2026,4,22,22:00,46,22:46
40.2,18.8,2026-04-22 22:47:13.375221238,2026,4,22,22:00,47,22:47
40.2,18.8,2026-04-22 22:48:13.334180636,2026,4,22,22:00,48,22:48
40.3,18.8,2026-04-22 22:49:13.246983406,2026,4,22,22:00,49,22:49
40.2,18.8,2026-04-22 22:50:13.246152542,2026,4,22,22:00,50,22:50
40.3,18.8,2026-04-22 22:51:13.263062246,2026,4,22,22:00,51,22:51
40.3,18.8,2026-04-22 22:52:13.319929648,2026,4,22,22:00,52,22:52
40.3,18.8,2026-04-22 22:53:13.260138286,2026,4,22,22:00,53,22:53
40.3,18.8,2026-04-22 22:54:13.258894844,2026,4,22,22:00,54,22:54
40.3,18.8,2026-04-22 22:55:13.264234033,2026,4,22,22:00,55,22:55
40.3,18.8,2026-04-22 22:56:13.279087096,2026,4,22,22:00,56,22:56
40.2,18.8,2026-04-22 22:57:06.222101980,2026,4,22,22:00,57,22:57
40.2,18.8,2026-04-22 22:58:13.317130725,2026,4,22,22:00,58,22:58
40.3,18.8,2026-04-22 22:59:06.238574745,2026,4,22,22:00,59,22:59
40.2,18.8,2026-04-22 23:00:13.258575654,2026,4,22,23:00,0,23:00
40.3,18.8,2026-04-22 23:01:06.217031974,2026,4,22,23:00,1,23:01
40.3,18.9,2026-04-22 23:02:13.234994876,2026,4,22,23:00,2,23:02
40.3,18.9,2026-04-22 23:03:13.699687951,2026,4,22,23:00,3,23:03
40.2,18.9,2026-04-22 23:04:13.680511095,2026,4,22,23:00,4,23:04
40.4,18.9,2026-04-22 23:05:13.261688328,2026,4,22,23:00,5,23:05
40.3,18.9,2026-04-22 23:06:06.234401830,2026,4,22,23:00,6,23:06
40.3,18.9,2026-04-22 23:07:13.251901326,2026,4,22,23:00,7,23:07
40.3,19.0,2026-04-22 23:08:13.634201344,2026,4,22,23:00,8,23:08
40.4,19.0,2026-04-22 23:09:13.252439646,2026,4,22,23:00,9,23:09
40.3,19.0,2026-04-22 23:10:13.232128897,2026,4,22,23:00,10,23:10
40.3,19.0,2026-04-22 23:11:13.316768721,2026,4,22,23:00,11,23:11
40.4,19.0,2026-04-22 23:12:06.228744027,2026,4,22,23:00,12,23:12
40.3,19.0,2026-04-22 23:13:08.296815907,2026,4,22,23:00,13,23:13
40.5,19.0,2026-04-22 23:14:08.303410478,2026,4,22,23:00,14,23:14
40.3,19.0,2026-04-22 23:15:15.324915100,2026,4,22,23:00,15,23:15
40.4,19.0,2026-04-22 23:16:15.734495707,2026,4,22,23:00,16,23:16
40.5,19.0,2026-04-22 23:17:15.667096513,2026,4,22,23:00,17,23:17
40.4,19.0,2026-04-22 23:18:08.319917896,2026,4,22,23:00,18,23:18
40.3,19.0,2026-04-22 23:19:15.711707814,2026,4,22,23:00,19,23:19
40.3,19.0,2026-04-22 23:20:15.731448675,2026,4,22,23:00,20,23:20
40.3,19.0,2026-04-22 23:21:15.850377724,2026,4,22,23:00,21,23:21
40.4,19.0,2026-04-22 23:22:15.622715315,2026,4,22,23:00,22,23:22
40.4,19.0,2026-04-22 23:23:15.714263683,2026,4,22,23:00,23,23:23
40.5,19.0,2026-04-22 23:24:15.713801355,2026,4,22,23:00,24,23:24
40.4,19.0,2026-04-22 23:25:15.609311555,2026,4,22,23:00,25,23:25
40.5,19.0,2026-04-22 23:26:15.742154889,2026,4,22,23:00,26,23:26
40.6,19.0,2026-04-22 23:27:15.311919521,2026,4,22,23:00,27,23:27
40.5,19.0,2026-04-22 23:28:15.418219839,2026,4,22,23:00,28,23:28
40.6,19.0,2026-04-22 23:29:15.310291995,2026,4,22,23:00,29,23:29
40.6,19.0,2026-04-22 23:30:15.752545151,2026,4,22,23:00,30,23:30
40.6,19.0,2026-04-22 23:31:15.737997739,2026,4,22,23:00,31,23:31
40.6,19.0,2026-04-22 23:32:08.308647496,2026,4,22,23:00,32,23:32
40.5,19.0,2026-04-22 23:33:15.309294972,2026,4,22,23:00,33,23:33
40.6,19.0,2026-04-22 23:34:15.415744897,2026,4,22,23:00,34,23:34
40.6,19.0,2026-04-22 23:35:15.325923678,2026,4,22,23:00,35,23:35
40.7,19.0,2026-04-22 23:36:15.335534350,2026,4,22,23:00,36,23:36
40.7,19.0,2026-04-22 23:37:15.325646388,2026,4,22,23:00,37,23:37
40.8,19.0,2026-04-22 23:38:15.407502225,2026,4,22,23:00,38,23:38
40.8,18.9,2026-04-22 23:39:15.299068275,2026,4,22,23:00,39,23:39
40.8,19.0,2026-04-22 23:40:16.947488347,2026,4,22,23:00,40,23:40
40.8,19.0,2026-04-22 23:41:24.354381794,2026,4,22,23:00,41,23:41
40.9,18.9,2026-04-22 23:42:24.381393851,2026,4,22,23:00,42,23:42
40.8,19.0,2026-04-22 23:43:24.360143337,2026,4,22,23:00,43,23:43
40.9,18.9,2026-04-22 23:44:24.352452881,2026,4,22,23:00,44,23:44
40.8,18.9,2026-04-22 23:45:24.266615997,2026,4,22,23:00,45,23:45
40.8,18.9,2026-04-22 23:46:24.360181096,2026,4,22,23:00,46,23:46
40.8,18.9,2026-04-22 23:47:24.508936786,2026,4,22,23:00,47,23:47
40.9,18.9,2026-04-22 23:48:17.336659939,2026,4,22,23:00,48,23:48
40.9,18.9,2026-04-22 23:49:24.359338101,2026,4,22,23:00,49,23:49
40.9,18.9,2026-04-22 23:50:24.354921501,2026,4,22,23:00,50,23:50
40.6,18.9,2026-04-22 23:51:24.413272479,2026,4,22,23:00,51,23:51
40.7,18.9,2026-04-22 23:52:17.340615345,2026,4,22,23:00,52,23:52
40.9,18.9,2026-04-22 23:53:24.517790893,2026,4,22,23:00,53,23:53
40.9,18.9,2026-04-22 23:54:23.945102561,2026,4,22,23:00,54,23:54
40.6,18.9,2026-04-22 23:55:24.458089042,2026,4,22,23:00,55,23:55
40.0,18.8,2026-04-22 23:56:17.246619870,2026,4,22,23:00,56,23:56
39.7,18.8,2026-04-22 23:57:24.364124126,2026,4,22,23:00,57,23:57
39.3,18.8,2026-04-22 23:58:24.365866414,2026,4,22,23:00,58,23:58
39.5,18.8,2026-04-22 23:59:23.971900240,2026,4,22,23:00,59,23:59
38.9,18.7,2026-04-23 00:00:24.363455108,2026,4,23,00:00,0,00:00
38.7,18.7,2026-04-23 00:01:24.358819632,2026,4,23,00:00,1,00:01
38.4,18.7,2026-04-23 00:02:24.358580596,2026,4,23,00:00,2,00:02
38.3,18.7,2026-04-23 00:03:24.354607652,2026,4,23,00:00,3,00:03
38.2,18.7,2026-04-23 00:04:24.248681867,2026,4,23,00:00,4,00:04
38.1,18.7,2026-04-23 00:05:24.359827873,2026,4,23,00:00,5,00:05
38.0,18.7,2026-04-23 00:06:24.370142555,2026,4,23,00:00,6,00:06
37.9,18.6,2026-04-23 00:07:24.367768753,2026,4,23,00:00,7,00:07
37.8,18.6,2026-04-23 00:08:24.388851320,2026,4,23,00:00,8,00:08
38.0,18.6,2026-04-23 00:09:24.450317100,2026,4,23,00:00,9,00:09
38.3,18.6,2026-04-23 00:10:17.349831357,2026,4,23,00:00,10,00:10
38.8,18.6,2026-04-23 00:11:24.266058467,2026,4,23,00:00,11,00:11
38.9,18.6,2026-04-23 00:12:24.355921536,2026,4,23,00:00,12,00:12
38.9,18.6,2026-04-23 00:13:24.487608846,2026,4,23,00:00,13,00:13
38.9,18.6,2026-04-23 00:14:24.256160836,2026,4,23,00:00,14,00:14
38.8,18.6,2026-04-23 00:15:24.362704193,2026,4,23,00:00,15,00:15
38.9,18.6,2026-04-23 00:16:24.370566497,2026,4,23,00:00,16,00:16
39.2,18.6,2026-04-23 00:17:17.339086863,2026,4,23,00:00,17,00:17
39.6,18.6,2026-04-23 00:18:24.398292331,2026,4,23,00:00,18,00:18
39.7,18.6,2026-04-23 00:19:24.360096410,2026,4,23,00:00,19,00:19
39.7,18.6,2026-04-23 00:20:18.862222063,2026,4,23,00:00,20,00:20
39.7,18.7,2026-04-23 00:21:26.267661885,2026,4,23,00:00,21,00:21
39.9,18.7,2026-04-23 00:22:26.272345144,2026,4,23,00:00,22,00:22
39.8,18.7,2026-04-23 00:23:26.323991125,2026,4,23,00:00,23,00:23
39.9,18.7,2026-04-23 00:24:26.268367280,2026,4,23,00:00,24,00:24
40.0,18.7,2026-04-23 00:25:26.272903411,2026,4,23,00:00,25,00:25
39.9,18.7,2026-04-23 00:26:26.274071505,2026,4,23,00:00,26,00:26
40.0,18.7,2026-04-23 00:27:26.306769228,2026,4,23,00:00,27,00:27
40.0,18.7,2026-04-23 00:28:19.255581872,2026,4,23,00:00,28,00:28
40.0,18.7,2026-04-23 00:29:26.251833386,2026,4,23,00:00,29,00:29
40.0,18.8,2026-04-23 00:30:19.248722079,2026,4,23,00:00,30,00:30
40.1,18.8,2026-04-23 00:31:18.849719792,2026,4,23,00:00,31,00:31
40.1,18.8,2026-04-23 00:32:26.263022909,2026,4,23,00:00,32,00:32
40.1,18.8,2026-04-23 00:33:26.286850664,2026,4,23,00:00,33,00:33
40.1,18.8,2026-04-23 00:34:26.267271919,2026,4,23,00:00,34,00:34
40.0,18.8,2026-04-23 00:35:25.861910339,2026,4,23,00:00,35,00:35
40.1,18.8,2026-04-23 00:36:25.860732106,2026,4,23,00:00,36,00:36
40.1,18.8,2026-04-23 00:37:25.871136982,2026,4,23,00:00,37,00:37
40.1,18.8,2026-04-23 00:38:25.906279480,2026,4,23,00:00,38,00:38
40.1,18.8,2026-04-23 00:39:26.405463539,2026,4,23,00:00,39,00:39
40.1,18.8,2026-04-23 00:40:24.925328301,2026,4,23,00:00,40,00:40
40.1,18.8,2026-04-23 00:41:18.835680391,2026,4,23,00:00,41,00:41
40.1,18.8,2026-04-23 00:42:25.860951826,2026,4,23,00:00,42,00:42
40.2,18.8,2026-04-23 00:43:25.879886685,2026,4,23,00:00,43,00:43
40.3,18.8,2026-04-23 00:44:26.273631128,2026,4,23,00:00,44,00:44
40.3,18.8,2026-04-23 00:45:26.260910825,2026,4,23,00:00,45,00:45
40.2,18.8,2026-04-23 00:46:26.267286326,2026,4,23,00:00,46,00:46
40.3,18.8,2026-04-23 00:47:26.258153275,2026,4,23,00:00,47,00:47
40.3,18.8,2026-04-23 00:48:26.255671264,2026,4,23,00:00,48,00:48
40.3,18.8,2026-04-23 00:49:26.264933543,2026,4,23,00:00,49,00:49
40.3,18.8,2026-04-23 00:50:26.163199588,2026,4,23,00:00,50,00:50
40.4,18.8,2026-04-23 00:51:19.238709386,2026,4,23,00:00,51,00:51
40.4,18.8,2026-04-23 00:52:26.296395074,2026,4,23,00:00,52,00:52
40.4,18.8,2026-04-23 00:53:26.267100872,2026,4,23,00:00,53,00:53
40.5,18.8,2026-04-23 00:54:26.266491752,2026,4,23,00:00,54,00:54
40.6,18.8,2026-04-23 00:55:26.291697881,2026,4,23,00:00,55,00:55
40.7,18.8,2026-04-23 00:56:26.294474186,2026,4,23,00:00,56,00:56
40.6,18.8,2026-04-23 00:57:26.267859243,2026,4,23,00:00,57,00:57
40.6,18.8,2026-04-23 00:58:26.273725288,2026,4,23,00:00,58,00:58
40.5,18.8,2026-04-23 00:59:25.854082890,2026,4,23,00:00,59,00:59
40.5,18.8,2026-04-23 01:00:26.436197385,2026,4,23,01:00,0,01:00
40.5,18.8,2026-04-23 01:01:26.261224723,2026,4,23,01:00,1,01:01
40.5,18.8,2026-04-23 01:02:26.253140944,2026,4,23,01:00,2,01:02
40.6,18.8,2026-04-23 01:03:26.399598868,2026,4,23,01:00,3,01:03
40.6,18.8,2026-04-23 01:04:19.250911610,2026,4,23,01:00,4,01:04
40.6,18.8,2026-04-23 01:05:26.286728308,2026,4,23,01:00,5,01:05
40.6,18.8,2026-04-23 01:06:26.255948673,2026,4,23,01:00,6,01:06
40.7,18.8,2026-04-23 01:07:19.246893725,2026,4,23,01:00,7,01:07
40.7,18.8,2026-04-23 01:08:26.288306308,2026,4,23,01:00,8,01:08
40.5,18.8,2026-04-23 01:09:26.282823923,2026,4,23,01:00,9,01:09
40.5,18.8,2026-04-23 01:10:26.272058821,2026,4,23,01:00,10,01:10
40.4,18.8,2026-04-23 01:11:26.284893479,2026,4,23,01:00,11,01:11
40.5,18.8,2026-04-23 01:12:26.263894313,2026,4,23,01:00,12,01:12
40.5,18.8,2026-04-23 01:13:26.254608317,2026,4,23,01:00,13,01:13
40.7,18.8,2026-04-23 01:14:26.248611154,2026,4,23,01:00,14,01:14
40.9,18.8,2026-04-23 01:15:20.353094278,2026,4,23,01:00,15,01:15
40.9,18.8,2026-04-23 01:16:20.355327818,2026,4,23,01:00,16,01:16
40.9,18.8,2026-04-23 01:17:27.763848810,2026,4,23,01:00,17,01:17
41.0,18.8,2026-04-23 01:18:27.759268522,2026,4,23,01:00,18,01:18
41.0,18.8,2026-04-23 01:19:27.672292703,2026,4,23,01:00,19,01:19
41.0,18.8,2026-04-23 01:20:20.748008768,2026,4,23,01:00,20,01:20
40.6,18.8,2026-04-23 01:21:20.341162984,2026,4,23,01:00,21,01:21
40.8,18.7,2026-04-23 01:22:27.780208492,2026,4,23,01:00,22,01:22
40.6,18.7,2026-04-23 01:23:27.760543635,2026,4,23,01:00,23,01:23
40.4,18.7,2026-04-23 01:24:27.749238938,2026,4,23,01:00,24,01:24
40.7,18.7,2026-04-23 01:25:27.758450868,2026,4,23,01:00,25,01:25
40.5,18.7,2026-04-23 01:26:27.647467025,2026,4,23,01:00,26,01:26
40.7,18.7,2026-04-23 01:27:27.783990793,2026,4,23,01:00,27,01:27
40.6,18.7,2026-04-23 01:28:27.755151800,2026,4,23,01:00,28,01:28
40.7,18.7,2026-04-23 01:29:27.781582302,2026,4,23,01:00,29,01:29
40.8,18.7,2026-04-23 01:30:20.675655863,2026,4,23,01:00,30,01:30
40.7,18.7,2026-04-23 01:31:27.786478617,2026,4,23,01:00,31,01:31
40.7,18.7,2026-04-23 01:32:20.737513154,2026,4,23,01:00,32,01:32
40.8,18.7,2026-04-23 01:33:27.750942490,2026,4,23,01:00,33,01:33
40.7,18.7,2026-04-23 01:34:27.756065547,2026,4,23,01:00,34,01:34
40.7,18.7,2026-04-23 01:35:27.761008508,2026,4,23,01:00,35,01:35
40.5,18.7,2026-04-23 01:36:27.789419307,2026,4,23,01:00,36,01:36
40.6,18.6,2026-04-23 01:37:27.746593607,2026,4,23,01:00,37,01:37
40.7,18.6,2026-04-23 01:38:27.778112175,2026,4,23,01:00,38,01:38
40.8,18.6,2026-04-23 01:39:27.765971386,2026,4,23,01:00,39,01:39
41.0,18.6,2026-04-23 01:40:27.743945555,2026,4,23,01:00,40,01:40
41.0,18.7,2026-04-23 01:41:27.684291324,2026,4,23,01:00,41,01:41
41.2,18.7,2026-04-23 01:42:20.747281312,2026,4,23,01:00,42,01:42
41.1,18.7,2026-04-23 01:43:27.750638296,2026,4,23,01:00,43,01:43
41.1,18.7,2026-04-23 01:44:27.739307835,2026,4,23,01:00,44,01:44
41.1,18.7,2026-04-23 01:45:27.774270173,2026,4,23,01:00,45,01:45
41.1,18.7,2026-04-23 01:46:20.738440340,2026,4,23,01:00,46,01:46
41.1,18.7,2026-04-23 01:47:27.740833005,2026,4,23,01:00,47,01:47
41.0,18.7,2026-04-23 01:48:27.751606726,2026,4,23,01:00,48,01:48
41.0,18.8,2026-04-23 01:49:27.746878032,2026,4,23,01:00,49,01:49
41.0,18.7,2026-04-23 01:50:20.732150449,2026,4,23,01:00,50,01:50
40.9,18.8,2026-04-23 01:51:27.755466555,2026,4,23,01:00,51,01:51
40.9,18.8,2026-04-23 01:52:20.641281024,2026,4,23,01:00,52,01:52
40.9,18.8,2026-04-23 01:53:27.782429380,2026,4,23,01:00,53,01:53
40.9,18.8,2026-04-23 01:54:20.730917682,2026,4,23,01:00,54,01:54
40.9,18.8,2026-04-23 01:55:27.756836050,2026,4,23,01:00,55,01:55
40.9,18.8,2026-04-23 01:56:24.413706632,2026,4,23,01:00,56,01:56
40.9,18.8,2026-04-23 01:57:35.537153400,2026,4,23,01:00,57,01:57
40.8,18.8,2026-04-23 01:58:38.071797017,2026,4,23,01:00,58,01:58
40.8,18.8,2026-04-23 01:59:45.473868914,2026,4,23,01:00,59,01:59
40.8,18.8,2026-04-23 02:00:45.406460024,2026,4,23,02:00,0,02:00
40.9,18.8,2026-04-23 02:01:45.510318653,2026,4,23,02:00,1,02:01
40.9,18.8,2026-04-23 02:02:45.522874366,2026,4,23,02:00,2,02:02
40.8,18.8,2026-04-23 02:03:38.468373638,2026,4,23,02:00,3,02:03
40.9,18.8,2026-04-23 02:04:45.506484945,2026,4,23,02:00,4,02:04
40.9,18.8,2026-04-23 02:05:45.517006019,2026,4,23,02:00,5,02:05
40.9,18.8,2026-04-23 02:06:45.392214717,2026,4,23,02:00,6,02:06
40.8,18.8,2026-04-23 02:07:38.360926441,2026,4,23,02:00,7,02:07
40.8,18.8,2026-04-23 02:08:45.491012568,2026,4,23,02:00,8,02:08
40.8,18.8,2026-04-23 02:09:45.505387907,2026,4,23,02:00,9,02:09
40.7,18.7,2026-04-23 02:10:45.486322649,2026,4,23,02:00,10,02:10
40.8,18.7,2026-04-23 02:11:45.478945613,2026,4,23,02:00,11,02:11
40.8,18.8,2026-04-23 02:12:45.493619550,2026,4,23,02:00,12,02:12
40.8,18.8,2026-04-23 02:13:45.484754498,2026,4,23,02:00,13,02:13
40.8,18.7,2026-04-23 02:14:45.475681991,2026,4,23,02:00,14,02:14
40.7,18.8,2026-04-23 02:15:45.489386859,2026,4,23,02:00,15,02:15
40.8,18.7,2026-04-23 02:16:45.501741949,2026,4,23,02:00,16,02:16
40.8,18.7,2026-04-23 02:17:38.463253305,2026,4,23,02:00,17,02:17
40.8,18.7,2026-04-23 02:18:45.502405255,2026,4,23,02:00,18,02:18
40.8,18.7,2026-04-23 02:19:45.480293408,2026,4,23,02:00,19,02:19
40.7,18.7,2026-04-23 02:20:45.554006410,2026,4,23,02:00,20,02:20
40.6,18.7,2026-04-23 02:21:45.492246474,2026,4,23,02:00,21,02:21
40.7,18.7,2026-04-23 02:22:45.512314729,2026,4,23,02:00,22,02:22
40.7,18.7,2026-04-23 02:23:45.480071542,2026,4,23,02:00,23,02:23
40.7,18.7,2026-04-23 02:24:45.522263891,2026,4,23,02:00,24,02:24
40.8,18.7,2026-04-23 02:25:45.481618738,2026,4,23,02:00,25,02:25
40.8,18.7,2026-04-23 02:26:45.480247757,2026,4,23,02:00,26,02:26
40.7,18.7,2026-04-23 02:27:45.470824971,2026,4,23,02:00,27,02:27
40.8,18.7,2026-04-23 02:28:45.475259536,2026,4,23,02:00,28,02:28
40.8,18.7,2026-04-23 02:29:45.469755434,2026,4,23,02:00,29,02:29
40.8,18.7,2026-04-23 02:30:45.485790542,2026,4,23,02:00,30,02:30
40.8,18.7,2026-04-23 02:31:45.505530916,2026,4,23,02:00,31,02:31
40.5,18.7,2026-04-23 02:32:45.466832307,2026,4,23,02:00,32,02:32
40.7,18.7,2026-04-23 02:33:45.507213488,2026,4,23,02:00,33,02:33
40.4,18.7,2026-04-23 02:34:45.479891394,2026,4,23,02:00,34,02:34
40.5,18.7,2026-04-23 02:35:38.455955692,2026,4,23,02:00,35,02:35
40.6,18.7,2026-04-23 02:36:38.052322233,2026,4,23,02:00,36,02:36
40.4,18.7,2026-04-23 02:37:45.503131601,2026,4,23,02:00,37,02:37
40.5,18.7,2026-04-23 02:38:38.454781180,2026,4,23,02:00,38,02:38
40.5,18.7,2026-04-23 02:39:45.483530772,2026,4,23,02:00,39,02:39
40.6,18.7,2026-04-23 02:40:45.475988991,2026,4,23,02:00,40,02:40
40.6,18.6,2026-04-23 02:41:45.474232313,2026,4,23,02:00,41,02:41
40.6,18.6,2026-04-23 02:42:45.479085116,2026,4,23,02:00,42,02:42
40.7,18.6,2026-04-23 02:43:45.463614671,2026,4,23,02:00,43,02:43
40.6,18.6,2026-04-23 02:44:45.483938888,2026,4,23,02:00,44,02:44
40.6,18.6,2026-04-23 02:45:45.467807987,2026,4,23,02:00,45,02:45
40.6,18.6,2026-04-23 02:46:45.475935286,2026,4,23,02:00,46,02:46
40.6,18.6,2026-04-23 02:47:38.437910052,2026,4,23,02:00,47,02:47
40.5,18.6,2026-04-23 02:48:45.557098335,2026,4,23,02:00,48,02:48
40.6,18.6,2026-04-23 02:49:45.480052533,2026,4,23,02:00,49,02:49
40.6,18.6,2026-04-23 02:50:45.507329280,2026,4,23,02:00,50,02:50
40.7,18.6,2026-04-23 02:51:45.451263602,2026,4,23,02:00,51,02:51
40.7,18.6,2026-04-23 02:52:45.455061935,2026,4,23,02:00,52,02:52
40.9,18.6,2026-04-23 02:53:45.527493849,2026,4,23,02:00,53,02:53
41.0,18.6,2026-04-23 02:54:45.077905091,2026,4,23,02:00,54,02:54
40.9,18.6,2026-04-23 02:55:45.494461333,2026,4,23,02:00,55,02:55
41.0,18.6,2026-04-23 02:56:38.451453366,2026,4,23,02:00,56,02:56
41.2,18.6,2026-04-23 02:57:38.451030353,2026,4,23,02:00,57,02:57
41.1,18.6,2026-04-23 02:58:45.462185139,2026,4,23,02:00,58,02:58
41.1,18.6,2026-04-23 02:59:38.445523704,2026,4,23,02:00,59,02:59
41.1,18.6,2026-04-23 03:00:45.494398528,2026,4,23,03:00,0,03:00
41.1,18.6,2026-04-23 03:01:45.493981138,2026,4,23,03:00,1,03:01
41.0,18.6,2026-04-23 03:02:38.456079564,2026,4,23,03:00,2,03:02
41.0,18.7,2026-04-23 03:03:45.459869089,2026,4,23,03:00,3,03:03
41.0,18.6,2026-04-23 03:04:45.464451476,2026,4,23,03:00,4,03:04
41.0,18.7,2026-04-23 03:05:45.464249359,2026,4,23,03:00,5,03:05
41.0,18.7,2026-04-23 03:06:45.459940542,2026,4,23,03:00,6,03:06
41.0,18.7,2026-04-23 03:07:45.465201032,2026,4,23,03:00,7,03:07
40.9,18.7,2026-04-23 03:08:45.519779606,2026,4,23,03:00,8,03:08
40.9,18.7,2026-04-23 03:09:45.463011336,2026,4,23,03:00,9,03:09
41.0,18.7,2026-04-23 03:10:45.363094421,2026,4,23,03:00,10,03:10
40.9,18.7,2026-04-23 03:11:45.486853654,2026,4,23,03:00,11,03:11
40.9,18.7,2026-04-23 03:12:45.454597534,2026,4,23,03:00,12,03:12
40.9,18.7,2026-04-23 03:13:45.371626228,2026,4,23,03:00,13,03:13
40.9,18.7,2026-04-23 03:14:45.461741860,2026,4,23,03:00,14,03:14
40.9,18.7,2026-04-23 03:15:45.490588345,2026,4,23,03:00,15,03:15
40.9,18.6,2026-04-23 03:16:45.462294025,2026,4,23,03:00,16,03:16
40.9,18.6,2026-04-23 03:17:45.454184106,2026,4,23,03:00,17,03:17
40.9,18.7,2026-04-23 03:18:45.462292379,2026,4,23,03:00,18,03:18
41.0,18.6,2026-04-23 03:19:38.441629448,2026,4,23,03:00,19,03:19
40.5,18.6,2026-04-23 03:20:45.448928333,2026,4,23,03:00,20,03:20
40.7,18.6,2026-04-23 03:21:38.444358127,2026,4,23,03:00,21,03:21
40.7,18.6,2026-04-23 03:22:45.469495063,2026,4,23,03:00,22,03:22
40.6,18.6,2026-04-23 03:23:45.453250649,2026,4,23,03:00,23,03:23
40.8,18.6,2026-04-23 03:24:45.463279445,2026,4,23,03:00,24,03:24
40.8,18.6,2026-04-23 03:25:38.441643505,2026,4,23,03:00,25,03:25
40.8,18.6,2026-04-23 03:26:45.455421748,2026,4,23,03:00,26,03:26
40.9,18.6,2026-04-23 03:27:45.488449350,2026,4,23,03:00,27,03:27
40.8,18.6,2026-04-23 03:28:45.460143847,2026,4,23,03:00,28,03:28
40.8,18.6,2026-04-23 03:29:45.350798509,2026,4,23,03:00,29,03:29
40.8,18.6,2026-04-23 03:30:45.447784392,2026,4,23,03:00,30,03:30
40.8,18.6,2026-04-23 03:31:45.452180381,2026,4,23,03:00,31,03:31
40.8,18.6,2026-04-23 03:32:45.350817993,2026,4,23,03:00,32,03:32
40.7,18.6,2026-04-23 03:33:45.484902338,2026,4,23,03:00,33,03:33
40.6,18.6,2026-04-23 03:34:38.436841583,2026,4,23,03:00,34,03:34
40.6,18.6,2026-04-23 03:35:45.361374759,2026,4,23,03:00,35,03:35
40.6,18.5,2026-04-23 03:36:45.485815728,2026,4,23,03:00,36,03:36
40.5,18.5,2026-04-23 03:37:45.477449146,2026,4,23,03:00,37,03:37
40.5,18.5,2026-04-23 03:38:45.477241916,2026,4,23,03:00,38,03:38
40.5,18.5,2026-04-23 03:39:38.434819641,2026,4,23,03:00,39,03:39
40.4,18.5,2026-04-23 03:40:44.498855838,2026,4,23,03:00,40,03:40
40.3,18.5,2026-04-23 03:41:45.479087653,2026,4,23,03:00,41,03:41
40.3,18.5,2026-04-23 03:42:38.435256676,2026,4,23,03:00,42,03:42
40.3,18.5,2026-04-23 03:43:45.455068230,2026,4,23,03:00,43,03:43
40.3,18.5,2026-04-23 03:44:45.483967042,2026,4,23,03:00,44,03:44
40.3,18.5,2026-04-23 03:45:38.442360963,2026,4,23,03:00,45,03:45
40.3,18.5,2026-04-23 03:46:45.452465039,2026,4,23,03:00,46,03:46
40.3,18.5,2026-04-23 03:47:45.524604006,2026,4,23,03:00,47,03:47
40.3,18.5,2026-04-23 03:48:45.462032226,2026,4,23,03:00,48,03:48
40.3,18.5,2026-04-23 03:49:45.451704355,2026,4,23,03:00,49,03:49
40.4,18.5,2026-04-23 03:50:38.422461849,2026,4,23,03:00,50,03:50
40.6,18.5,2026-04-23 03:51:45.357663604,2026,4,23,03:00,51,03:51
40.6,18.5,2026-04-23 03:52:45.453160737,2026,4,23,03:00,52,03:52
40.6,18.5,2026-04-23 03:53:45.451380515,2026,4,23,03:00,53,03:53
40.6,18.4,2026-04-23 03:54:45.512280453,2026,4,23,03:00,54,03:54
40.6,18.4,2026-04-23 03:55:45.455422334,2026,4,23,03:00,55,03:55
40.7,18.4,2026-04-23 03:56:45.445013367,2026,4,23,03:00,56,03:56
40.7,18.5,2026-04-23 03:57:45.469252811,2026,4,23,03:00,57,03:57
40.7,18.4,2026-04-23 03:58:38.428752436,2026,4,23,03:00,58,03:58
40.7,18.4,2026-04-23 03:59:45.481407913,2026,4,23,03:00,59,03:59
40.6,18.5,2026-04-23 04:00:45.465963514,2026,4,23,04:00,0,04:00
40.7,18.4,2026-04-23 04:01:38.434572773,2026,4,23,04:00,1,04:01
40.9,18.4,2026-04-23 04:02:45.519374184,2026,4,23,04:00,2,04:02
40.8,18.5,2026-04-23 04:03:38.428898779,2026,4,23,04:00,3,04:03
40.8,18.5,2026-04-23 04:04:45.348200771,2026,4,23,04:00,4,04:04
40.9,18.5,2026-04-23 04:05:45.490280125,2026,4,23,04:00,5,04:05
40.9,18.5,2026-04-23 04:06:45.440482091,2026,4,23,04:00,6,04:06
41.0,18.5,2026-04-23 04:07:45.446635012,2026,4,23,04:00,7,04:07
41.2,18.5,2026-04-23 04:08:45.473955215,2026,4,23,04:00,8,04:08
41.2,18.5,2026-04-23 04:09:45.467683468,2026,4,23,04:00,9,04:09
41.3,18.5,2026-04-23 04:10:45.448537359,2026,4,23,04:00,10,04:10
41.2,18.5,2026-04-23 04:11:45.444544399,2026,4,23,04:00,11,04:11
41.2,18.5,2026-04-23 04:12:45.446268499,2026,4,23,04:00,12,04:12
41.1,18.5,2026-04-23 04:13:45.460191236,2026,4,23,04:00,13,04:13
41.1,18.5,2026-04-23 04:14:45.450654561,2026,4,23,04:00,14,04:14
41.1,18.6,2026-04-23 04:15:45.447118869,2026,4,23,04:00,15,04:15
41.1,18.6,2026-04-23 04:16:41.587750854,2026,4,23,04:00,16,04:16
41.1,18.6,2026-04-23 04:17:48.999058897,2026,4,23,04:00,17,04:17
41.1,18.6,2026-04-23 04:18:41.985587695,2026,4,23,04:00,18,04:18
41.2,18.6,2026-04-23 04:19:49.025133321,2026,4,23,04:00,19,04:19
41.2,18.6,2026-04-23 04:20:41.586475870,2026,4,23,04:00,20,04:20
41.2,18.6,2026-04-23 04:21:48.987933202,2026,4,23,04:00,21,04:21
41.3,18.6,2026-04-23 04:22:49.002195812,2026,4,23,04:00,22,04:22
41.3,18.6,2026-04-23 04:23:49.016017210,2026,4,23,04:00,23,04:23
41.2,18.6,2026-04-23 04:24:41.994868871,2026,4,23,04:00,24,04:24
41.3,18.6,2026-04-23 04:25:49.021498863,2026,4,23,04:00,25,04:25
41.3,18.6,2026-04-23 04:26:48.997570121,2026,4,23,04:00,26,04:26
41.2,18.7,2026-04-23 04:27:41.997547531,2026,4,23,04:00,27,04:27
41.3,18.6,2026-04-23 04:28:48.999055707,2026,4,23,04:00,28,04:28
41.4,18.7,2026-04-23 04:29:49.013189823,2026,4,23,04:00,29,04:29
41.5,18.7,2026-04-23 04:30:49.015779690,2026,4,23,04:00,30,04:30
41.5,18.7,2026-04-23 04:31:49.000297322,2026,4,23,04:00,31,04:31
41.5,18.6,2026-04-23 04:32:48.998467140,2026,4,23,04:00,32,04:32
41.4,18.6,2026-04-23 04:33:48.997619902,2026,4,23,04:00,33,04:33
41.3,18.6,2026-04-23 04:34:49.005790440,2026,4,23,04:00,34,04:34
41.5,18.6,2026-04-23 04:35:49.023410093,2026,4,23,04:00,35,04:35
41.5,18.6,2026-04-23 04:36:49.030012648,2026,4,23,04:00,36,04:36
41.6,18.6,2026-04-23 04:37:41.972564027,2026,4,23,04:00,37,04:37
41.6,18.6,2026-04-23 04:38:49.006677678,2026,4,23,04:00,38,04:38
41.6,18.6,2026-04-23 04:39:48.929871405,2026,4,23,04:00,39,04:39
41.3,18.6,2026-04-23 04:40:41.985145705,2026,4,23,04:00,40,04:40
41.5,18.6,2026-04-23 04:41:48.951679871,2026,4,23,04:00,41,04:41
41.2,18.6,2026-04-23 04:42:48.991549686,2026,4,23,04:00,42,04:42
41.2,18.6,2026-04-23 04:43:49.043198095,2026,4,23,04:00,43,04:43
41.2,18.6,2026-04-23 04:44:41.973806977,2026,4,23,04:00,44,04:44
41.4,18.6,2026-04-23 04:45:49.026383696,2026,4,23,04:00,45,04:45
41.1,18.5,2026-04-23 04:46:42.012810720,2026,4,23,04:00,46,04:46
40.9,18.5,2026-04-23 04:47:49.003623113,2026,4,23,04:00,47,04:47
40.9,18.5,2026-04-23 04:48:49.010339678,2026,4,23,04:00,48,04:48
40.8,18.5,2026-04-23 04:49:49.106371584,2026,4,23,04:00,49,04:49
40.9,18.5,2026-04-23 04:50:49.007081745,2026,4,23,04:00,50,04:50
40.8,18.5,2026-04-23 04:51:41.997227911,2026,4,23,04:00,51,04:51
40.8,18.5,2026-04-23 04:52:41.576254588,2026,4,23,04:00,52,04:52
40.8,18.5,2026-04-23 04:53:49.022674200,2026,4,23,04:00,53,04:53
40.9,18.5,2026-04-23 04:54:41.984641470,2026,4,23,04:00,54,04:54
40.9,18.6,2026-04-23 04:55:42.751191048,2026,4,23,04:00,55,04:55
40.9,18.6,2026-04-23 04:56:50.173943219,2026,4,23,04:00,56,04:56
41.0,18.6,2026-04-23 04:57:50.080588602,2026,4,23,04:00,57,04:57
41.2,18.7,2026-04-23 04:58:50.165279981,2026,4,23,04:00,58,04:58
41.2,18.7,2026-04-23 04:59:50.184729933,2026,4,23,04:00,59,04:59
