humidity,location,pressure,temperature,time,wind_speed,year,month,day,hour,minute,time_only
46.0,alsogod,1015.9,14.1,2026-04-21 11:30:00,6.1,2026,4,21,11:00,30,11:30
45.86666666666667,alsogod,1015.9,14.113333333333332,2026-04-21 11:31:00,6.08,2026,4,21,11:00,31,11:31
45.73333333333333,alsogod,1015.9,14.126666666666669,2026-04-21 11:32:00,6.06,2026,4,21,11:00,32,11:32
45.6,alsogod,1015.9,14.14,2026-04-21 11:33:00,6.04,2026,4,21,11:00,33,11:33
45.46666666666667,alsogod,1015.9,14.153333333333332,2026-04-21 11:34:00,6.02,2026,4,21,11:00,34,11:34
45.333333333333336,alsogod,1015.9,14.166666666666666,2026-04-21 11:35:00,6.0,2026,4,21,11:00,35,11:35
45.2,alsogod,1015.9,14.18,2026-04-21 11:36:00,5.98,2026,4,21,11:00,36,11:36
45.06666666666667,alsogod,1015.9,14.193333333333332,2026-04-21 11:37:00,5.96,2026,4,21,11:00,37,11:37
44.93333333333333,alsogod,1015.9,14.206666666666669,2026-04-21 11:38:00,5.94,2026,4,21,11:00,38,11:38
44.8,alsogod,1015.9,14.22,2026-04-21 11:39:00,5.92,2026,4,21,11:00,39,11:39
44.66666666666666,alsogod,1015.9,14.233333333333334,2026-04-21 11:40:00,5.9,2026,4,21,11:00,40,11:40
44.53333333333333,alsogod,1015.9,14.246666666666668,2026-04-21 11:41:00,5.88,2026,4,21,11:00,41,11:41
44.4,alsogod,1015.9,14.26,2026-04-21 11:42:00,5.859999999999999,2026,4,21,11:00,42,11:42
44.266666666666666,alsogod,1015.9,14.273333333333332,2026-04-21 11:43:00,5.84,2026,4,21,11:00,43,11:43
44.13333333333333,alsogod,1015.9,14.286666666666669,2026-04-21 11:44:00,5.819999999999999,2026,4,21,11:00,44,11:44
44.0,alsogod,1015.9,14.3,2026-04-21 11:45:00,5.8,2026,4,21,11:00,45,11:45
43.93333333333333,alsogod,1015.8933333333332,14.306666666666668,2026-04-21 11:46:00,5.819999999999999,2026,4,21,11:00,46,11:46
43.86666666666667,alsogod,1015.8866666666668,14.313333333333334,2026-04-21 11:47:00,5.84,2026,4,21,11:00,47,11:47
43.8,alsogod,1015.88,14.32,2026-04-21 11:48:00,5.859999999999999,2026,4,21,11:00,48,11:48
43.73333333333333,alsogod,1015.8733333333332,14.326666666666668,2026-04-21 11:49:00,5.88,2026,4,21,11:00,49,11:49
43.66666666666666,alsogod,1015.8666666666668,14.333333333333334,2026-04-21 11:50:00,5.9,2026,4,21,11:00,50,11:50
43.6,alsogod,1015.86,14.34,2026-04-21 11:51:00,5.92,2026,4,21,11:00,51,11:51
43.53333333333333,alsogod,1015.8533333333334,14.346666666666668,2026-04-21 11:52:00,5.94,2026,4,21,11:00,52,11:52
43.46666666666667,alsogod,1015.8466666666666,14.353333333333332,2026-04-21 11:53:00,5.96,2026,4,21,11:00,53,11:53
43.4,alsogod,1015.84,14.36,2026-04-21 11:54:00,5.98,2026,4,21,11:00,54,11:54
43.333333333333336,alsogod,1015.8333333333331,14.366666666666667,2026-04-21 11:55:00,6.0,2026,4,21,11:00,55,11:55
43.266666666666666,alsogod,1015.8266666666666,14.373333333333331,2026-04-21 11:56:00,6.02,2026,4,21,11:00,56,11:56
43.2,alsogod,1015.82,14.38,2026-04-21 11:57:00,6.04,2026,4,21,11:00,57,11:57
43.13333333333333,alsogod,1015.8133333333332,14.386666666666668,2026-04-21 11:58:00,6.06,2026,4,21,11:00,58,11:58
43.06666666666667,alsogod,1015.8066666666666,14.393333333333334,2026-04-21 11:59:00,6.08,2026,4,21,11:00,59,11:59
43.0,alsogod,1015.8,14.4,2026-04-21 12:00:00,6.1,2026,4,21,12:00,0,12:00
42.93333333333333,alsogod,1015.7933333333332,14.4,2026-04-21 12:01:00,6.173333333333333,2026,4,21,12:00,1,12:01
42.86666666666667,alsogod,1015.7866666666666,14.4,2026-04-21 12:02:00,6.246666666666666,2026,4,21,12:00,2,12:02
42.8,alsogod,1015.78,14.4,2026-04-21 12:03:00,6.319999999999999,2026,4,21,12:00,3,12:03
42.73333333333333,alsogod,1015.7733333333332,14.4,2026-04-21 12:04:00,6.393333333333333,2026,4,21,12:00,4,12:04
42.66666666666666,alsogod,1015.7666666666668,14.4,2026-04-21 12:05:00,6.466666666666667,2026,4,21,12:00,5,12:05
42.6,alsogod,1015.76,14.4,2026-04-21 12:06:00,6.54,2026,4,21,12:00,6,12:06
42.53333333333333,alsogod,1015.7533333333332,14.4,2026-04-21 12:07:00,6.613333333333333,2026,4,21,12:00,7,12:07
42.46666666666667,alsogod,1015.7466666666668,14.4,2026-04-21 12:08:00,6.6866666666666665,2026,4,21,12:00,8,12:08
42.4,alsogod,1015.74,14.4,2026-04-21 12:09:00,6.76,2026,4,21,12:00,9,12:09
42.333333333333336,alsogod,1015.7333333333332,14.4,2026-04-21 12:10:00,6.833333333333333,2026,4,21,12:00,10,12:10
42.266666666666666,alsogod,1015.7266666666668,14.4,2026-04-21 12:11:00,6.906666666666666,2026,4,21,12:00,11,12:11
42.2,alsogod,1015.72,14.4,2026-04-21 12:12:00,6.98,2026,4,21,12:00,12,12:12
42.13333333333333,alsogod,1015.7133333333334,14.4,2026-04-21 12:13:00,7.053333333333334,2026,4,21,12:00,13,12:13
42.06666666666667,alsogod,1015.7066666666668,14.4,2026-04-21 12:14:00,7.126666666666667,2026,4,21,12:00,14,12:14
42.0,alsogod,1015.7,14.4,2026-04-21 12:15:00,7.2,2026,4,21,12:00,15,12:15
42.0,alsogod,1015.6933333333334,14.4,2026-04-21 12:16:00,7.32,2026,4,21,12:00,16,12:16
42.0,alsogod,1015.6866666666668,14.4,2026-04-21 12:17:00,7.44,2026,4,21,12:00,17,12:17
42.0,alsogod,1015.68,14.4,2026-04-21 12:18:00,7.56,2026,4,21,12:00,18,12:18
42.0,alsogod,1015.6733333333334,14.4,2026-04-21 12:19:00,7.68,2026,4,21,12:00,19,12:19
42.0,alsogod,1015.6666666666669,14.4,2026-04-21 12:20:00,7.8,2026,4,21,12:00,20,12:20
42.0,alsogod,1015.66,14.4,2026-04-21 12:21:00,7.92,2026,4,21,12:00,21,12:21
42.0,alsogod,1015.6533333333334,14.4,2026-04-21 12:22:00,8.040000000000001,2026,4,21,12:00,22,12:22
42.0,alsogod,1015.6466666666666,14.4,2026-04-21 12:23:00,8.16,2026,4,21,12:00,23,12:23
42.0,alsogod,1015.64,14.4,2026-04-21 12:24:00,8.28,2026,4,21,12:00,24,12:24
42.0,alsogod,1015.6333333333332,14.4,2026-04-21 12:25:00,8.4,2026,4,21,12:00,25,12:25
42.0,alsogod,1015.6266666666668,14.4,2026-04-21 12:26:00,8.52,2026,4,21,12:00,26,12:26
42.0,alsogod,1015.62,14.4,2026-04-21 12:27:00,8.64,2026,4,21,12:00,27,12:27
42.0,alsogod,1015.6133333333332,14.4,2026-04-21 12:28:00,8.76,2026,4,21,12:00,28,12:28
42.0,alsogod,1015.6066666666668,14.4,2026-04-21 12:29:00,8.88,2026,4,21,12:00,29,12:29
42.0,alsogod,1015.6,14.4,2026-04-21 12:30:00,9.0,2026,4,21,12:00,30,12:30
41.93333333333333,alsogod,1015.5933333333334,14.393333333333334,2026-04-21 12:31:00,9.093333333333334,2026,4,21,12:00,31,12:31
41.86666666666667,alsogod,1015.5866666666668,14.386666666666668,2026-04-21 12:32:00,9.186666666666667,2026,4,21,12:00,32,12:32
41.8,alsogod,1015.58,14.38,2026-04-21 12:33:00,9.28,2026,4,21,12:00,33,12:33
41.73333333333333,alsogod,1015.5733333333334,14.373333333333331,2026-04-21 12:34:00,9.373333333333331,2026,4,21,12:00,34,12:34
41.66666666666666,alsogod,1015.5666666666668,14.366666666666667,2026-04-21 12:35:00,9.466666666666669,2026,4,21,12:00,35,12:35
41.6,alsogod,1015.56,14.36,2026-04-21 12:36:00,9.56,2026,4,21,12:00,36,12:36
41.53333333333333,alsogod,1015.5533333333334,14.353333333333332,2026-04-21 12:37:00,9.653333333333334,2026,4,21,12:00,37,12:37
41.46666666666667,alsogod,1015.5466666666666,14.346666666666668,2026-04-21 12:38:00,9.746666666666666,2026,4,21,12:00,38,12:38
41.4,alsogod,1015.54,14.34,2026-04-21 12:39:00,9.84,2026,4,21,12:00,39,12:39
41.333333333333336,alsogod,1015.5333333333332,14.333333333333334,2026-04-21 12:40:00,9.933333333333334,2026,4,21,12:00,40,12:40
41.266666666666666,alsogod,1015.5266666666666,14.326666666666668,2026-04-21 12:41:00,10.026666666666667,2026,4,21,12:00,41,12:41
41.2,alsogod,1015.52,14.32,2026-04-21 12:42:00,10.12,2026,4,21,12:00,42,12:42
41.13333333333333,alsogod,1015.5133333333332,14.313333333333334,2026-04-21 12:43:00,10.213333333333331,2026,4,21,12:00,43,12:43
41.06666666666667,alsogod,1015.5066666666668,14.306666666666668,2026-04-21 12:44:00,10.306666666666668,2026,4,21,12:00,44,12:44
41.0,alsogod,1015.5,14.3,2026-04-21 12:45:00,10.4,2026,4,21,12:00,45,12:45
40.93333333333333,alsogod,1015.5,14.293333333333337,2026-04-21 12:46:00,10.473333333333334,2026,4,21,12:00,46,12:46
40.86666666666667,alsogod,1015.5,14.286666666666669,2026-04-21 12:47:00,10.546666666666669,2026,4,21,12:00,47,12:47
40.8,alsogod,1015.5,14.28,2026-04-21 12:48:00,10.62,2026,4,21,12:00,48,12:48
40.73333333333333,alsogod,1015.5,14.273333333333332,2026-04-21 12:49:00,10.693333333333332,2026,4,21,12:00,49,12:49
40.66666666666666,alsogod,1015.5,14.266666666666667,2026-04-21 12:50:00,10.766666666666667,2026,4,21,12:00,50,12:50
40.6,alsogod,1015.5,14.26,2026-04-21 12:51:00,10.84,2026,4,21,12:00,51,12:51
40.53333333333333,alsogod,1015.5,14.253333333333334,2026-04-21 12:52:00,10.913333333333334,2026,4,21,12:00,52,12:52
40.46666666666667,alsogod,1015.5,14.246666666666666,2026-04-21 12:53:00,10.986666666666666,2026,4,21,12:00,53,12:53
40.4,alsogod,1015.5,14.24,2026-04-21 12:54:00,11.06,2026,4,21,12:00,54,12:54
40.333333333333336,alsogod,1015.5,14.233333333333333,2026-04-21 12:55:00,11.133333333333333,2026,4,21,12:00,55,12:55
40.266666666666666,alsogod,1015.5,14.226666666666668,2026-04-21 12:56:00,11.206666666666669,2026,4,21,12:00,56,12:56
40.2,alsogod,1015.5,14.22,2026-04-21 12:57:00,11.28,2026,4,21,12:00,57,12:57
40.13333333333333,alsogod,1015.5,14.213333333333331,2026-04-21 12:58:00,11.353333333333332,2026,4,21,12:00,58,12:58
40.06666666666667,alsogod,1015.5,14.206666666666663,2026-04-21 12:59:00,11.426666666666666,2026,4,21,12:00,59,12:59
40.0,alsogod,1015.5,14.2,2026-04-21 13:00:00,11.5,2026,4,21,13:00,0,13:00
39.93333333333333,alsogod,1015.5066666666668,14.2,2026-04-21 13:01:00,11.5,2026,4,21,13:00,1,13:01
39.86666666666667,alsogod,1015.5133333333332,14.2,2026-04-21 13:02:00,11.5,2026,4,21,13:00,2,13:02
39.8,alsogod,1015.52,14.2,2026-04-21 13:03:00,11.5,2026,4,21,13:00,3,13:03
39.73333333333333,alsogod,1015.5266666666666,14.2,2026-04-21 13:04:00,11.5,2026,4,21,13:00,4,13:04
39.66666666666666,alsogod,1015.5333333333332,14.2,2026-04-21 13:05:00,11.5,2026,4,21,13:00,5,13:05
39.6,alsogod,1015.54,14.2,2026-04-21 13:06:00,11.5,2026,4,21,13:00,6,13:06
39.53333333333333,alsogod,1015.5466666666666,14.2,2026-04-21 13:07:00,11.5,2026,4,21,13:00,7,13:07
39.46666666666667,alsogod,1015.5533333333334,14.2,2026-04-21 13:08:00,11.5,2026,4,21,13:00,8,13:08
39.4,alsogod,1015.56,14.2,2026-04-21 13:09:00,11.5,2026,4,21,13:00,9,13:09
39.333333333333336,alsogod,1015.5666666666668,14.2,2026-04-21 13:10:00,11.5,2026,4,21,13:00,10,13:10
39.266666666666666,alsogod,1015.5733333333334,14.2,2026-04-21 13:11:00,11.5,2026,4,21,13:00,11,13:11
39.2,alsogod,1015.58,14.2,2026-04-21 13:12:00,11.5,2026,4,21,13:00,12,13:12
39.13333333333333,alsogod,1015.5866666666668,14.2,2026-04-21 13:13:00,11.5,2026,4,21,13:00,13,13:13
39.06666666666667,alsogod,1015.5933333333334,14.2,2026-04-21 13:14:00,11.5,2026,4,21,13:00,14,13:14
39.0,alsogod,1015.6,14.2,2026-04-21 13:15:00,11.5,2026,4,21,13:00,15,13:15
38.86666666666667,alsogod,1015.6133333333332,14.206666666666663,2026-04-21 13:16:00,11.453333333333331,2026,4,21,13:00,16,13:16
38.73333333333333,alsogod,1015.6266666666668,14.213333333333331,2026-04-21 13:17:00,11.406666666666666,2026,4,21,13:00,17,13:17
38.6,alsogod,1015.64,14.22,2026-04-21 13:18:00,11.36,2026,4,21,13:00,18,13:18
38.46666666666667,alsogod,1015.6533333333332,14.226666666666668,2026-04-21 13:19:00,11.313333333333334,2026,4,21,13:00,19,13:19
38.333333333333336,alsogod,1015.6666666666666,14.233333333333333,2026-04-21 13:20:00,11.266666666666667,2026,4,21,13:00,20,13:20
38.2,alsogod,1015.68,14.24,2026-04-21 13:21:00,11.22,2026,4,21,13:00,21,13:21
38.06666666666667,alsogod,1015.6933333333332,14.246666666666666,2026-04-21 13:22:00,11.173333333333334,2026,4,21,13:00,22,13:22
37.93333333333333,alsogod,1015.7066666666668,14.253333333333334,2026-04-21 13:23:00,11.126666666666669,2026,4,21,13:00,23,13:23
37.8,alsogod,1015.72,14.26,2026-04-21 13:24:00,11.08,2026,4,21,13:00,24,13:24
37.66666666666666,alsogod,1015.7333333333332,14.266666666666667,2026-04-21 13:25:00,11.033333333333331,2026,4,21,13:00,25,13:25
37.53333333333333,alsogod,1015.7466666666668,14.273333333333332,2026-04-21 13:26:00,10.986666666666668,2026,4,21,13:00,26,13:26
37.4,alsogod,1015.76,14.28,2026-04-21 13:27:00,10.94,2026,4,21,13:00,27,13:27
37.266666666666666,alsogod,1015.7733333333332,14.286666666666669,2026-04-21 13:28:00,10.893333333333334,2026,4,21,13:00,28,13:28
37.13333333333333,alsogod,1015.7866666666666,14.293333333333337,2026-04-21 13:29:00,10.846666666666668,2026,4,21,13:00,29,13:29
37.0,alsogod,1015.8,14.3,2026-04-21 13:30:00,10.8,2026,4,21,13:00,30,13:30
36.86666666666667,alsogod,1015.82,14.3,2026-04-21 13:31:00,10.726666666666668,2026,4,21,13:00,31,13:31
36.73333333333333,alsogod,1015.84,14.3,2026-04-21 13:32:00,10.653333333333334,2026,4,21,13:00,32,13:32
36.6,alsogod,1015.86,14.3,2026-04-21 13:33:00,10.58,2026,4,21,13:00,33,13:33
36.46666666666667,alsogod,1015.88,14.3,2026-04-21 13:34:00,10.506666666666668,2026,4,21,13:00,34,13:34
36.333333333333336,alsogod,1015.9,14.3,2026-04-21 13:35:00,10.433333333333334,2026,4,21,13:00,35,13:35
36.2,alsogod,1015.92,14.3,2026-04-21 13:36:00,10.36,2026,4,21,13:00,36,13:36
36.06666666666667,alsogod,1015.94,14.3,2026-04-21 13:37:00,10.286666666666669,2026,4,21,13:00,37,13:37
35.93333333333333,alsogod,1015.96,14.3,2026-04-21 13:38:00,10.213333333333331,2026,4,21,13:00,38,13:38
35.8,alsogod,1015.98,14.3,2026-04-21 13:39:00,10.14,2026,4,21,13:00,39,13:39
35.666666666666664,alsogod,1016.0,14.3,2026-04-21 13:40:00,10.066666666666666,2026,4,21,13:00,40,13:40
35.53333333333333,alsogod,1016.02,14.3,2026-04-21 13:41:00,9.993333333333332,2026,4,21,13:00,41,13:41
35.4,alsogod,1016.04,14.3,2026-04-21 13:42:00,9.92,2026,4,21,13:00,42,13:42
35.266666666666666,alsogod,1016.06,14.3,2026-04-21 13:43:00,9.846666666666666,2026,4,21,13:00,43,13:43
35.13333333333333,alsogod,1016.08,14.3,2026-04-21 13:44:00,9.773333333333332,2026,4,21,13:00,44,13:44
35.0,alsogod,1016.1,14.3,2026-04-21 13:45:00,9.7,2026,4,21,13:00,45,13:45
34.93333333333333,alsogod,1016.1066666666668,14.3,2026-04-21 13:46:00,9.68,2026,4,21,13:00,46,13:46
34.86666666666667,alsogod,1016.1133333333332,14.3,2026-04-21 13:47:00,9.66,2026,4,21,13:00,47,13:47
34.8,alsogod,1016.12,14.3,2026-04-21 13:48:00,9.64,2026,4,21,13:00,48,13:48
34.733333333333334,alsogod,1016.1266666666668,14.3,2026-04-21 13:49:00,9.62,2026,4,21,13:00,49,13:49
34.666666666666664,alsogod,1016.1333333333332,14.3,2026-04-21 13:50:00,9.6,2026,4,21,13:00,50,13:50
34.6,alsogod,1016.14,14.3,2026-04-21 13:51:00,9.58,2026,4,21,13:00,51,13:51
34.53333333333333,alsogod,1016.1466666666666,14.3,2026-04-21 13:52:00,9.56,2026,4,21,13:00,52,13:52
34.46666666666667,alsogod,1016.1533333333334,14.3,2026-04-21 13:53:00,9.54,2026,4,21,13:00,53,13:53
34.4,alsogod,1016.16,14.3,2026-04-21 13:54:00,9.52,2026,4,21,13:00,54,13:54
34.333333333333336,alsogod,1016.1666666666669,14.3,2026-04-21 13:55:00,9.5,2026,4,21,13:00,55,13:55
34.266666666666666,alsogod,1016.1733333333334,14.3,2026-04-21 13:56:00,9.48,2026,4,21,13:00,56,13:56
34.2,alsogod,1016.18,14.3,2026-04-21 13:57:00,9.46,2026,4,21,13:00,57,13:57
34.13333333333333,alsogod,1016.1866666666668,14.3,2026-04-21 13:58:00,9.44,2026,4,21,13:00,58,13:58
34.06666666666667,alsogod,1016.1933333333334,14.3,2026-04-21 13:59:00,9.42,2026,4,21,13:00,59,13:59
34.0,alsogod,1016.2,14.3,2026-04-21 14:00:00,9.4,2026,4,21,14:00,0,14:00
33.93333333333333,alsogod,1016.2,14.293333333333337,2026-04-21 14:01:00,9.42,2026,4,21,14:00,1,14:01
33.86666666666667,alsogod,1016.2,14.286666666666669,2026-04-21 14:02:00,9.44,2026,4,21,14:00,2,14:02
33.8,alsogod,1016.2,14.28,2026-04-21 14:03:00,9.46,2026,4,21,14:00,3,14:03
33.733333333333334,alsogod,1016.2,14.273333333333332,2026-04-21 14:04:00,9.48,2026,4,21,14:00,4,14:04
33.666666666666664,alsogod,1016.2,14.266666666666667,2026-04-21 14:05:00,9.5,2026,4,21,14:00,5,14:05
33.6,alsogod,1016.2,14.26,2026-04-21 14:06:00,9.52,2026,4,21,14:00,6,14:06
33.53333333333333,alsogod,1016.2,14.253333333333334,2026-04-21 14:07:00,9.54,2026,4,21,14:00,7,14:07
33.46666666666667,alsogod,1016.2,14.246666666666666,2026-04-21 14:08:00,9.56,2026,4,21,14:00,8,14:08
33.4,alsogod,1016.2,14.24,2026-04-21 14:09:00,9.58,2026,4,21,14:00,9,14:09
33.333333333333336,alsogod,1016.2,14.233333333333333,2026-04-21 14:10:00,9.6,2026,4,21,14:00,10,14:10
33.266666666666666,alsogod,1016.2,14.226666666666668,2026-04-21 14:11:00,9.62,2026,4,21,14:00,11,14:11
33.2,alsogod,1016.2,14.22,2026-04-21 14:12:00,9.64,2026,4,21,14:00,12,14:12
33.13333333333333,alsogod,1016.2,14.213333333333331,2026-04-21 14:13:00,9.66,2026,4,21,14:00,13,14:13
33.06666666666667,alsogod,1016.2,14.206666666666663,2026-04-21 14:14:00,9.68,2026,4,21,14:00,14,14:14
33.0,alsogod,1016.2,14.2,2026-04-21 14:15:00,9.7,2026,4,21,14:00,15,14:15
33.0,alsogod,1016.2,14.193333333333332,2026-04-21 14:16:00,9.746666666666666,2026,4,21,14:00,16,14:16
33.0,alsogod,1016.2,14.186666666666666,2026-04-21 14:17:00,9.793333333333331,2026,4,21,14:00,17,14:17
33.0,alsogod,1016.2,14.18,2026-04-21 14:18:00,9.84,2026,4,21,14:00,18,14:18
33.0,alsogod,1016.2,14.173333333333332,2026-04-21 14:19:00,9.886666666666668,2026,4,21,14:00,19,14:19
33.0,alsogod,1016.2,14.166666666666666,2026-04-21 14:20:00,9.933333333333334,2026,4,21,14:00,20,14:20
33.0,alsogod,1016.2,14.16,2026-04-21 14:21:00,9.98,2026,4,21,14:00,21,14:21
33.0,alsogod,1016.2,14.153333333333332,2026-04-21 14:22:00,10.026666666666667,2026,4,21,14:00,22,14:22
33.0,alsogod,1016.2,14.146666666666668,2026-04-21 14:23:00,10.073333333333332,2026,4,21,14:00,23,14:23
33.0,alsogod,1016.2,14.14,2026-04-21 14:24:00,10.12,2026,4,21,14:00,24,14:24
33.0,alsogod,1016.2,14.133333333333333,2026-04-21 14:25:00,10.166666666666666,2026,4,21,14:00,25,14:25
33.0,alsogod,1016.2,14.126666666666669,2026-04-21 14:26:00,10.213333333333331,2026,4,21,14:00,26,14:26
33.0,alsogod,1016.2,14.12,2026-04-21 14:27:00,10.26,2026,4,21,14:00,27,14:27
33.0,alsogod,1016.2,14.113333333333332,2026-04-21 14:28:00,10.306666666666668,2026,4,21,14:00,28,14:28
33.0,alsogod,1016.2,14.106666666666666,2026-04-21 14:29:00,10.353333333333332,2026,4,21,14:00,29,14:29
33.0,alsogod,1016.2,14.1,2026-04-21 14:30:00,10.4,2026,4,21,14:00,30,14:30
33.0,alsogod,1016.1933333333334,14.086666666666666,2026-04-21 14:31:00,10.453333333333331,2026,4,21,14:00,31,14:31
33.0,alsogod,1016.1866666666668,14.073333333333332,2026-04-21 14:32:00,10.506666666666668,2026,4,21,14:00,32,14:32
33.0,alsogod,1016.18,14.06,2026-04-21 14:33:00,10.56,2026,4,21,14:00,33,14:33
33.0,alsogod,1016.1733333333334,14.046666666666669,2026-04-21 14:34:00,10.613333333333332,2026,4,21,14:00,34,14:34
33.0,alsogod,1016.1666666666669,14.033333333333331,2026-04-21 14:35:00,10.666666666666666,2026,4,21,14:00,35,14:35
33.0,alsogod,1016.16,14.02,2026-04-21 14:36:00,10.72,2026,4,21,14:00,36,14:36
33.0,alsogod,1016.1533333333334,14.006666666666666,2026-04-21 14:37:00,10.773333333333332,2026,4,21,14:00,37,14:37
33.0,alsogod,1016.1466666666666,13.993333333333334,2026-04-21 14:38:00,10.826666666666666,2026,4,21,14:00,38,14:38
33.0,alsogod,1016.14,13.98,2026-04-21 14:39:00,10.88,2026,4,21,14:00,39,14:39
33.0,alsogod,1016.1333333333332,13.966666666666669,2026-04-21 14:40:00,10.933333333333334,2026,4,21,14:00,40,14:40
33.0,alsogod,1016.1266666666668,13.953333333333331,2026-04-21 14:41:00,10.986666666666666,2026,4,21,14:00,41,14:41
33.0,alsogod,1016.12,13.94,2026-04-21 14:42:00,11.04,2026,4,21,14:00,42,14:42
33.0,alsogod,1016.1133333333332,13.926666666666668,2026-04-21 14:43:00,11.093333333333334,2026,4,21,14:00,43,14:43
33.0,alsogod,1016.1066666666668,13.913333333333334,2026-04-21 14:44:00,11.146666666666668,2026,4,21,14:00,44,14:44
33.0,alsogod,1016.1,13.9,2026-04-21 14:45:00,11.2,2026,4,21,14:00,45,14:45
33.0,alsogod,1016.1066666666668,13.886666666666668,2026-04-21 14:46:00,11.2,2026,4,21,14:00,46,14:46
33.0,alsogod,1016.1133333333332,13.873333333333331,2026-04-21 14:47:00,11.2,2026,4,21,14:00,47,14:47
33.0,alsogod,1016.12,13.86,2026-04-21 14:48:00,11.2,2026,4,21,14:00,48,14:48
33.0,alsogod,1016.1266666666668,13.846666666666668,2026-04-21 14:49:00,11.2,2026,4,21,14:00,49,14:49
33.0,alsogod,1016.1333333333332,13.833333333333334,2026-04-21 14:50:00,11.2,2026,4,21,14:00,50,14:50
33.0,alsogod,1016.14,13.82,2026-04-21 14:51:00,11.2,2026,4,21,14:00,51,14:51
33.0,alsogod,1016.1466666666666,13.806666666666668,2026-04-21 14:52:00,11.2,2026,4,21,14:00,52,14:52
33.0,alsogod,1016.1533333333334,13.793333333333331,2026-04-21 14:53:00,11.2,2026,4,21,14:00,53,14:53
33.0,alsogod,1016.16,13.78,2026-04-21 14:54:00,11.2,2026,4,21,14:00,54,14:54
33.0,alsogod,1016.1666666666669,13.766666666666666,2026-04-21 14:55:00,11.2,2026,4,21,14:00,55,14:55
33.0,alsogod,1016.1733333333334,13.753333333333332,2026-04-21 14:56:00,11.2,2026,4,21,14:00,56,14:56
33.0,alsogod,1016.18,13.74,2026-04-21 14:57:00,11.2,2026,4,21,14:00,57,14:57
33.0,alsogod,1016.1866666666668,13.726666666666668,2026-04-21 14:58:00,11.2,2026,4,21,14:00,58,14:58
33.0,alsogod,1016.1933333333334,13.713333333333331,2026-04-21 14:59:00,11.2,2026,4,21,14:00,59,14:59
33.0,alsogod,1016.2,13.7,2026-04-21 15:00:00,11.2,2026,4,21,15:00,0,15:00
33.0,alsogod,1016.2133333333334,13.68,2026-04-21 15:01:00,11.146666666666668,2026,4,21,15:00,1,15:01
33.0,alsogod,1016.2266666666668,13.66,2026-04-21 15:02:00,11.093333333333332,2026,4,21,15:00,2,15:02
33.0,alsogod,1016.24,13.64,2026-04-21 15:03:00,11.04,2026,4,21,15:00,3,15:03
33.0,alsogod,1016.2533333333332,13.62,2026-04-21 15:04:00,10.986666666666666,2026,4,21,15:00,4,15:04
33.0,alsogod,1016.2666666666668,13.6,2026-04-21 15:05:00,10.933333333333334,2026,4,21,15:00,5,15:05
33.0,alsogod,1016.28,13.58,2026-04-21 15:06:00,10.88,2026,4,21,15:00,6,15:06
33.0,alsogod,1016.2933333333332,13.56,2026-04-21 15:07:00,10.826666666666666,2026,4,21,15:00,7,15:07
33.0,alsogod,1016.3066666666668,13.54,2026-04-21 15:08:00,10.773333333333332,2026,4,21,15:00,8,15:08
33.0,alsogod,1016.32,13.52,2026-04-21 15:09:00,10.72,2026,4,21,15:00,9,15:09
33.0,alsogod,1016.3333333333334,13.5,2026-04-21 15:10:00,10.666666666666666,2026,4,21,15:00,10,15:10
33.0,alsogod,1016.3466666666668,13.48,2026-04-21 15:11:00,10.613333333333332,2026,4,21,15:00,11,15:11
33.0,alsogod,1016.36,13.46,2026-04-21 15:12:00,10.56,2026,4,21,15:00,12,15:12
33.0,alsogod,1016.3733333333332,13.44,2026-04-21 15:13:00,10.506666666666668,2026,4,21,15:00,13,15:13
33.0,alsogod,1016.3866666666668,13.42,2026-04-21 15:14:00,10.453333333333331,2026,4,21,15:00,14,15:14
33.0,alsogod,1016.4,13.4,2026-04-21 15:15:00,10.4,2026,4,21,15:00,15,15:15
33.06666666666667,alsogod,1016.42,13.373333333333331,2026-04-21 15:16:00,10.28,2026,4,21,15:00,16,15:16
33.13333333333333,alsogod,1016.44,13.346666666666668,2026-04-21 15:17:00,10.16,2026,4,21,15:00,17,15:17
33.2,alsogod,1016.46,13.32,2026-04-21 15:18:00,10.04,2026,4,21,15:00,18,15:18
33.266666666666666,alsogod,1016.48,13.293333333333331,2026-04-21 15:19:00,9.92,2026,4,21,15:00,19,15:19
33.333333333333336,alsogod,1016.5,13.266666666666667,2026-04-21 15:20:00,9.8,2026,4,21,15:00,20,15:20
33.4,alsogod,1016.52,13.24,2026-04-21 15:21:00,9.68,2026,4,21,15:00,21,15:21
33.46666666666667,alsogod,1016.54,13.213333333333331,2026-04-21 15:22:00,9.56,2026,4,21,15:00,22,15:22
33.53333333333333,alsogod,1016.56,13.186666666666667,2026-04-21 15:23:00,9.44,2026,4,21,15:00,23,15:23
33.6,alsogod,1016.58,13.16,2026-04-21 15:24:00,9.32,2026,4,21,15:00,24,15:24
33.666666666666664,alsogod,1016.6,13.133333333333333,2026-04-21 15:25:00,9.2,2026,4,21,15:00,25,15:25
33.733333333333334,alsogod,1016.62,13.106666666666667,2026-04-21 15:26:00,9.08,2026,4,21,15:00,26,15:26
33.8,alsogod,1016.64,13.08,2026-04-21 15:27:00,8.959999999999999,2026,4,21,15:00,27,15:27
33.86666666666667,alsogod,1016.66,13.053333333333333,2026-04-21 15:28:00,8.84,2026,4,21,15:00,28,15:28
33.93333333333333,alsogod,1016.68,13.026666666666667,2026-04-21 15:29:00,8.719999999999999,2026,4,21,15:00,29,15:29
34.0,alsogod,1016.7,13.0,2026-04-21 15:30:00,8.6,2026,4,21,15:00,30,15:30
34.06666666666667,alsogod,1016.72,12.973333333333333,2026-04-21 15:31:00,8.506666666666666,2026,4,21,15:00,31,15:31
34.13333333333333,alsogod,1016.74,12.946666666666667,2026-04-21 15:32:00,8.413333333333332,2026,4,21,15:00,32,15:32
34.2,alsogod,1016.76,12.92,2026-04-21 15:33:00,8.32,2026,4,21,15:00,33,15:33
34.266666666666666,alsogod,1016.78,12.893333333333333,2026-04-21 15:34:00,8.226666666666667,2026,4,21,15:00,34,15:34
34.333333333333336,alsogod,1016.8,12.866666666666667,2026-04-21 15:35:00,8.133333333333333,2026,4,21,15:00,35,15:35
34.4,alsogod,1016.82,12.84,2026-04-21 15:36:00,8.04,2026,4,21,15:00,36,15:36
34.46666666666667,alsogod,1016.84,12.813333333333333,2026-04-21 15:37:00,7.946666666666666,2026,4,21,15:00,37,15:37
34.53333333333333,alsogod,1016.86,12.786666666666669,2026-04-21 15:38:00,7.853333333333333,2026,4,21,15:00,38,15:38
34.6,alsogod,1016.88,12.76,2026-04-21 15:39:00,7.76,2026,4,21,15:00,39,15:39
34.666666666666664,alsogod,1016.9,12.733333333333333,2026-04-21 15:40:00,7.666666666666667,2026,4,21,15:00,40,15:40
34.733333333333334,alsogod,1016.92,12.706666666666669,2026-04-21 15:41:00,7.573333333333333,2026,4,21,15:00,41,15:41
34.8,alsogod,1016.94,12.68,2026-04-21 15:42:00,7.48,2026,4,21,15:00,42,15:42
34.86666666666667,alsogod,1016.96,12.653333333333332,2026-04-21 15:43:00,7.386666666666667,2026,4,21,15:00,43,15:43
34.93333333333333,alsogod,1016.98,12.626666666666669,2026-04-21 15:44:00,7.293333333333333,2026,4,21,15:00,44,15:44
35.0,alsogod,1017.0,12.6,2026-04-21 15:45:00,7.2,2026,4,21,15:00,45,15:45
35.06666666666667,alsogod,1017.02,12.573333333333332,2026-04-21 15:46:00,7.126666666666667,2026,4,21,15:00,46,15:46
35.13333333333333,alsogod,1017.04,12.546666666666669,2026-04-21 15:47:00,7.053333333333334,2026,4,21,15:00,47,15:47
35.2,alsogod,1017.06,12.52,2026-04-21 15:48:00,6.98,2026,4,21,15:00,48,15:48
35.266666666666666,alsogod,1017.08,12.493333333333332,2026-04-21 15:49:00,6.906666666666666,2026,4,21,15:00,49,15:49
35.333333333333336,alsogod,1017.1,12.466666666666669,2026-04-21 15:50:00,6.833333333333333,2026,4,21,15:00,50,15:50
35.4,alsogod,1017.12,12.44,2026-04-21 15:51:00,6.76,2026,4,21,15:00,51,15:51
35.46666666666667,alsogod,1017.14,12.413333333333332,2026-04-21 15:52:00,6.6866666666666665,2026,4,21,15:00,52,15:52
35.53333333333333,alsogod,1017.16,12.386666666666668,2026-04-21 15:53:00,6.613333333333333,2026,4,21,15:00,53,15:53
35.6,alsogod,1017.18,12.36,2026-04-21 15:54:00,6.54,2026,4,21,15:00,54,15:54
35.666666666666664,alsogod,1017.2,12.333333333333332,2026-04-21 15:55:00,6.466666666666667,2026,4,21,15:00,55,15:55
35.733333333333334,alsogod,1017.22,12.306666666666668,2026-04-21 15:56:00,6.3933333333333335,2026,4,21,15:00,56,15:56
35.8,alsogod,1017.24,12.28,2026-04-21 15:57:00,6.319999999999999,2026,4,21,15:00,57,15:57
35.86666666666667,alsogod,1017.26,12.253333333333332,2026-04-21 15:58:00,6.246666666666666,2026,4,21,15:00,58,15:58
35.93333333333333,alsogod,1017.28,12.226666666666668,2026-04-21 15:59:00,6.173333333333333,2026,4,21,15:00,59,15:59
36.0,alsogod,1017.3,12.2,2026-04-21 16:00:00,6.1,2026,4,21,16:00,0,16:00
36.06666666666667,alsogod,1017.3133333333332,12.18,2026-04-21 16:01:00,6.08,2026,4,21,16:00,1,16:01
36.13333333333333,alsogod,1017.3266666666666,12.16,2026-04-21 16:02:00,6.06,2026,4,21,16:00,2,16:02
36.2,alsogod,1017.34,12.14,2026-04-21 16:03:00,6.04,2026,4,21,16:00,3,16:03
36.266666666666666,alsogod,1017.3533333333334,12.12,2026-04-21 16:04:00,6.02,2026,4,21,16:00,4,16:04
36.333333333333336,alsogod,1017.3666666666668,12.1,2026-04-21 16:05:00,6.0,2026,4,21,16:00,5,16:05
36.4,alsogod,1017.38,12.08,2026-04-21 16:06:00,5.98,2026,4,21,16:00,6,16:06
36.46666666666667,alsogod,1017.3933333333332,12.06,2026-04-21 16:07:00,5.96,2026,4,21,16:00,7,16:07
36.53333333333333,alsogod,1017.4066666666666,12.04,2026-04-21 16:08:00,5.94,2026,4,21,16:00,8,16:08
36.6,alsogod,1017.42,12.02,2026-04-21 16:09:00,5.92,2026,4,21,16:00,9,16:09
36.66666666666666,alsogod,1017.4333333333332,12.0,2026-04-21 16:10:00,5.9,2026,4,21,16:00,10,16:10
36.73333333333333,alsogod,1017.4466666666666,11.98,2026-04-21 16:11:00,5.88,2026,4,21,16:00,11,16:11
36.8,alsogod,1017.46,11.96,2026-04-21 16:12:00,5.859999999999999,2026,4,21,16:00,12,16:12
36.86666666666667,alsogod,1017.4733333333334,11.94,2026-04-21 16:13:00,5.84,2026,4,21,16:00,13,16:13
36.93333333333333,alsogod,1017.4866666666668,11.92,2026-04-21 16:14:00,5.819999999999999,2026,4,21,16:00,14,16:14
37.0,alsogod,1017.5,11.9,2026-04-21 16:15:00,5.8,2026,4,21,16:00,15,16:15
37.06666666666667,alsogod,1017.52,11.873333333333331,2026-04-21 16:16:00,5.773333333333333,2026,4,21,16:00,16,16:16
37.13333333333333,alsogod,1017.54,11.846666666666668,2026-04-21 16:17:00,5.746666666666666,2026,4,21,16:00,17,16:17
37.2,alsogod,1017.56,11.82,2026-04-21 16:18:00,5.72,2026,4,21,16:00,18,16:18
37.266666666666666,alsogod,1017.58,11.793333333333331,2026-04-21 16:19:00,5.693333333333333,2026,4,21,16:00,19,16:19
37.333333333333336,alsogod,1017.6,11.766666666666667,2026-04-21 16:20:00,5.666666666666667,2026,4,21,16:00,20,16:20
37.4,alsogod,1017.62,11.74,2026-04-21 16:21:00,5.64,2026,4,21,16:00,21,16:21
37.46666666666667,alsogod,1017.64,11.713333333333331,2026-04-21 16:22:00,5.613333333333333,2026,4,21,16:00,22,16:22
37.53333333333333,alsogod,1017.66,11.686666666666667,2026-04-21 16:23:00,5.586666666666667,2026,4,21,16:00,23,16:23
37.6,alsogod,1017.68,11.66,2026-04-21 16:24:00,5.5600000000000005,2026,4,21,16:00,24,16:24
37.66666666666666,alsogod,1017.7,11.633333333333333,2026-04-21 16:25:00,5.533333333333333,2026,4,21,16:00,25,16:25
37.73333333333333,alsogod,1017.72,11.606666666666667,2026-04-21 16:26:00,5.506666666666667,2026,4,21,16:00,26,16:26
37.8,alsogod,1017.74,11.58,2026-04-21 16:27:00,5.48,2026,4,21,16:00,27,16:27
37.86666666666667,alsogod,1017.76,11.553333333333333,2026-04-21 16:28:00,5.453333333333333,2026,4,21,16:00,28,16:28
37.93333333333333,alsogod,1017.78,11.526666666666667,2026-04-21 16:29:00,5.426666666666667,2026,4,21,16:00,29,16:29
38.0,alsogod,1017.8,11.5,2026-04-21 16:30:00,5.4,2026,4,21,16:00,30,16:30
38.06666666666667,alsogod,1017.8133333333332,11.473333333333333,2026-04-21 16:31:00,5.4,2026,4,21,16:00,31,16:31
38.13333333333333,alsogod,1017.8266666666666,11.446666666666667,2026-04-21 16:32:00,5.4,2026,4,21,16:00,32,16:32
38.2,alsogod,1017.84,11.42,2026-04-21 16:33:00,5.4,2026,4,21,16:00,33,16:33
38.266666666666666,alsogod,1017.8533333333334,11.393333333333333,2026-04-21 16:34:00,5.4,2026,4,21,16:00,34,16:34
38.333333333333336,alsogod,1017.8666666666668,11.366666666666667,2026-04-21 16:35:00,5.4,2026,4,21,16:00,35,16:35
38.4,alsogod,1017.88,11.34,2026-04-21 16:36:00,5.4,2026,4,21,16:00,36,16:36
38.46666666666667,alsogod,1017.8933333333332,11.313333333333333,2026-04-21 16:37:00,5.4,2026,4,21,16:00,37,16:37
38.53333333333333,alsogod,1017.9066666666666,11.286666666666669,2026-04-21 16:38:00,5.4,2026,4,21,16:00,38,16:38
38.6,alsogod,1017.92,11.26,2026-04-21 16:39:00,5.4,2026,4,21,16:00,39,16:39
38.66666666666666,alsogod,1017.9333333333332,11.233333333333333,2026-04-21 16:40:00,5.4,2026,4,21,16:00,40,16:40
38.73333333333333,alsogod,1017.9466666666666,11.206666666666669,2026-04-21 16:41:00,5.4,2026,4,21,16:00,41,16:41
38.8,alsogod,1017.96,11.18,2026-04-21 16:42:00,5.4,2026,4,21,16:00,42,16:42
38.86666666666667,alsogod,1017.9733333333334,11.153333333333332,2026-04-21 16:43:00,5.4,2026,4,21,16:00,43,16:43
38.93333333333333,alsogod,1017.9866666666668,11.126666666666669,2026-04-21 16:44:00,5.4,2026,4,21,16:00,44,16:44
39.0,alsogod,1018.0,11.1,2026-04-21 16:45:00,5.4,2026,4,21,16:00,45,16:45
39.06666666666667,alsogod,1018.0066666666668,11.073333333333332,2026-04-21 16:46:00,5.4,2026,4,21,16:00,46,16:46
39.13333333333333,alsogod,1018.0133333333332,11.046666666666669,2026-04-21 16:47:00,5.4,2026,4,21,16:00,47,16:47
39.2,alsogod,1018.02,11.02,2026-04-21 16:48:00,5.4,2026,4,21,16:00,48,16:48
39.266666666666666,alsogod,1018.0266666666666,10.993333333333332,2026-04-21 16:49:00,5.4,2026,4,21,16:00,49,16:49
39.333333333333336,alsogod,1018.0333333333332,10.966666666666669,2026-04-21 16:50:00,5.4,2026,4,21,16:00,50,16:50
39.4,alsogod,1018.04,10.94,2026-04-21 16:51:00,5.4,2026,4,21,16:00,51,16:51
39.46666666666667,alsogod,1018.0466666666666,10.913333333333332,2026-04-21 16:52:00,5.4,2026,4,21,16:00,52,16:52
39.53333333333333,alsogod,1018.0533333333334,10.886666666666668,2026-04-21 16:53:00,5.4,2026,4,21,16:00,53,16:53
39.6,alsogod,1018.06,10.86,2026-04-21 16:54:00,5.4,2026,4,21,16:00,54,16:54
39.66666666666666,alsogod,1018.0666666666668,10.833333333333332,2026-04-21 16:55:00,5.4,2026,4,21,16:00,55,16:55
39.73333333333333,alsogod,1018.0733333333334,10.806666666666668,2026-04-21 16:56:00,5.4,2026,4,21,16:00,56,16:56
39.8,alsogod,1018.08,10.78,2026-04-21 16:57:00,5.4,2026,4,21,16:00,57,16:57
39.86666666666667,alsogod,1018.0866666666668,10.753333333333332,2026-04-21 16:58:00,5.4,2026,4,21,16:00,58,16:58
39.93333333333333,alsogod,1018.0933333333334,10.726666666666668,2026-04-21 16:59:00,5.4,2026,4,21,16:00,59,16:59
40.0,alsogod,1018.1,10.7,2026-04-21 17:00:00,5.4,2026,4,21,17:00,0,17:00
40.06666666666667,alsogod,1018.1066666666668,10.666666666666666,2026-04-21 17:01:00,5.4,2026,4,21,17:00,1,17:01
40.13333333333333,alsogod,1018.1133333333332,10.633333333333333,2026-04-21 17:02:00,5.4,2026,4,21,17:00,2,17:02
40.2,alsogod,1018.12,10.6,2026-04-21 17:03:00,5.4,2026,4,21,17:00,3,17:03
40.266666666666666,alsogod,1018.1266666666668,10.566666666666666,2026-04-21 17:04:00,5.4,2026,4,21,17:00,4,17:04
40.333333333333336,alsogod,1018.1333333333332,10.533333333333331,2026-04-21 17:05:00,5.4,2026,4,21,17:00,5,17:05
40.4,alsogod,1018.14,10.5,2026-04-21 17:06:00,5.4,2026,4,21,17:00,6,17:06
40.46666666666667,alsogod,1018.1466666666666,10.466666666666669,2026-04-21 17:07:00,5.4,2026,4,21,17:00,7,17:07
40.53333333333333,alsogod,1018.1533333333334,10.433333333333332,2026-04-21 17:08:00,5.4,2026,4,21,17:00,8,17:08
40.6,alsogod,1018.16,10.4,2026-04-21 17:09:00,5.4,2026,4,21,17:00,9,17:09
40.66666666666666,alsogod,1018.1666666666669,10.366666666666664,2026-04-21 17:10:00,5.4,2026,4,21,17:00,10,17:10
40.73333333333333,alsogod,1018.1733333333334,10.333333333333332,2026-04-21 17:11:00,5.4,2026,4,21,17:00,11,17:11
40.8,alsogod,1018.18,10.3,2026-04-21 17:12:00,5.4,2026,4,21,17:00,12,17:12
40.86666666666667,alsogod,1018.1866666666668,10.266666666666666,2026-04-21 17:13:00,5.4,2026,4,21,17:00,13,17:13
40.93333333333333,alsogod,1018.1933333333334,10.233333333333333,2026-04-21 17:14:00,5.4,2026,4,21,17:00,14,17:14
41.0,alsogod,1018.2,10.2,2026-04-21 17:15:00,5.4,2026,4,21,17:00,15,17:15
41.13333333333333,alsogod,1018.2,10.173333333333332,2026-04-21 17:16:00,5.373333333333334,2026,4,21,17:00,16,17:16
41.266666666666666,alsogod,1018.2,10.146666666666668,2026-04-21 17:17:00,5.346666666666667,2026,4,21,17:00,17,17:17
41.4,alsogod,1018.2,10.12,2026-04-21 17:18:00,5.32,2026,4,21,17:00,18,17:18
41.53333333333333,alsogod,1018.2,10.093333333333334,2026-04-21 17:19:00,5.293333333333334,2026,4,21,17:00,19,17:19
41.66666666666666,alsogod,1018.2,10.066666666666666,2026-04-21 17:20:00,5.266666666666667,2026,4,21,17:00,20,17:20
41.8,alsogod,1018.2,10.04,2026-04-21 17:21:00,5.24,2026,4,21,17:00,21,17:21
41.93333333333333,alsogod,1018.2,10.013333333333334,2026-04-21 17:22:00,5.213333333333334,2026,4,21,17:00,22,17:22
42.06666666666667,alsogod,1018.2,9.986666666666666,2026-04-21 17:23:00,5.1866666666666665,2026,4,21,17:00,23,17:23
42.2,alsogod,1018.2,9.96,2026-04-21 17:24:00,5.16,2026,4,21,17:00,24,17:24
42.333333333333336,alsogod,1018.2,9.933333333333334,2026-04-21 17:25:00,5.133333333333334,2026,4,21,17:00,25,17:25
42.46666666666667,alsogod,1018.2,9.906666666666666,2026-04-21 17:26:00,5.1066666666666665,2026,4,21,17:00,26,17:26
42.6,alsogod,1018.2,9.88,2026-04-21 17:27:00,5.08,2026,4,21,17:00,27,17:27
42.73333333333333,alsogod,1018.2,9.853333333333332,2026-04-21 17:28:00,5.053333333333334,2026,4,21,17:00,28,17:28
42.86666666666667,alsogod,1018.2,9.826666666666668,2026-04-21 17:29:00,5.026666666666666,2026,4,21,17:00,29,17:29
43.0,alsogod,1018.2,9.8,2026-04-21 17:30:00,5.0,2026,4,21,17:00,30,17:30
43.06666666666667,alsogod,1018.1933333333334,9.766666666666667,2026-04-21 17:31:00,5.0,2026,4,21,17:00,31,17:31
43.13333333333333,alsogod,1018.1866666666668,9.733333333333334,2026-04-21 17:32:00,5.0,2026,4,21,17:00,32,17:32
43.2,alsogod,1018.18,9.7,2026-04-21 17:33:00,5.0,2026,4,21,17:00,33,17:33
43.266666666666666,alsogod,1018.1733333333334,9.666666666666668,2026-04-21 17:34:00,5.0,2026,4,21,17:00,34,17:34
43.333333333333336,alsogod,1018.1666666666669,9.633333333333336,2026-04-21 17:35:00,5.0,2026,4,21,17:00,35,17:35
43.4,alsogod,1018.16,9.6,2026-04-21 17:36:00,5.0,2026,4,21,17:00,36,17:36
43.46666666666667,alsogod,1018.1533333333334,9.566666666666668,2026-04-21 17:37:00,5.0,2026,4,21,17:00,37,17:37
43.53333333333333,alsogod,1018.1466666666666,9.533333333333331,2026-04-21 17:38:00,5.0,2026,4,21,17:00,38,17:38
43.6,alsogod,1018.14,9.5,2026-04-21 17:39:00,5.0,2026,4,21,17:00,39,17:39
43.66666666666666,alsogod,1018.1333333333332,9.466666666666669,2026-04-21 17:40:00,5.0,2026,4,21,17:00,40,17:40
43.73333333333333,alsogod,1018.1266666666668,9.433333333333334,2026-04-21 17:41:00,5.0,2026,4,21,17:00,41,17:41
43.8,alsogod,1018.12,9.4,2026-04-21 17:42:00,5.0,2026,4,21,17:00,42,17:42
43.86666666666667,alsogod,1018.1133333333332,9.366666666666667,2026-04-21 17:43:00,5.0,2026,4,21,17:00,43,17:43
43.93333333333333,alsogod,1018.1066666666668,9.333333333333334,2026-04-21 17:44:00,5.0,2026,4,21,17:00,44,17:44
44.0,alsogod,1018.1,9.3,2026-04-21 17:45:00,5.0,2026,4,21,17:00,45,17:45
44.06666666666667,alsogod,1018.1066666666668,9.273333333333332,2026-04-21 17:46:00,5.0,2026,4,21,17:00,46,17:46
44.13333333333333,alsogod,1018.1133333333332,9.246666666666668,2026-04-21 17:47:00,5.0,2026,4,21,17:00,47,17:47
44.2,alsogod,1018.12,9.22,2026-04-21 17:48:00,5.0,2026,4,21,17:00,48,17:48
44.266666666666666,alsogod,1018.1266666666668,9.193333333333332,2026-04-21 17:49:00,5.0,2026,4,21,17:00,49,17:49
44.333333333333336,alsogod,1018.1333333333332,9.166666666666668,2026-04-21 17:50:00,5.0,2026,4,21,17:00,50,17:50
44.4,alsogod,1018.14,9.14,2026-04-21 17:51:00,5.0,2026,4,21,17:00,51,17:51
44.46666666666667,alsogod,1018.1466666666666,9.113333333333332,2026-04-21 17:52:00,5.0,2026,4,21,17:00,52,17:52
44.53333333333333,alsogod,1018.1533333333334,9.086666666666668,2026-04-21 17:53:00,5.0,2026,4,21,17:00,53,17:53
44.6,alsogod,1018.16,9.06,2026-04-21 17:54:00,5.0,2026,4,21,17:00,54,17:54
44.66666666666666,alsogod,1018.1666666666669,9.033333333333331,2026-04-21 17:55:00,5.0,2026,4,21,17:00,55,17:55
44.73333333333333,alsogod,1018.1733333333334,9.006666666666668,2026-04-21 17:56:00,5.0,2026,4,21,17:00,56,17:56
44.8,alsogod,1018.18,8.98,2026-04-21 17:57:00,5.0,2026,4,21,17:00,57,17:57
44.86666666666667,alsogod,1018.1866666666668,8.953333333333333,2026-04-21 17:58:00,5.0,2026,4,21,17:00,58,17:58
44.93333333333333,alsogod,1018.1933333333334,8.926666666666668,2026-04-21 17:59:00,5.0,2026,4,21,17:00,59,17:59
45.0,alsogod,1018.2,8.9,2026-04-21 18:00:00,5.0,2026,4,21,18:00,0,18:00
45.06666666666667,alsogod,1018.2133333333334,8.873333333333333,2026-04-21 18:01:00,5.0,2026,4,21,18:00,1,18:01
45.13333333333333,alsogod,1018.2266666666668,8.846666666666668,2026-04-21 18:02:00,5.0,2026,4,21,18:00,2,18:02
45.2,alsogod,1018.24,8.82,2026-04-21 18:03:00,5.0,2026,4,21,18:00,3,18:03
45.266666666666666,alsogod,1018.2533333333332,8.793333333333333,2026-04-21 18:04:00,5.0,2026,4,21,18:00,4,18:04
45.333333333333336,alsogod,1018.2666666666668,8.766666666666667,2026-04-21 18:05:00,5.0,2026,4,21,18:00,5,18:05
45.4,alsogod,1018.28,8.74,2026-04-21 18:06:00,5.0,2026,4,21,18:00,6,18:06
45.46666666666667,alsogod,1018.2933333333332,8.713333333333333,2026-04-21 18:07:00,5.0,2026,4,21,18:00,7,18:07
45.53333333333333,alsogod,1018.3066666666668,8.686666666666667,2026-04-21 18:08:00,5.0,2026,4,21,18:00,8,18:08
45.6,alsogod,1018.32,8.66,2026-04-21 18:09:00,5.0,2026,4,21,18:00,9,18:09
45.66666666666666,alsogod,1018.3333333333334,8.633333333333333,2026-04-21 18:10:00,5.0,2026,4,21,18:00,10,18:10
45.73333333333333,alsogod,1018.3466666666668,8.606666666666667,2026-04-21 18:11:00,5.0,2026,4,21,18:00,11,18:11
45.8,alsogod,1018.36,8.58,2026-04-21 18:12:00,5.0,2026,4,21,18:00,12,18:12
45.86666666666667,alsogod,1018.3733333333332,8.553333333333333,2026-04-21 18:13:00,5.0,2026,4,21,18:00,13,18:13
45.93333333333333,alsogod,1018.3866666666668,8.526666666666667,2026-04-21 18:14:00,5.0,2026,4,21,18:00,14,18:14
46.0,alsogod,1018.4,8.5,2026-04-21 18:15:00,5.0,2026,4,21,18:00,15,18:15
46.06666666666667,alsogod,1018.4133333333332,8.473333333333333,2026-04-21 18:16:00,5.0,2026,4,21,18:00,16,18:16
46.13333333333333,alsogod,1018.4266666666666,8.446666666666667,2026-04-21 18:17:00,5.0,2026,4,21,18:00,17,18:17
46.2,alsogod,1018.44,8.42,2026-04-21 18:18:00,5.0,2026,4,21,18:00,18,18:18
46.266666666666666,alsogod,1018.4533333333334,8.393333333333333,2026-04-21 18:19:00,5.0,2026,4,21,18:00,19,18:19
46.333333333333336,alsogod,1018.4666666666668,8.366666666666667,2026-04-21 18:20:00,5.0,2026,4,21,18:00,20,18:20
46.4,alsogod,1018.48,8.34,2026-04-21 18:21:00,5.0,2026,4,21,18:00,21,18:21
46.46666666666667,alsogod,1018.4933333333332,8.313333333333333,2026-04-21 18:22:00,5.0,2026,4,21,18:00,22,18:22
46.53333333333333,alsogod,1018.5066666666668,8.286666666666667,2026-04-21 18:23:00,5.0,2026,4,21,18:00,23,18:23
46.6,alsogod,1018.52,8.26,2026-04-21 18:24:00,5.0,2026,4,21,18:00,24,18:24
46.66666666666666,alsogod,1018.5333333333332,8.233333333333333,2026-04-21 18:25:00,5.0,2026,4,21,18:00,25,18:25
46.73333333333333,alsogod,1018.5466666666666,8.206666666666667,2026-04-21 18:26:00,5.0,2026,4,21,18:00,26,18:26
46.8,alsogod,1018.56,8.18,2026-04-21 18:27:00,5.0,2026,4,21,18:00,27,18:27
46.86666666666667,alsogod,1018.5733333333334,8.153333333333332,2026-04-21 18:28:00,5.0,2026,4,21,18:00,28,18:28
46.93333333333333,alsogod,1018.5866666666668,8.126666666666667,2026-04-21 18:29:00,5.0,2026,4,21,18:00,29,18:29
47.0,alsogod,1018.6,8.1,2026-04-21 18:30:00,5.0,2026,4,21,18:00,30,18:30
47.06666666666667,alsogod,1018.6133333333332,8.073333333333332,2026-04-21 18:31:00,5.0,2026,4,21,18:00,31,18:31
47.13333333333333,alsogod,1018.6266666666668,8.046666666666667,2026-04-21 18:32:00,5.0,2026,4,21,18:00,32,18:32
47.2,alsogod,1018.64,8.02,2026-04-21 18:33:00,5.0,2026,4,21,18:00,33,18:33
47.266666666666666,alsogod,1018.6533333333332,7.993333333333333,2026-04-21 18:34:00,5.0,2026,4,21,18:00,34,18:34
47.333333333333336,alsogod,1018.6666666666666,7.966666666666667,2026-04-21 18:35:00,5.0,2026,4,21,18:00,35,18:35
47.4,alsogod,1018.68,7.939999999999999,2026-04-21 18:36:00,5.0,2026,4,21,18:00,36,18:36
47.46666666666667,alsogod,1018.6933333333332,7.913333333333333,2026-04-21 18:37:00,5.0,2026,4,21,18:00,37,18:37
47.53333333333333,alsogod,1018.7066666666668,7.886666666666667,2026-04-21 18:38:00,5.0,2026,4,21,18:00,38,18:38
47.6,alsogod,1018.72,7.86,2026-04-21 18:39:00,5.0,2026,4,21,18:00,39,18:39
47.66666666666666,alsogod,1018.7333333333332,7.833333333333333,2026-04-21 18:40:00,5.0,2026,4,21,18:00,40,18:40
47.73333333333333,alsogod,1018.7466666666668,7.806666666666667,2026-04-21 18:41:00,5.0,2026,4,21,18:00,41,18:41
47.8,alsogod,1018.76,7.78,2026-04-21 18:42:00,5.0,2026,4,21,18:00,42,18:42
47.86666666666667,alsogod,1018.7733333333332,7.753333333333334,2026-04-21 18:43:00,5.0,2026,4,21,18:00,43,18:43
47.93333333333333,alsogod,1018.7866666666666,7.726666666666667,2026-04-21 18:44:00,5.0,2026,4,21,18:00,44,18:44
48.0,alsogod,1018.8,7.7,2026-04-21 18:45:00,5.0,2026,4,21,18:00,45,18:45
48.06666666666667,alsogod,1018.8133333333332,7.686666666666666,2026-04-21 18:46:00,5.0,2026,4,21,18:00,46,18:46
48.13333333333333,alsogod,1018.8266666666666,7.673333333333334,2026-04-21 18:47:00,5.0,2026,4,21,18:00,47,18:47
48.2,alsogod,1018.84,7.66,2026-04-21 18:48:00,5.0,2026,4,21,18:00,48,18:48
48.266666666666666,alsogod,1018.8533333333334,7.646666666666666,2026-04-21 18:49:00,5.0,2026,4,21,18:00,49,18:49
48.333333333333336,alsogod,1018.8666666666668,7.633333333333334,2026-04-21 18:50:00,5.0,2026,4,21,18:00,50,18:50
48.4,alsogod,1018.88,7.62,2026-04-21 18:51:00,5.0,2026,4,21,18:00,51,18:51
48.46666666666667,alsogod,1018.8933333333332,7.606666666666666,2026-04-21 18:52:00,5.0,2026,4,21,18:00,52,18:52
48.53333333333333,alsogod,1018.9066666666666,7.593333333333334,2026-04-21 18:53:00,5.0,2026,4,21,18:00,53,18:53
48.6,alsogod,1018.92,7.58,2026-04-21 18:54:00,5.0,2026,4,21,18:00,54,18:54
48.66666666666666,alsogod,1018.9333333333332,7.566666666666666,2026-04-21 18:55:00,5.0,2026,4,21,18:00,55,18:55
48.73333333333333,alsogod,1018.9466666666666,7.553333333333334,2026-04-21 18:56:00,5.0,2026,4,21,18:00,56,18:56
48.8,alsogod,1018.96,7.54,2026-04-21 18:57:00,5.0,2026,4,21,18:00,57,18:57
48.86666666666667,alsogod,1018.9733333333334,7.526666666666666,2026-04-21 18:58:00,5.0,2026,4,21,18:00,58,18:58
48.93333333333333,alsogod,1018.9866666666668,7.513333333333334,2026-04-21 18:59:00,5.0,2026,4,21,18:00,59,18:59
49.0,alsogod,1019.0,7.5,2026-04-21 19:00:00,5.0,2026,4,21,19:00,0,19:00
49.0,alsogod,1019.0133333333332,7.486666666666666,2026-04-21 19:01:00,4.98,2026,4,21,19:00,1,19:01
49.0,alsogod,1019.0266666666666,7.473333333333334,2026-04-21 19:02:00,4.96,2026,4,21,19:00,2,19:02
49.0,alsogod,1019.04,7.46,2026-04-21 19:03:00,4.94,2026,4,21,19:00,3,19:03
49.0,alsogod,1019.0533333333334,7.446666666666666,2026-04-21 19:04:00,4.92,2026,4,21,19:00,4,19:04
49.0,alsogod,1019.0666666666668,7.433333333333334,2026-04-21 19:05:00,4.9,2026,4,21,19:00,5,19:05
49.0,alsogod,1019.08,7.42,2026-04-21 19:06:00,4.88,2026,4,21,19:00,6,19:06
49.0,alsogod,1019.0933333333334,7.406666666666666,2026-04-21 19:07:00,4.86,2026,4,21,19:00,7,19:07
49.0,alsogod,1019.1066666666668,7.393333333333333,2026-04-21 19:08:00,4.84,2026,4,21,19:00,8,19:08
49.0,alsogod,1019.12,7.38,2026-04-21 19:09:00,4.82,2026,4,21,19:00,9,19:09
49.0,alsogod,1019.1333333333332,7.366666666666666,2026-04-21 19:10:00,4.8,2026,4,21,19:00,10,19:10
49.0,alsogod,1019.1466666666666,7.353333333333333,2026-04-21 19:11:00,4.78,2026,4,21,19:00,11,19:11
49.0,alsogod,1019.16,7.34,2026-04-21 19:12:00,4.76,2026,4,21,19:00,12,19:12
49.0,alsogod,1019.1733333333334,7.326666666666666,2026-04-21 19:13:00,4.74,2026,4,21,19:00,13,19:13
49.0,alsogod,1019.1866666666668,7.313333333333333,2026-04-21 19:14:00,4.72,2026,4,21,19:00,14,19:14
49.0,alsogod,1019.2,7.3,2026-04-21 19:15:00,4.7,2026,4,21,19:00,15,19:15
49.0,alsogod,1019.22,7.3,2026-04-21 19:16:00,4.673333333333334,2026,4,21,19:00,16,19:16
49.0,alsogod,1019.24,7.3,2026-04-21 19:17:00,4.6466666666666665,2026,4,21,19:00,17,19:17
49.0,alsogod,1019.26,7.3,2026-04-21 19:18:00,4.62,2026,4,21,19:00,18,19:18
49.0,alsogod,1019.28,7.3,2026-04-21 19:19:00,4.593333333333334,2026,4,21,19:00,19,19:19
49.0,alsogod,1019.3,7.3,2026-04-21 19:20:00,4.566666666666666,2026,4,21,19:00,20,19:20
49.0,alsogod,1019.32,7.3,2026-04-21 19:21:00,4.54,2026,4,21,19:00,21,19:21
49.0,alsogod,1019.34,7.3,2026-04-21 19:22:00,4.513333333333334,2026,4,21,19:00,22,19:22
49.0,alsogod,1019.36,7.3,2026-04-21 19:23:00,4.486666666666666,2026,4,21,19:00,23,19:23
49.0,alsogod,1019.38,7.3,2026-04-21 19:24:00,4.46,2026,4,21,19:00,24,19:24
49.0,alsogod,1019.4,7.3,2026-04-21 19:25:00,4.433333333333334,2026,4,21,19:00,25,19:25
49.0,alsogod,1019.42,7.3,2026-04-21 19:26:00,4.406666666666666,2026,4,21,19:00,26,19:26
49.0,alsogod,1019.44,7.3,2026-04-21 19:27:00,4.38,2026,4,21,19:00,27,19:27
49.0,alsogod,1019.46,7.3,2026-04-21 19:28:00,4.3533333333333335,2026,4,21,19:00,28,19:28
49.0,alsogod,1019.48,7.3,2026-04-21 19:29:00,4.326666666666666,2026,4,21,19:00,29,19:29
49.0,alsogod,1019.5,7.3,2026-04-21 19:30:00,4.3,2026,4,21,19:00,30,19:30
49.0,alsogod,1019.5133333333332,7.3,2026-04-21 19:31:00,4.28,2026,4,21,19:00,31,19:31
49.0,alsogod,1019.5266666666666,7.3,2026-04-21 19:32:00,4.26,2026,4,21,19:00,32,19:32
49.0,alsogod,1019.54,7.3,2026-04-21 19:33:00,4.24,2026,4,21,19:00,33,19:33
49.0,alsogod,1019.5533333333334,7.3,2026-04-21 19:34:00,4.22,2026,4,21,19:00,34,19:34
49.0,alsogod,1019.5666666666668,7.3,2026-04-21 19:35:00,4.2,2026,4,21,19:00,35,19:35
49.0,alsogod,1019.58,7.3,2026-04-21 19:36:00,4.18,2026,4,21,19:00,36,19:36
49.0,alsogod,1019.5933333333334,7.3,2026-04-21 19:37:00,4.16,2026,4,21,19:00,37,19:37
49.0,alsogod,1019.6066666666668,7.3,2026-04-21 19:38:00,4.14,2026,4,21,19:00,38,19:38
49.0,alsogod,1019.62,7.3,2026-04-21 19:39:00,4.12,2026,4,21,19:00,39,19:39
49.0,alsogod,1019.6333333333332,7.3,2026-04-21 19:40:00,4.1,2026,4,21,19:00,40,19:40
49.0,alsogod,1019.6466666666666,7.3,2026-04-21 19:41:00,4.08,2026,4,21,19:00,41,19:41
49.0,alsogod,1019.66,7.3,2026-04-21 19:42:00,4.06,2026,4,21,19:00,42,19:42
49.0,alsogod,1019.6733333333334,7.3,2026-04-21 19:43:00,4.04,2026,4,21,19:00,43,19:43
49.0,alsogod,1019.6866666666668,7.3,2026-04-21 19:44:00,4.02,2026,4,21,19:00,44,19:44
49.0,alsogod,1019.7,7.3,2026-04-21 19:45:00,4.0,2026,4,21,19:00,45,19:45
48.93333333333333,alsogod,1019.7066666666668,7.3,2026-04-21 19:46:00,3.973333333333333,2026,4,21,19:00,46,19:46
48.86666666666667,alsogod,1019.7133333333334,7.3,2026-04-21 19:47:00,3.9466666666666663,2026,4,21,19:00,47,19:47
48.8,alsogod,1019.72,7.3,2026-04-21 19:48:00,3.92,2026,4,21,19:00,48,19:48
48.73333333333333,alsogod,1019.7266666666668,7.3,2026-04-21 19:49:00,3.8933333333333335,2026,4,21,19:00,49,19:49
48.66666666666666,alsogod,1019.7333333333332,7.3,2026-04-21 19:50:00,3.8666666666666663,2026,4,21,19:00,50,19:50
48.6,alsogod,1019.74,7.3,2026-04-21 19:51:00,3.84,2026,4,21,19:00,51,19:51
48.53333333333333,alsogod,1019.7466666666668,7.3,2026-04-21 19:52:00,3.8133333333333335,2026,4,21,19:00,52,19:52
48.46666666666667,alsogod,1019.7533333333332,7.3,2026-04-21 19:53:00,3.786666666666666,2026,4,21,19:00,53,19:53
48.4,alsogod,1019.76,7.3,2026-04-21 19:54:00,3.76,2026,4,21,19:00,54,19:54
48.333333333333336,alsogod,1019.7666666666668,7.3,2026-04-21 19:55:00,3.733333333333333,2026,4,21,19:00,55,19:55
48.266666666666666,alsogod,1019.7733333333332,7.3,2026-04-21 19:56:00,3.706666666666667,2026,4,21,19:00,56,19:56
48.2,alsogod,1019.78,7.3,2026-04-21 19:57:00,3.68,2026,4,21,19:00,57,19:57
48.13333333333333,alsogod,1019.7866666666666,7.3,2026-04-21 19:58:00,3.653333333333333,2026,4,21,19:00,58,19:58
48.06666666666667,alsogod,1019.7933333333332,7.3,2026-04-21 19:59:00,3.626666666666667,2026,4,21,19:00,59,19:59
48.0,alsogod,1019.8,7.3,2026-04-21 20:00:00,3.6,2026,4,21,20:00,0,20:00
47.93333333333333,alsogod,1019.8,7.293333333333333,2026-04-21 20:01:00,3.6,2026,4,21,20:00,1,20:01
47.86666666666667,alsogod,1019.8,7.286666666666666,2026-04-21 20:02:00,3.6,2026,4,21,20:00,2,20:02
47.8,alsogod,1019.8,7.28,2026-04-21 20:03:00,3.6,2026,4,21,20:00,3,20:03
47.73333333333333,alsogod,1019.8,7.273333333333333,2026-04-21 20:04:00,3.6,2026,4,21,20:00,4,20:04
47.66666666666666,alsogod,1019.8,7.266666666666667,2026-04-21 20:05:00,3.6,2026,4,21,20:00,5,20:05
47.6,alsogod,1019.8,7.26,2026-04-21 20:06:00,3.6,2026,4,21,20:00,6,20:06
47.53333333333333,alsogod,1019.8,7.253333333333333,2026-04-21 20:07:00,3.6,2026,4,21,20:00,7,20:07
47.46666666666667,alsogod,1019.8,7.246666666666667,2026-04-21 20:08:00,3.6,2026,4,21,20:00,8,20:08
47.4,alsogod,1019.8,7.24,2026-04-21 20:09:00,3.6,2026,4,21,20:00,9,20:09
47.333333333333336,alsogod,1019.8,7.233333333333333,2026-04-21 20:10:00,3.6,2026,4,21,20:00,10,20:10
47.266666666666666,alsogod,1019.8,7.226666666666667,2026-04-21 20:11:00,3.6,2026,4,21,20:00,11,20:11
47.2,alsogod,1019.8,7.22,2026-04-21 20:12:00,3.6,2026,4,21,20:00,12,20:12
47.13333333333333,alsogod,1019.8,7.213333333333334,2026-04-21 20:13:00,3.6,2026,4,21,20:00,13,20:13
47.06666666666667,alsogod,1019.8,7.206666666666667,2026-04-21 20:14:00,3.6,2026,4,21,20:00,14,20:14
47.0,alsogod,1019.8,7.2,2026-04-21 20:15:00,3.6,2026,4,21,20:00,15,20:15
46.93333333333333,alsogod,1019.7866666666666,7.193333333333333,2026-04-21 20:16:00,3.6,2026,4,21,20:00,16,20:16
46.86666666666667,alsogod,1019.7733333333332,7.1866666666666665,2026-04-21 20:17:00,3.6,2026,4,21,20:00,17,20:17
46.8,alsogod,1019.76,7.18,2026-04-21 20:18:00,3.6,2026,4,21,20:00,18,20:18
46.73333333333333,alsogod,1019.7466666666668,7.173333333333334,2026-04-21 20:19:00,3.6,2026,4,21,20:00,19,20:19
46.66666666666666,alsogod,1019.7333333333332,7.166666666666667,2026-04-21 20:20:00,3.6,2026,4,21,20:00,20,20:20
46.6,alsogod,1019.72,7.16,2026-04-21 20:21:00,3.6,2026,4,21,20:00,21,20:21
46.53333333333333,alsogod,1019.7066666666668,7.153333333333333,2026-04-21 20:22:00,3.6,2026,4,21,20:00,22,20:22
46.46666666666667,alsogod,1019.6933333333332,7.1466666666666665,2026-04-21 20:23:00,3.6,2026,4,21,20:00,23,20:23
46.4,alsogod,1019.68,7.14,2026-04-21 20:24:00,3.6,2026,4,21,20:00,24,20:24
46.333333333333336,alsogod,1019.6666666666666,7.133333333333333,2026-04-21 20:25:00,3.6,2026,4,21,20:00,25,20:25
46.266666666666666,alsogod,1019.6533333333332,7.126666666666666,2026-04-21 20:26:00,3.6,2026,4,21,20:00,26,20:26
46.2,alsogod,1019.64,7.12,2026-04-21 20:27:00,3.6,2026,4,21,20:00,27,20:27
46.13333333333333,alsogod,1019.6266666666668,7.113333333333333,2026-04-21 20:28:00,3.6,2026,4,21,20:00,28,20:28
46.06666666666667,alsogod,1019.6133333333332,7.1066666666666665,2026-04-21 20:29:00,3.6,2026,4,21,20:00,29,20:29
46.0,alsogod,1019.6,7.1,2026-04-21 20:30:00,3.6,2026,4,21,20:00,30,20:30
45.93333333333333,alsogod,1019.5933333333334,7.093333333333333,2026-04-21 20:31:00,3.6,2026,4,21,20:00,31,20:31
45.86666666666667,alsogod,1019.5866666666668,7.086666666666666,2026-04-21 20:32:00,3.6,2026,4,21,20:00,32,20:32
45.8,alsogod,1019.58,7.08,2026-04-21 20:33:00,3.6,2026,4,21,20:00,33,20:33
45.73333333333333,alsogod,1019.5733333333334,7.073333333333333,2026-04-21 20:34:00,3.6,2026,4,21,20:00,34,20:34
45.66666666666666,alsogod,1019.5666666666668,7.066666666666666,2026-04-21 20:35:00,3.6,2026,4,21,20:00,35,20:35
45.6,alsogod,1019.56,7.06,2026-04-21 20:36:00,3.6,2026,4,21,20:00,36,20:36
45.53333333333333,alsogod,1019.5533333333334,7.053333333333333,2026-04-21 20:37:00,3.6,2026,4,21,20:00,37,20:37
45.46666666666667,alsogod,1019.5466666666666,7.046666666666667,2026-04-21 20:38:00,3.6,2026,4,21,20:00,38,20:38
45.4,alsogod,1019.54,7.04,2026-04-21 20:39:00,3.6,2026,4,21,20:00,39,20:39
45.333333333333336,alsogod,1019.5333333333332,7.033333333333333,2026-04-21 20:40:00,3.6,2026,4,21,20:00,40,20:40
45.266666666666666,alsogod,1019.5266666666666,7.026666666666666,2026-04-21 20:41:00,3.6,2026,4,21,20:00,41,20:41
45.2,alsogod,1019.52,7.02,2026-04-21 20:42:00,3.6,2026,4,21,20:00,42,20:42
45.13333333333333,alsogod,1019.5133333333332,7.013333333333334,2026-04-21 20:43:00,3.6,2026,4,21,20:00,43,20:43
45.06666666666667,alsogod,1019.5066666666668,7.006666666666667,2026-04-21 20:44:00,3.6,2026,4,21,20:00,44,20:44
45.0,alsogod,1019.5,7.0,2026-04-21 20:45:00,3.6,2026,4,21,20:00,45,20:45
45.0,alsogod,1019.4933333333332,7.0,2026-04-21 20:46:00,3.626666666666667,2026,4,21,20:00,46,20:46
45.0,alsogod,1019.4866666666668,7.0,2026-04-21 20:47:00,3.653333333333333,2026,4,21,20:00,47,20:47
45.0,alsogod,1019.48,7.0,2026-04-21 20:48:00,3.68,2026,4,21,20:00,48,20:48
45.0,alsogod,1019.4733333333334,7.0,2026-04-21 20:49:00,3.7066666666666666,2026,4,21,20:00,49,20:49
45.0,alsogod,1019.4666666666668,7.0,2026-04-21 20:50:00,3.733333333333333,2026,4,21,20:00,50,20:50
45.0,alsogod,1019.46,7.0,2026-04-21 20:51:00,3.76,2026,4,21,20:00,51,20:51
45.0,alsogod,1019.4533333333334,7.0,2026-04-21 20:52:00,3.786666666666666,2026,4,21,20:00,52,20:52
45.0,alsogod,1019.4466666666666,7.0,2026-04-21 20:53:00,3.8133333333333335,2026,4,21,20:00,53,20:53
45.0,alsogod,1019.44,7.0,2026-04-21 20:54:00,3.84,2026,4,21,20:00,54,20:54
45.0,alsogod,1019.4333333333332,7.0,2026-04-21 20:55:00,3.8666666666666663,2026,4,21,20:00,55,20:55
45.0,alsogod,1019.4266666666666,7.0,2026-04-21 20:56:00,3.8933333333333335,2026,4,21,20:00,56,20:56
45.0,alsogod,1019.42,7.0,2026-04-21 20:57:00,3.92,2026,4,21,20:00,57,20:57
45.0,alsogod,1019.4133333333332,7.0,2026-04-21 20:58:00,3.9466666666666663,2026,4,21,20:00,58,20:58
45.0,alsogod,1019.4066666666666,7.0,2026-04-21 20:59:00,3.973333333333333,2026,4,21,20:00,59,20:59
45.0,alsogod,1019.4,7.0,2026-04-21 21:00:00,4.0,2026,4,21,21:00,0,21:00
45.0,alsogod,1019.4066666666666,7.0,2026-04-21 21:01:00,4.02,2026,4,21,21:00,1,21:01
45.0,alsogod,1019.4133333333332,7.0,2026-04-21 21:02:00,4.04,2026,4,21,21:00,2,21:02
45.0,alsogod,1019.42,7.0,2026-04-21 21:03:00,4.06,2026,4,21,21:00,3,21:03
45.0,alsogod,1019.4266666666666,7.0,2026-04-21 21:04:00,4.08,2026,4,21,21:00,4,21:04
45.0,alsogod,1019.4333333333332,7.0,2026-04-21 21:05:00,4.1,2026,4,21,21:00,5,21:05
45.0,alsogod,1019.44,7.0,2026-04-21 21:06:00,4.12,2026,4,21,21:00,6,21:06
45.0,alsogod,1019.4466666666666,7.0,2026-04-21 21:07:00,4.14,2026,4,21,21:00,7,21:07
45.0,alsogod,1019.4533333333334,7.0,2026-04-21 21:08:00,4.16,2026,4,21,21:00,8,21:08
45.0,alsogod,1019.46,7.0,2026-04-21 21:09:00,4.18,2026,4,21,21:00,9,21:09
45.0,alsogod,1019.4666666666668,7.0,2026-04-21 21:10:00,4.2,2026,4,21,21:00,10,21:10
45.0,alsogod,1019.4733333333334,7.0,2026-04-21 21:11:00,4.22,2026,4,21,21:00,11,21:11
45.0,alsogod,1019.48,7.0,2026-04-21 21:12:00,4.24,2026,4,21,21:00,12,21:12
45.0,alsogod,1019.4866666666668,7.0,2026-04-21 21:13:00,4.26,2026,4,21,21:00,13,21:13
45.0,alsogod,1019.4933333333332,7.0,2026-04-21 21:14:00,4.28,2026,4,21,21:00,14,21:14
45.0,alsogod,1019.5,7.0,2026-04-21 21:15:00,4.3,2026,4,21,21:00,15,21:15
45.06666666666667,alsogod,1019.5066666666668,7.0,2026-04-21 21:16:00,4.326666666666666,2026,4,21,21:00,16,21:16
45.13333333333333,alsogod,1019.5133333333332,7.0,2026-04-21 21:17:00,4.3533333333333335,2026,4,21,21:00,17,21:17
45.2,alsogod,1019.52,7.0,2026-04-21 21:18:00,4.38,2026,4,21,21:00,18,21:18
45.266666666666666,alsogod,1019.5266666666666,7.0,2026-04-21 21:19:00,4.406666666666666,2026,4,21,21:00,19,21:19
45.333333333333336,alsogod,1019.5333333333332,7.0,2026-04-21 21:20:00,4.433333333333334,2026,4,21,21:00,20,21:20
45.4,alsogod,1019.54,7.0,2026-04-21 21:21:00,4.46,2026,4,21,21:00,21,21:21
45.46666666666667,alsogod,1019.5466666666666,7.0,2026-04-21 21:22:00,4.486666666666666,2026,4,21,21:00,22,21:22
45.53333333333333,alsogod,1019.5533333333334,7.0,2026-04-21 21:23:00,4.513333333333334,2026,4,21,21:00,23,21:23
45.6,alsogod,1019.56,7.0,2026-04-21 21:24:00,4.54,2026,4,21,21:00,24,21:24
45.66666666666666,alsogod,1019.5666666666668,7.0,2026-04-21 21:25:00,4.566666666666666,2026,4,21,21:00,25,21:25
45.73333333333333,alsogod,1019.5733333333334,7.0,2026-04-21 21:26:00,4.593333333333334,2026,4,21,21:00,26,21:26
45.8,alsogod,1019.58,7.0,2026-04-21 21:27:00,4.62,2026,4,21,21:00,27,21:27
45.86666666666667,alsogod,1019.5866666666668,7.0,2026-04-21 21:28:00,4.6466666666666665,2026,4,21,21:00,28,21:28
45.93333333333333,alsogod,1019.5933333333334,7.0,2026-04-21 21:29:00,4.673333333333334,2026,4,21,21:00,29,21:29
46.0,alsogod,1019.6,7.0,2026-04-21 21:30:00,4.7,2026,4,21,21:00,30,21:30
46.06666666666667,alsogod,1019.6133333333332,7.006666666666667,2026-04-21 21:31:00,4.72,2026,4,21,21:00,31,21:31
46.13333333333333,alsogod,1019.6266666666668,7.013333333333334,2026-04-21 21:32:00,4.74,2026,4,21,21:00,32,21:32
46.2,alsogod,1019.64,7.02,2026-04-21 21:33:00,4.76,2026,4,21,21:00,33,21:33
46.266666666666666,alsogod,1019.6533333333332,7.026666666666666,2026-04-21 21:34:00,4.78,2026,4,21,21:00,34,21:34
46.333333333333336,alsogod,1019.6666666666666,7.033333333333333,2026-04-21 21:35:00,4.8,2026,4,21,21:00,35,21:35
46.4,alsogod,1019.68,7.04,2026-04-21 21:36:00,4.82,2026,4,21,21:00,36,21:36
46.46666666666667,alsogod,1019.6933333333332,7.046666666666667,2026-04-21 21:37:00,4.84,2026,4,21,21:00,37,21:37
46.53333333333333,alsogod,1019.7066666666668,7.053333333333333,2026-04-21 21:38:00,4.86,2026,4,21,21:00,38,21:38
46.6,alsogod,1019.72,7.06,2026-04-21 21:39:00,4.88,2026,4,21,21:00,39,21:39
46.66666666666666,alsogod,1019.7333333333332,7.066666666666666,2026-04-21 21:40:00,4.9,2026,4,21,21:00,40,21:40
46.73333333333333,alsogod,1019.7466666666668,7.073333333333333,2026-04-21 21:41:00,4.92,2026,4,21,21:00,41,21:41
46.8,alsogod,1019.76,7.08,2026-04-21 21:42:00,4.94,2026,4,21,21:00,42,21:42
46.86666666666667,alsogod,1019.7733333333332,7.086666666666666,2026-04-21 21:43:00,4.96,2026,4,21,21:00,43,21:43
46.93333333333333,alsogod,1019.7866666666666,7.093333333333333,2026-04-21 21:44:00,4.98,2026,4,21,21:00,44,21:44
47.0,alsogod,1019.8,7.1,2026-04-21 21:45:00,5.0,2026,4,21,21:00,45,21:45
47.0,alsogod,1019.8066666666666,7.1066666666666665,2026-04-21 21:46:00,5.026666666666666,2026,4,21,21:00,46,21:46
47.0,alsogod,1019.8133333333332,7.113333333333333,2026-04-21 21:47:00,5.053333333333334,2026,4,21,21:00,47,21:47
47.0,alsogod,1019.82,7.12,2026-04-21 21:48:00,5.08,2026,4,21,21:00,48,21:48
47.0,alsogod,1019.8266666666666,7.126666666666666,2026-04-21 21:49:00,5.1066666666666665,2026,4,21,21:00,49,21:49
47.0,alsogod,1019.8333333333331,7.133333333333333,2026-04-21 21:50:00,5.133333333333334,2026,4,21,21:00,50,21:50
47.0,alsogod,1019.84,7.14,2026-04-21 21:51:00,5.16,2026,4,21,21:00,51,21:51
47.0,alsogod,1019.8466666666666,7.1466666666666665,2026-04-21 21:52:00,5.1866666666666665,2026,4,21,21:00,52,21:52
47.0,alsogod,1019.8533333333334,7.153333333333333,2026-04-21 21:53:00,5.213333333333334,2026,4,21,21:00,53,21:53
47.0,alsogod,1019.86,7.16,2026-04-21 21:54:00,5.24,2026,4,21,21:00,54,21:54
47.0,alsogod,1019.8666666666668,7.166666666666667,2026-04-21 21:55:00,5.266666666666667,2026,4,21,21:00,55,21:55
47.0,alsogod,1019.8733333333332,7.173333333333334,2026-04-21 21:56:00,5.293333333333334,2026,4,21,21:00,56,21:56
47.0,alsogod,1019.88,7.18,2026-04-21 21:57:00,5.32,2026,4,21,21:00,57,21:57
47.0,alsogod,1019.8866666666668,7.1866666666666665,2026-04-21 21:58:00,5.346666666666667,2026,4,21,21:00,58,21:58
47.0,alsogod,1019.8933333333332,7.193333333333333,2026-04-21 21:59:00,5.373333333333334,2026,4,21,21:00,59,21:59
47.0,alsogod,1019.9,7.2,2026-04-21 22:00:00,5.4,2026,4,21,22:00,0,22:00
47.0,alsogod,1019.9066666666666,7.206666666666667,2026-04-21 22:01:00,5.4,2026,4,21,22:00,1,22:01
47.0,alsogod,1019.9133333333332,7.213333333333334,2026-04-21 22:02:00,5.4,2026,4,21,22:00,2,22:02
47.0,alsogod,1019.92,7.22,2026-04-21 22:03:00,5.4,2026,4,21,22:00,3,22:03
47.0,alsogod,1019.9266666666666,7.226666666666667,2026-04-21 22:04:00,5.4,2026,4,21,22:00,4,22:04
47.0,alsogod,1019.9333333333332,7.233333333333333,2026-04-21 22:05:00,5.4,2026,4,21,22:00,5,22:05
47.0,alsogod,1019.94,7.24,2026-04-21 22:06:00,5.4,2026,4,21,22:00,6,22:06
47.0,alsogod,1019.9466666666666,7.246666666666667,2026-04-21 22:07:00,5.4,2026,4,21,22:00,7,22:07
47.0,alsogod,1019.9533333333334,7.253333333333333,2026-04-21 22:08:00,5.4,2026,4,21,22:00,8,22:08
47.0,alsogod,1019.96,7.26,2026-04-21 22:09:00,5.4,2026,4,21,22:00,9,22:09
47.0,alsogod,1019.9666666666668,7.266666666666667,2026-04-21 22:10:00,5.4,2026,4,21,22:00,10,22:10
47.0,alsogod,1019.9733333333334,7.273333333333333,2026-04-21 22:11:00,5.4,2026,4,21,22:00,11,22:11
47.0,alsogod,1019.98,7.28,2026-04-21 22:12:00,5.4,2026,4,21,22:00,12,22:12
47.0,alsogod,1019.9866666666668,7.286666666666666,2026-04-21 22:13:00,5.4,2026,4,21,22:00,13,22:13
47.0,alsogod,1019.9933333333332,7.293333333333333,2026-04-21 22:14:00,5.4,2026,4,21,22:00,14,22:14
47.0,alsogod,1020.0,7.3,2026-04-21 22:15:00,5.4,2026,4,21,22:00,15,22:15
47.0,alsogod,1020.0133333333332,7.306666666666667,2026-04-21 22:16:00,5.4,2026,4,21,22:00,16,22:16
47.0,alsogod,1020.0266666666666,7.313333333333333,2026-04-21 22:17:00,5.4,2026,4,21,22:00,17,22:17
47.0,alsogod,1020.04,7.32,2026-04-21 22:18:00,5.4,2026,4,21,22:00,18,22:18
47.0,alsogod,1020.0533333333334,7.326666666666666,2026-04-21 22:19:00,5.4,2026,4,21,22:00,19,22:19
47.0,alsogod,1020.0666666666668,7.333333333333333,2026-04-21 22:20:00,5.4,2026,4,21,22:00,20,22:20
47.0,alsogod,1020.08,7.34,2026-04-21 22:21:00,5.4,2026,4,21,22:00,21,22:21
47.0,alsogod,1020.0933333333334,7.346666666666667,2026-04-21 22:22:00,5.4,2026,4,21,22:00,22,22:22
47.0,alsogod,1020.1066666666668,7.353333333333333,2026-04-21 22:23:00,5.4,2026,4,21,22:00,23,22:23
47.0,alsogod,1020.12,7.36,2026-04-21 22:24:00,5.4,2026,4,21,22:00,24,22:24
47.0,alsogod,1020.1333333333332,7.366666666666667,2026-04-21 22:25:00,5.4,2026,4,21,22:00,25,22:25
47.0,alsogod,1020.1466666666666,7.373333333333334,2026-04-21 22:26:00,5.4,2026,4,21,22:00,26,22:26
47.0,alsogod,1020.16,7.38,2026-04-21 22:27:00,5.4,2026,4,21,22:00,27,22:27
47.0,alsogod,1020.1733333333334,7.386666666666667,2026-04-21 22:28:00,5.4,2026,4,21,22:00,28,22:28
47.0,alsogod,1020.1866666666668,7.393333333333333,2026-04-21 22:29:00,5.4,2026,4,21,22:00,29,22:29
47.0,alsogod,1020.2,7.4,2026-04-21 22:30:00,5.4,2026,4,21,22:00,30,22:30
46.93333333333333,alsogod,1020.2066666666668,7.4,2026-04-21 22:31:00,5.4,2026,4,21,22:00,31,22:31
46.86666666666667,alsogod,1020.2133333333334,7.4,2026-04-21 22:32:00,5.4,2026,4,21,22:00,32,22:32
46.8,alsogod,1020.22,7.4,2026-04-21 22:33:00,5.4,2026,4,21,22:00,33,22:33
46.73333333333333,alsogod,1020.2266666666668,7.4,2026-04-21 22:34:00,5.4,2026,4,21,22:00,34,22:34
46.66666666666666,alsogod,1020.2333333333332,7.4,2026-04-21 22:35:00,5.4,2026,4,21,22:00,35,22:35
46.6,alsogod,1020.24,7.4,2026-04-21 22:36:00,5.4,2026,4,21,22:00,36,22:36
46.53333333333333,alsogod,1020.2466666666668,7.4,2026-04-21 22:37:00,5.4,2026,4,21,22:00,37,22:37
46.46666666666667,alsogod,1020.2533333333332,7.4,2026-04-21 22:38:00,5.4,2026,4,21,22:00,38,22:38
46.4,alsogod,1020.26,7.4,2026-04-21 22:39:00,5.4,2026,4,21,22:00,39,22:39
46.333333333333336,alsogod,1020.2666666666668,7.4,2026-04-21 22:40:00,5.4,2026,4,21,22:00,40,22:40
46.266666666666666,alsogod,1020.2733333333332,7.4,2026-04-21 22:41:00,5.4,2026,4,21,22:00,41,22:41
46.2,alsogod,1020.28,7.4,2026-04-21 22:42:00,5.4,2026,4,21,22:00,42,22:42
46.13333333333333,alsogod,1020.2866666666666,7.4,2026-04-21 22:43:00,5.4,2026,4,21,22:00,43,22:43
46.06666666666667,alsogod,1020.2933333333332,7.4,2026-04-21 22:44:00,5.4,2026,4,21,22:00,44,22:44
46.0,alsogod,1020.3,7.4,2026-04-21 22:45:00,5.4,2026,4,21,22:00,45,22:45
46.0,alsogod,1020.3066666666666,7.406666666666667,2026-04-21 22:46:00,5.4,2026,4,21,22:00,46,22:46
46.0,alsogod,1020.3133333333332,7.413333333333334,2026-04-21 22:47:00,5.4,2026,4,21,22:00,47,22:47
46.0,alsogod,1020.32,7.42,2026-04-21 22:48:00,5.4,2026,4,21,22:00,48,22:48
46.0,alsogod,1020.3266666666666,7.426666666666667,2026-04-21 22:49:00,5.4,2026,4,21,22:00,49,22:49
46.0,alsogod,1020.3333333333331,7.433333333333334,2026-04-21 22:50:00,5.4,2026,4,21,22:00,50,22:50
46.0,alsogod,1020.34,7.44,2026-04-21 22:51:00,5.4,2026,4,21,22:00,51,22:51
46.0,alsogod,1020.3466666666666,7.446666666666667,2026-04-21 22:52:00,5.4,2026,4,21,22:00,52,22:52
46.0,alsogod,1020.3533333333334,7.453333333333333,2026-04-21 22:53:00,5.4,2026,4,21,22:00,53,22:53
46.0,alsogod,1020.36,7.46,2026-04-21 22:54:00,5.4,2026,4,21,22:00,54,22:54
46.0,alsogod,1020.3666666666668,7.466666666666667,2026-04-21 22:55:00,5.4,2026,4,21,22:00,55,22:55
46.0,alsogod,1020.3733333333332,7.473333333333334,2026-04-21 22:56:00,5.4,2026,4,21,22:00,56,22:56
46.0,alsogod,1020.38,7.48,2026-04-21 22:57:00,5.4,2026,4,21,22:00,57,22:57
46.0,alsogod,1020.3866666666668,7.486666666666666,2026-04-21 22:58:00,5.4,2026,4,21,22:00,58,22:58
46.0,alsogod,1020.3933333333332,7.493333333333333,2026-04-21 22:59:00,5.4,2026,4,21,22:00,59,22:59
46.0,alsogod,1020.4,7.5,2026-04-21 23:00:00,5.4,2026,4,21,23:00,0,23:00
45.93333333333333,alsogod,1020.4,7.506666666666667,2026-04-21 23:01:00,5.373333333333334,2026,4,21,23:00,1,23:01
45.86666666666667,alsogod,1020.4,7.513333333333334,2026-04-21 23:02:00,5.346666666666667,2026,4,21,23:00,2,23:02
45.8,alsogod,1020.4,7.52,2026-04-21 23:03:00,5.32,2026,4,21,23:00,3,23:03
45.73333333333333,alsogod,1020.4,7.526666666666666,2026-04-21 23:04:00,5.293333333333334,2026,4,21,23:00,4,23:04
45.66666666666666,alsogod,1020.4,7.533333333333333,2026-04-21 23:05:00,5.266666666666667,2026,4,21,23:00,5,23:05
45.6,alsogod,1020.4,7.54,2026-04-21 23:06:00,5.24,2026,4,21,23:00,6,23:06
45.53333333333333,alsogod,1020.4,7.546666666666667,2026-04-21 23:07:00,5.213333333333334,2026,4,21,23:00,7,23:07
45.46666666666667,alsogod,1020.4,7.553333333333333,2026-04-21 23:08:00,5.1866666666666665,2026,4,21,23:00,8,23:08
45.4,alsogod,1020.4,7.56,2026-04-21 23:09:00,5.16,2026,4,21,23:00,9,23:09
45.333333333333336,alsogod,1020.4,7.566666666666666,2026-04-21 23:10:00,5.133333333333334,2026,4,21,23:00,10,23:10
45.266666666666666,alsogod,1020.4,7.573333333333333,2026-04-21 23:11:00,5.1066666666666665,2026,4,21,23:00,11,23:11
45.2,alsogod,1020.4,7.58,2026-04-21 23:12:00,5.08,2026,4,21,23:00,12,23:12
45.13333333333333,alsogod,1020.4,7.586666666666666,2026-04-21 23:13:00,5.053333333333334,2026,4,21,23:00,13,23:13
45.06666666666667,alsogod,1020.4,7.593333333333333,2026-04-21 23:14:00,5.026666666666666,2026,4,21,23:00,14,23:14
45.0,alsogod,1020.4,7.6,2026-04-21 23:15:00,5.0,2026,4,21,23:00,15,23:15
45.0,alsogod,1020.3933333333332,7.606666666666666,2026-04-21 23:16:00,5.0,2026,4,21,23:00,16,23:16
45.0,alsogod,1020.3866666666668,7.613333333333333,2026-04-21 23:17:00,5.0,2026,4,21,23:00,17,23:17
45.0,alsogod,1020.38,7.62,2026-04-21 23:18:00,5.0,2026,4,21,23:00,18,23:18
45.0,alsogod,1020.3733333333332,7.626666666666666,2026-04-21 23:19:00,5.0,2026,4,21,23:00,19,23:19
45.0,alsogod,1020.3666666666668,7.633333333333333,2026-04-21 23:20:00,5.0,2026,4,21,23:00,20,23:20
45.0,alsogod,1020.36,7.64,2026-04-21 23:21:00,5.0,2026,4,21,23:00,21,23:21
45.0,alsogod,1020.3533333333334,7.646666666666666,2026-04-21 23:22:00,5.0,2026,4,21,23:00,22,23:22
45.0,alsogod,1020.3466666666666,7.653333333333333,2026-04-21 23:23:00,5.0,2026,4,21,23:00,23,23:23
45.0,alsogod,1020.34,7.66,2026-04-21 23:24:00,5.0,2026,4,21,23:00,24,23:24
45.0,alsogod,1020.3333333333331,7.666666666666667,2026-04-21 23:25:00,5.0,2026,4,21,23:00,25,23:25
45.0,alsogod,1020.3266666666666,7.673333333333334,2026-04-21 23:26:00,5.0,2026,4,21,23:00,26,23:26
45.0,alsogod,1020.32,7.68,2026-04-21 23:27:00,5.0,2026,4,21,23:00,27,23:27
45.0,alsogod,1020.3133333333332,7.686666666666666,2026-04-21 23:28:00,5.0,2026,4,21,23:00,28,23:28
45.0,alsogod,1020.3066666666666,7.693333333333333,2026-04-21 23:29:00,5.0,2026,4,21,23:00,29,23:29
45.0,alsogod,1020.3,7.7,2026-04-21 23:30:00,5.0,2026,4,21,23:00,30,23:30
44.93333333333333,alsogod,1020.2866666666666,7.7,2026-04-21 23:31:00,4.98,2026,4,21,23:00,31,23:31
44.86666666666667,alsogod,1020.2733333333332,7.7,2026-04-21 23:32:00,4.96,2026,4,21,23:00,32,23:32
44.8,alsogod,1020.26,7.7,2026-04-21 23:33:00,4.94,2026,4,21,23:00,33,23:33
44.73333333333333,alsogod,1020.2466666666668,7.7,2026-04-21 23:34:00,4.92,2026,4,21,23:00,34,23:34
44.66666666666666,alsogod,1020.2333333333332,7.7,2026-04-21 23:35:00,4.9,2026,4,21,23:00,35,23:35
44.6,alsogod,1020.22,7.7,2026-04-21 23:36:00,4.88,2026,4,21,23:00,36,23:36
44.53333333333333,alsogod,1020.2066666666668,7.7,2026-04-21 23:37:00,4.86,2026,4,21,23:00,37,23:37
44.46666666666667,alsogod,1020.1933333333332,7.7,2026-04-21 23:38:00,4.84,2026,4,21,23:00,38,23:38
44.4,alsogod,1020.18,7.7,2026-04-21 23:39:00,4.82,2026,4,21,23:00,39,23:39
44.333333333333336,alsogod,1020.1666666666666,7.7,2026-04-21 23:40:00,4.8,2026,4,21,23:00,40,23:40
44.266666666666666,alsogod,1020.1533333333332,7.7,2026-04-21 23:41:00,4.78,2026,4,21,23:00,41,23:41
44.2,alsogod,1020.14,7.7,2026-04-21 23:42:00,4.76,2026,4,21,23:00,42,23:42
44.13333333333333,alsogod,1020.1266666666668,7.7,2026-04-21 23:43:00,4.74,2026,4,21,23:00,43,23:43
44.06666666666667,alsogod,1020.1133333333332,7.7,2026-04-21 23:44:00,4.72,2026,4,21,23:00,44,23:44
44.0,alsogod,1020.1,7.7,2026-04-21 23:45:00,4.7,2026,4,21,23:00,45,23:45
44.0,alsogod,1020.0933333333334,7.7,2026-04-21 23:46:00,4.673333333333334,2026,4,21,23:00,46,23:46
44.0,alsogod,1020.0866666666668,7.7,2026-04-21 23:47:00,4.6466666666666665,2026,4,21,23:00,47,23:47
44.0,alsogod,1020.08,7.7,2026-04-21 23:48:00,4.62,2026,4,21,23:00,48,23:48
44.0,alsogod,1020.0733333333334,7.7,2026-04-21 23:49:00,4.593333333333334,2026,4,21,23:00,49,23:49
44.0,alsogod,1020.0666666666668,7.7,2026-04-21 23:50:00,4.566666666666666,2026,4,21,23:00,50,23:50
44.0,alsogod,1020.06,7.7,2026-04-21 23:51:00,4.54,2026,4,21,23:00,51,23:51
44.0,alsogod,1020.0533333333334,7.7,2026-04-21 23:52:00,4.513333333333334,2026,4,21,23:00,52,23:52
44.0,alsogod,1020.0466666666666,7.7,2026-04-21 23:53:00,4.486666666666666,2026,4,21,23:00,53,23:53
44.0,alsogod,1020.04,7.7,2026-04-21 23:54:00,4.46,2026,4,21,23:00,54,23:54
44.0,alsogod,1020.0333333333332,7.7,2026-04-21 23:55:00,4.433333333333334,2026,4,21,23:00,55,23:55
44.0,alsogod,1020.0266666666666,7.7,2026-04-21 23:56:00,4.406666666666666,2026,4,21,23:00,56,23:56
44.0,alsogod,1020.02,7.7,2026-04-21 23:57:00,4.38,2026,4,21,23:00,57,23:57
44.0,alsogod,1020.0133333333332,7.7,2026-04-21 23:58:00,4.3533333333333335,2026,4,21,23:00,58,23:58
44.0,alsogod,1020.0066666666668,7.7,2026-04-21 23:59:00,4.326666666666666,2026,4,21,23:00,59,23:59
44.0,alsogod,1020.0,7.7,2026-04-22 00:00:00,4.3,2026,4,22,00:00,0,00:00
44.06666666666667,alsogod,1019.9933333333332,7.686666666666666,2026-04-22 00:01:00,4.28,2026,4,22,00:00,1,00:01
44.13333333333333,alsogod,1019.9866666666668,7.673333333333334,2026-04-22 00:02:00,4.26,2026,4,22,00:00,2,00:02
44.2,alsogod,1019.98,7.66,2026-04-22 00:03:00,4.24,2026,4,22,00:00,3,00:03
44.266666666666666,alsogod,1019.9733333333334,7.646666666666666,2026-04-22 00:04:00,4.22,2026,4,22,00:00,4,00:04
44.333333333333336,alsogod,1019.9666666666668,7.633333333333334,2026-04-22 00:05:00,4.2,2026,4,22,00:00,5,00:05
44.4,alsogod,1019.96,7.62,2026-04-22 00:06:00,4.18,2026,4,22,00:00,6,00:06
44.46666666666667,alsogod,1019.9533333333334,7.606666666666666,2026-04-22 00:07:00,4.16,2026,4,22,00:00,7,00:07
44.53333333333333,alsogod,1019.9466666666666,7.593333333333334,2026-04-22 00:08:00,4.14,2026,4,22,00:00,8,00:08
44.6,alsogod,1019.94,7.58,2026-04-22 00:09:00,4.12,2026,4,22,00:00,9,00:09
44.66666666666666,alsogod,1019.9333333333332,7.566666666666666,2026-04-22 00:10:00,4.1,2026,4,22,00:00,10,00:10
44.73333333333333,alsogod,1019.9266666666666,7.553333333333334,2026-04-22 00:11:00,4.08,2026,4,22,00:00,11,00:11
44.8,alsogod,1019.92,7.54,2026-04-22 00:12:00,4.06,2026,4,22,00:00,12,00:12
44.86666666666667,alsogod,1019.9133333333332,7.526666666666666,2026-04-22 00:13:00,4.04,2026,4,22,00:00,13,00:13
44.93333333333333,alsogod,1019.9066666666666,7.513333333333334,2026-04-22 00:14:00,4.02,2026,4,22,00:00,14,00:14
45.0,alsogod,1019.9,7.5,2026-04-22 00:15:00,4.0,2026,4,22,00:00,15,00:15
45.06666666666667,alsogod,1019.8933333333332,7.48,2026-04-22 00:16:00,3.973333333333333,2026,4,22,00:00,16,00:16
45.13333333333333,alsogod,1019.8866666666668,7.46,2026-04-22 00:17:00,3.9466666666666663,2026,4,22,00:00,17,00:17
45.2,alsogod,1019.88,7.44,2026-04-22 00:18:00,3.92,2026,4,22,00:00,18,00:18
45.266666666666666,alsogod,1019.8733333333332,7.42,2026-04-22 00:19:00,3.8933333333333335,2026,4,22,00:00,19,00:19
45.333333333333336,alsogod,1019.8666666666668,7.4,2026-04-22 00:20:00,3.8666666666666663,2026,4,22,00:00,20,00:20
45.4,alsogod,1019.86,7.38,2026-04-22 00:21:00,3.84,2026,4,22,00:00,21,00:21
45.46666666666667,alsogod,1019.8533333333334,7.36,2026-04-22 00:22:00,3.8133333333333335,2026,4,22,00:00,22,00:22
45.53333333333333,alsogod,1019.8466666666666,7.34,2026-04-22 00:23:00,3.786666666666666,2026,4,22,00:00,23,00:23
45.6,alsogod,1019.84,7.32,2026-04-22 00:24:00,3.76,2026,4,22,00:00,24,00:24
45.66666666666666,alsogod,1019.8333333333331,7.3,2026-04-22 00:25:00,3.733333333333333,2026,4,22,00:00,25,00:25
45.73333333333333,alsogod,1019.8266666666666,7.28,2026-04-22 00:26:00,3.706666666666667,2026,4,22,00:00,26,00:26
45.8,alsogod,1019.82,7.26,2026-04-22 00:27:00,3.68,2026,4,22,00:00,27,00:27
45.86666666666667,alsogod,1019.8133333333332,7.24,2026-04-22 00:28:00,3.653333333333333,2026,4,22,00:00,28,00:28
45.93333333333333,alsogod,1019.8066666666666,7.22,2026-04-22 00:29:00,3.626666666666667,2026,4,22,00:00,29,00:29
46.0,alsogod,1019.8,7.2,2026-04-22 00:30:00,3.6,2026,4,22,00:00,30,00:30
46.06666666666667,alsogod,1019.7933333333332,7.180000000000001,2026-04-22 00:31:00,3.6,2026,4,22,00:00,31,00:31
46.13333333333333,alsogod,1019.7866666666666,7.16,2026-04-22 00:32:00,3.6,2026,4,22,00:00,32,00:32
46.2,alsogod,1019.78,7.140000000000001,2026-04-22 00:33:00,3.6,2026,4,22,00:00,33,00:33
46.266666666666666,alsogod,1019.7733333333332,7.12,2026-04-22 00:34:00,3.6,2026,4,22,00:00,34,00:34
46.333333333333336,alsogod,1019.7666666666668,7.1000000000000005,2026-04-22 00:35:00,3.6,2026,4,22,00:00,35,00:35
46.4,alsogod,1019.76,7.08,2026-04-22 00:36:00,3.6,2026,4,22,00:00,36,00:36
46.46666666666667,alsogod,1019.7533333333332,7.0600000000000005,2026-04-22 00:37:00,3.6,2026,4,22,00:00,37,00:37
46.53333333333333,alsogod,1019.7466666666668,7.04,2026-04-22 00:38:00,3.6,2026,4,22,00:00,38,00:38
46.6,alsogod,1019.74,7.0200000000000005,2026-04-22 00:39:00,3.6,2026,4,22,00:00,39,00:39
46.66666666666666,alsogod,1019.7333333333332,7.0,2026-04-22 00:40:00,3.6,2026,4,22,00:00,40,00:40
46.73333333333333,alsogod,1019.7266666666668,6.98,2026-04-22 00:41:00,3.6,2026,4,22,00:00,41,00:41
46.8,alsogod,1019.72,6.96,2026-04-22 00:42:00,3.6,2026,4,22,00:00,42,00:42
46.86666666666667,alsogod,1019.7133333333334,6.94,2026-04-22 00:43:00,3.6,2026,4,22,00:00,43,00:43
46.93333333333333,alsogod,1019.7066666666668,6.92,2026-04-22 00:44:00,3.6,2026,4,22,00:00,44,00:44
47.0,alsogod,1019.7,6.9,2026-04-22 00:45:00,3.6,2026,4,22,00:00,45,00:45
47.06666666666667,alsogod,1019.7,6.873333333333334,2026-04-22 00:46:00,3.6,2026,4,22,00:00,46,00:46
47.13333333333333,alsogod,1019.7,6.846666666666667,2026-04-22 00:47:00,3.6,2026,4,22,00:00,47,00:47
47.2,alsogod,1019.7,6.82,2026-04-22 00:48:00,3.6,2026,4,22,00:00,48,00:48
47.266666666666666,alsogod,1019.7,6.793333333333334,2026-04-22 00:49:00,3.6,2026,4,22,00:00,49,00:49
47.333333333333336,alsogod,1019.7,6.766666666666667,2026-04-22 00:50:00,3.6,2026,4,22,00:00,50,00:50
47.4,alsogod,1019.7,6.74,2026-04-22 00:51:00,3.6,2026,4,22,00:00,51,00:51
47.46666666666667,alsogod,1019.7,6.713333333333334,2026-04-22 00:52:00,3.6,2026,4,22,00:00,52,00:52
47.53333333333333,alsogod,1019.7,6.6866666666666665,2026-04-22 00:53:00,3.6,2026,4,22,00:00,53,00:53
47.6,alsogod,1019.7,6.66,2026-04-22 00:54:00,3.6,2026,4,22,00:00,54,00:54
47.66666666666666,alsogod,1019.7,6.633333333333334,2026-04-22 00:55:00,3.6,2026,4,22,00:00,55,00:55
47.73333333333333,alsogod,1019.7,6.6066666666666665,2026-04-22 00:56:00,3.6,2026,4,22,00:00,56,00:56
47.8,alsogod,1019.7,6.58,2026-04-22 00:57:00,3.6,2026,4,22,00:00,57,00:57
47.86666666666667,alsogod,1019.7,6.553333333333334,2026-04-22 00:58:00,3.6,2026,4,22,00:00,58,00:58
47.93333333333333,alsogod,1019.7,6.526666666666666,2026-04-22 00:59:00,3.6,2026,4,22,00:00,59,00:59
48.0,alsogod,1019.7,6.5,2026-04-22 01:00:00,3.6,2026,4,22,01:00,0,01:00
48.06666666666667,alsogod,1019.7066666666668,6.473333333333334,2026-04-22 01:01:00,3.626666666666667,2026,4,22,01:00,1,01:01
48.13333333333333,alsogod,1019.7133333333334,6.446666666666666,2026-04-22 01:02:00,3.653333333333333,2026,4,22,01:00,2,01:02
48.2,alsogod,1019.72,6.42,2026-04-22 01:03:00,3.68,2026,4,22,01:00,3,01:03
48.266666666666666,alsogod,1019.7266666666668,6.3933333333333335,2026-04-22 01:04:00,3.7066666666666666,2026,4,22,01:00,4,01:04
48.333333333333336,alsogod,1019.7333333333332,6.366666666666666,2026-04-22 01:05:00,3.733333333333333,2026,4,22,01:00,5,01:05
48.4,alsogod,1019.74,6.34,2026-04-22 01:06:00,3.76,2026,4,22,01:00,6,01:06
48.46666666666667,alsogod,1019.7466666666668,6.3133333333333335,2026-04-22 01:07:00,3.786666666666666,2026,4,22,01:00,7,01:07
48.53333333333333,alsogod,1019.7533333333332,6.286666666666666,2026-04-22 01:08:00,3.8133333333333335,2026,4,22,01:00,8,01:08
48.6,alsogod,1019.76,6.26,2026-04-22 01:09:00,3.84,2026,4,22,01:00,9,01:09
48.66666666666666,alsogod,1019.7666666666668,6.233333333333333,2026-04-22 01:10:00,3.8666666666666663,2026,4,22,01:00,10,01:10
48.73333333333333,alsogod,1019.7733333333332,6.206666666666666,2026-04-22 01:11:00,3.8933333333333335,2026,4,22,01:00,11,01:11
48.8,alsogod,1019.78,6.18,2026-04-22 01:12:00,3.92,2026,4,22,01:00,12,01:12
48.86666666666667,alsogod,1019.7866666666666,6.153333333333333,2026-04-22 01:13:00,3.9466666666666663,2026,4,22,01:00,13,01:13
48.93333333333333,alsogod,1019.7933333333332,6.126666666666666,2026-04-22 01:14:00,3.973333333333333,2026,4,22,01:00,14,01:14
49.0,alsogod,1019.8,6.1,2026-04-22 01:15:00,4.0,2026,4,22,01:00,15,01:15
49.13333333333333,alsogod,1019.8066666666666,6.073333333333333,2026-04-22 01:16:00,4.046666666666667,2026,4,22,01:00,16,01:16
49.266666666666666,alsogod,1019.8133333333332,6.046666666666666,2026-04-22 01:17:00,4.093333333333334,2026,4,22,01:00,17,01:17
49.4,alsogod,1019.82,6.02,2026-04-22 01:18:00,4.14,2026,4,22,01:00,18,01:18
49.53333333333333,alsogod,1019.8266666666666,5.993333333333333,2026-04-22 01:19:00,4.1866666666666665,2026,4,22,01:00,19,01:19
49.66666666666666,alsogod,1019.8333333333331,5.966666666666667,2026-04-22 01:20:00,4.233333333333333,2026,4,22,01:00,20,01:20
49.8,alsogod,1019.84,5.94,2026-04-22 01:21:00,4.28,2026,4,22,01:00,21,01:21
49.93333333333333,alsogod,1019.8466666666666,5.913333333333333,2026-04-22 01:22:00,4.326666666666667,2026,4,22,01:00,22,01:22
50.06666666666667,alsogod,1019.8533333333334,5.886666666666667,2026-04-22 01:23:00,4.373333333333333,2026,4,22,01:00,23,01:23
50.2,alsogod,1019.86,5.86,2026-04-22 01:24:00,4.42,2026,4,22,01:00,24,01:24
50.333333333333336,alsogod,1019.8666666666668,5.833333333333333,2026-04-22 01:25:00,4.466666666666667,2026,4,22,01:00,25,01:25
50.46666666666667,alsogod,1019.8733333333332,5.806666666666667,2026-04-22 01:26:00,4.513333333333334,2026,4,22,01:00,26,01:26
50.6,alsogod,1019.88,5.78,2026-04-22 01:27:00,4.5600000000000005,2026,4,22,01:00,27,01:27
50.73333333333333,alsogod,1019.8866666666668,5.753333333333334,2026-04-22 01:28:00,4.6066666666666665,2026,4,22,01:00,28,01:28
50.86666666666667,alsogod,1019.8933333333332,5.726666666666667,2026-04-22 01:29:00,4.653333333333333,2026,4,22,01:00,29,01:29
51.0,alsogod,1019.9,5.7,2026-04-22 01:30:00,4.7,2026,4,22,01:00,30,01:30
51.06666666666667,alsogod,1019.9066666666666,5.673333333333334,2026-04-22 01:31:00,4.746666666666667,2026,4,22,01:00,31,01:31
51.13333333333333,alsogod,1019.9133333333332,5.6466666666666665,2026-04-22 01:32:00,4.793333333333334,2026,4,22,01:00,32,01:32
51.2,alsogod,1019.92,5.62,2026-04-22 01:33:00,4.84,2026,4,22,01:00,33,01:33
51.266666666666666,alsogod,1019.9266666666666,5.593333333333334,2026-04-22 01:34:00,4.886666666666667,2026,4,22,01:00,34,01:34
51.333333333333336,alsogod,1019.9333333333332,5.566666666666666,2026-04-22 01:35:00,4.933333333333334,2026,4,22,01:00,35,01:35
51.4,alsogod,1019.94,5.54,2026-04-22 01:36:00,4.98,2026,4,22,01:00,36,01:36
51.46666666666667,alsogod,1019.9466666666666,5.513333333333334,2026-04-22 01:37:00,5.026666666666667,2026,4,22,01:00,37,01:37
51.53333333333333,alsogod,1019.9533333333334,5.486666666666666,2026-04-22 01:38:00,5.073333333333333,2026,4,22,01:00,38,01:38
51.6,alsogod,1019.96,5.46,2026-04-22 01:39:00,5.12,2026,4,22,01:00,39,01:39
51.66666666666666,alsogod,1019.9666666666668,5.433333333333334,2026-04-22 01:40:00,5.166666666666667,2026,4,22,01:00,40,01:40
51.73333333333333,alsogod,1019.9733333333334,5.406666666666666,2026-04-22 01:41:00,5.213333333333334,2026,4,22,01:00,41,01:41
51.8,alsogod,1019.98,5.38,2026-04-22 01:42:00,5.260000000000001,2026,4,22,01:00,42,01:42
51.86666666666667,alsogod,1019.9866666666668,5.3533333333333335,2026-04-22 01:43:00,5.306666666666667,2026,4,22,01:00,43,01:43
51.93333333333333,alsogod,1019.9933333333332,5.326666666666666,2026-04-22 01:44:00,5.3533333333333335,2026,4,22,01:00,44,01:44
52.0,alsogod,1020.0,5.3,2026-04-22 01:45:00,5.4,2026,4,22,01:00,45,01:45
52.06666666666667,alsogod,1020.0066666666668,5.286666666666666,2026-04-22 01:46:00,5.426666666666667,2026,4,22,01:00,46,01:46
52.13333333333333,alsogod,1020.0133333333332,5.273333333333333,2026-04-22 01:47:00,5.453333333333334,2026,4,22,01:00,47,01:47
52.2,alsogod,1020.02,5.26,2026-04-22 01:48:00,5.48,2026,4,22,01:00,48,01:48
52.266666666666666,alsogod,1020.0266666666666,5.246666666666666,2026-04-22 01:49:00,5.506666666666667,2026,4,22,01:00,49,01:49
52.333333333333336,alsogod,1020.0333333333332,5.233333333333333,2026-04-22 01:50:00,5.533333333333333,2026,4,22,01:00,50,01:50
52.4,alsogod,1020.04,5.22,2026-04-22 01:51:00,5.5600000000000005,2026,4,22,01:00,51,01:51
52.46666666666667,alsogod,1020.0466666666666,5.206666666666666,2026-04-22 01:52:00,5.586666666666667,2026,4,22,01:00,52,01:52
52.53333333333333,alsogod,1020.0533333333334,5.193333333333333,2026-04-22 01:53:00,5.613333333333333,2026,4,22,01:00,53,01:53
52.6,alsogod,1020.06,5.18,2026-04-22 01:54:00,5.64,2026,4,22,01:00,54,01:54
52.66666666666666,alsogod,1020.0666666666668,5.166666666666666,2026-04-22 01:55:00,5.666666666666667,2026,4,22,01:00,55,01:55
52.73333333333333,alsogod,1020.0733333333334,5.153333333333333,2026-04-22 01:56:00,5.693333333333333,2026,4,22,01:00,56,01:56
52.8,alsogod,1020.08,5.14,2026-04-22 01:57:00,5.72,2026,4,22,01:00,57,01:57
52.86666666666667,alsogod,1020.0866666666668,5.126666666666666,2026-04-22 01:58:00,5.746666666666666,2026,4,22,01:00,58,01:58
52.93333333333333,alsogod,1020.0933333333334,5.113333333333333,2026-04-22 01:59:00,5.773333333333333,2026,4,22,01:00,59,01:59
53.0,alsogod,1020.1,5.1,2026-04-22 02:00:00,5.8,2026,4,22,02:00,0,02:00
53.06666666666667,alsogod,1020.1,5.1066666666666665,2026-04-22 02:01:00,5.8,2026,4,22,02:00,1,02:01
53.13333333333333,alsogod,1020.1,5.113333333333333,2026-04-22 02:02:00,5.8,2026,4,22,02:00,2,02:02
53.2,alsogod,1020.1,5.12,2026-04-22 02:03:00,5.8,2026,4,22,02:00,3,02:03
53.266666666666666,alsogod,1020.1,5.126666666666666,2026-04-22 02:04:00,5.8,2026,4,22,02:00,4,02:04
53.333333333333336,alsogod,1020.1,5.133333333333333,2026-04-22 02:05:00,5.8,2026,4,22,02:00,5,02:05
53.4,alsogod,1020.1,5.14,2026-04-22 02:06:00,5.8,2026,4,22,02:00,6,02:06
53.46666666666667,alsogod,1020.1,5.1466666666666665,2026-04-22 02:07:00,5.8,2026,4,22,02:00,7,02:07
53.53333333333333,alsogod,1020.1,5.153333333333333,2026-04-22 02:08:00,5.8,2026,4,22,02:00,8,02:08
53.6,alsogod,1020.1,5.16,2026-04-22 02:09:00,5.8,2026,4,22,02:00,9,02:09
53.66666666666666,alsogod,1020.1,5.166666666666667,2026-04-22 02:10:00,5.8,2026,4,22,02:00,10,02:10
53.73333333333333,alsogod,1020.1,5.173333333333334,2026-04-22 02:11:00,5.8,2026,4,22,02:00,11,02:11
53.8,alsogod,1020.1,5.18,2026-04-22 02:12:00,5.8,2026,4,22,02:00,12,02:12
53.86666666666667,alsogod,1020.1,5.1866666666666665,2026-04-22 02:13:00,5.8,2026,4,22,02:00,13,02:13
53.93333333333333,alsogod,1020.1,5.193333333333333,2026-04-22 02:14:00,5.8,2026,4,22,02:00,14,02:14
54.0,alsogod,1020.1,5.2,2026-04-22 02:15:00,5.8,2026,4,22,02:00,15,02:15
54.06666666666667,alsogod,1020.0933333333334,5.22,2026-04-22 02:16:00,5.8,2026,4,22,02:00,16,02:16
54.13333333333333,alsogod,1020.0866666666668,5.24,2026-04-22 02:17:00,5.8,2026,4,22,02:00,17,02:17
54.2,alsogod,1020.08,5.26,2026-04-22 02:18:00,5.8,2026,4,22,02:00,18,02:18
54.266666666666666,alsogod,1020.0733333333334,5.28,2026-04-22 02:19:00,5.8,2026,4,22,02:00,19,02:19
54.333333333333336,alsogod,1020.0666666666668,5.3,2026-04-22 02:20:00,5.8,2026,4,22,02:00,20,02:20
54.4,alsogod,1020.06,5.32,2026-04-22 02:21:00,5.8,2026,4,22,02:00,21,02:21
54.46666666666667,alsogod,1020.0533333333334,5.34,2026-04-22 02:22:00,5.8,2026,4,22,02:00,22,02:22
54.53333333333333,alsogod,1020.0466666666666,5.36,2026-04-22 02:23:00,5.8,2026,4,22,02:00,23,02:23
54.6,alsogod,1020.04,5.38,2026-04-22 02:24:00,5.8,2026,4,22,02:00,24,02:24
54.66666666666666,alsogod,1020.0333333333332,5.4,2026-04-22 02:25:00,5.8,2026,4,22,02:00,25,02:25
54.73333333333333,alsogod,1020.0266666666666,5.42,2026-04-22 02:26:00,5.8,2026,4,22,02:00,26,02:26
54.8,alsogod,1020.02,5.44,2026-04-22 02:27:00,5.8,2026,4,22,02:00,27,02:27
54.86666666666667,alsogod,1020.0133333333332,5.46,2026-04-22 02:28:00,5.8,2026,4,22,02:00,28,02:28
54.93333333333333,alsogod,1020.0066666666668,5.48,2026-04-22 02:29:00,5.8,2026,4,22,02:00,29,02:29
55.0,alsogod,1020.0,5.5,2026-04-22 02:30:00,5.8,2026,4,22,02:00,30,02:30
55.0,alsogod,1019.9933333333332,5.533333333333333,2026-04-22 02:31:00,5.8,2026,4,22,02:00,31,02:31
55.0,alsogod,1019.9866666666668,5.566666666666666,2026-04-22 02:32:00,5.8,2026,4,22,02:00,32,02:32
55.0,alsogod,1019.98,5.6,2026-04-22 02:33:00,5.8,2026,4,22,02:00,33,02:33
55.0,alsogod,1019.9733333333334,5.633333333333334,2026-04-22 02:34:00,5.8,2026,4,22,02:00,34,02:34
55.0,alsogod,1019.9666666666668,5.666666666666667,2026-04-22 02:35:00,5.8,2026,4,22,02:00,35,02:35
55.0,alsogod,1019.96,5.7,2026-04-22 02:36:00,5.8,2026,4,22,02:00,36,02:36
55.0,alsogod,1019.9533333333334,5.733333333333333,2026-04-22 02:37:00,5.8,2026,4,22,02:00,37,02:37
55.0,alsogod,1019.9466666666666,5.766666666666667,2026-04-22 02:38:00,5.8,2026,4,22,02:00,38,02:38
55.0,alsogod,1019.94,5.8,2026-04-22 02:39:00,5.8,2026,4,22,02:00,39,02:39
55.0,alsogod,1019.9333333333332,5.833333333333333,2026-04-22 02:40:00,5.8,2026,4,22,02:00,40,02:40
55.0,alsogod,1019.9266666666666,5.866666666666666,2026-04-22 02:41:00,5.8,2026,4,22,02:00,41,02:41
55.0,alsogod,1019.92,5.9,2026-04-22 02:42:00,5.8,2026,4,22,02:00,42,02:42
55.0,alsogod,1019.9133333333332,5.933333333333334,2026-04-22 02:43:00,5.8,2026,4,22,02:00,43,02:43
55.0,alsogod,1019.9066666666666,5.966666666666667,2026-04-22 02:44:00,5.8,2026,4,22,02:00,44,02:44
55.0,alsogod,1019.9,6.0,2026-04-22 02:45:00,5.8,2026,4,22,02:00,45,02:45
54.93333333333333,alsogod,1019.9,6.033333333333333,2026-04-22 02:46:00,5.8,2026,4,22,02:00,46,02:46
54.86666666666667,alsogod,1019.9,6.066666666666666,2026-04-22 02:47:00,5.8,2026,4,22,02:00,47,02:47
54.8,alsogod,1019.9,6.1,2026-04-22 02:48:00,5.8,2026,4,22,02:00,48,02:48
54.73333333333333,alsogod,1019.9,6.133333333333334,2026-04-22 02:49:00,5.8,2026,4,22,02:00,49,02:49
54.66666666666666,alsogod,1019.9,6.166666666666667,2026-04-22 02:50:00,5.8,2026,4,22,02:00,50,02:50
54.6,alsogod,1019.9,6.2,2026-04-22 02:51:00,5.8,2026,4,22,02:00,51,02:51
54.53333333333333,alsogod,1019.9,6.233333333333333,2026-04-22 02:52:00,5.8,2026,4,22,02:00,52,02:52
54.46666666666667,alsogod,1019.9,6.266666666666667,2026-04-22 02:53:00,5.8,2026,4,22,02:00,53,02:53
54.4,alsogod,1019.9,6.3,2026-04-22 02:54:00,5.8,2026,4,22,02:00,54,02:54
54.333333333333336,alsogod,1019.9,6.333333333333333,2026-04-22 02:55:00,5.8,2026,4,22,02:00,55,02:55
54.266666666666666,alsogod,1019.9,6.366666666666666,2026-04-22 02:56:00,5.8,2026,4,22,02:00,56,02:56
54.2,alsogod,1019.9,6.4,2026-04-22 02:57:00,5.8,2026,4,22,02:00,57,02:57
54.13333333333333,alsogod,1019.9,6.433333333333334,2026-04-22 02:58:00,5.8,2026,4,22,02:00,58,02:58
54.06666666666667,alsogod,1019.9,6.466666666666667,2026-04-22 02:59:00,5.8,2026,4,22,02:00,59,02:59
54.0,alsogod,1019.9,6.5,2026-04-22 03:00:00,5.8,2026,4,22,03:00,0,03:00
53.86666666666667,alsogod,1019.9,6.553333333333334,2026-04-22 03:01:00,5.8,2026,4,22,03:00,1,03:01
53.73333333333333,alsogod,1019.9,6.6066666666666665,2026-04-22 03:02:00,5.8,2026,4,22,03:00,2,03:02
53.6,alsogod,1019.9,6.66,2026-04-22 03:03:00,5.8,2026,4,22,03:00,3,03:03
53.46666666666667,alsogod,1019.9,6.713333333333333,2026-04-22 03:04:00,5.8,2026,4,22,03:00,4,03:04
53.333333333333336,alsogod,1019.9,6.766666666666667,2026-04-22 03:05:00,5.8,2026,4,22,03:00,5,03:05
53.2,alsogod,1019.9,6.82,2026-04-22 03:06:00,5.8,2026,4,22,03:00,6,03:06
53.06666666666667,alsogod,1019.9,6.873333333333333,2026-04-22 03:07:00,5.8,2026,4,22,03:00,7,03:07
52.93333333333333,alsogod,1019.9,6.926666666666667,2026-04-22 03:08:00,5.8,2026,4,22,03:00,8,03:08
52.8,alsogod,1019.9,6.98,2026-04-22 03:09:00,5.8,2026,4,22,03:00,9,03:09
52.66666666666666,alsogod,1019.9,7.033333333333333,2026-04-22 03:10:00,5.8,2026,4,22,03:00,10,03:10
52.53333333333333,alsogod,1019.9,7.086666666666666,2026-04-22 03:11:00,5.8,2026,4,22,03:00,11,03:11
52.4,alsogod,1019.9,7.14,2026-04-22 03:12:00,5.8,2026,4,22,03:00,12,03:12
52.266666666666666,alsogod,1019.9,7.193333333333333,2026-04-22 03:13:00,5.8,2026,4,22,03:00,13,03:13
52.13333333333333,alsogod,1019.9,7.246666666666666,2026-04-22 03:14:00,5.8,2026,4,22,03:00,14,03:14
52.0,alsogod,1019.9,7.3,2026-04-22 03:15:00,5.8,2026,4,22,03:00,15,03:15
51.73333333333333,alsogod,1019.9066666666666,7.359999999999999,2026-04-22 03:16:00,5.773333333333333,2026,4,22,03:00,16,03:16
51.46666666666667,alsogod,1019.9133333333332,7.42,2026-04-22 03:17:00,5.746666666666666,2026,4,22,03:00,17,03:17
51.2,alsogod,1019.92,7.479999999999999,2026-04-22 03:18:00,5.72,2026,4,22,03:00,18,03:18
50.93333333333333,alsogod,1019.9266666666666,7.54,2026-04-22 03:19:00,5.693333333333333,2026,4,22,03:00,19,03:19
50.66666666666666,alsogod,1019.9333333333332,7.6,2026-04-22 03:20:00,5.666666666666667,2026,4,22,03:00,20,03:20
50.4,alsogod,1019.94,7.659999999999999,2026-04-22 03:21:00,5.64,2026,4,22,03:00,21,03:21
50.13333333333333,alsogod,1019.9466666666666,7.72,2026-04-22 03:22:00,5.613333333333333,2026,4,22,03:00,22,03:22
49.86666666666667,alsogod,1019.9533333333334,7.779999999999999,2026-04-22 03:23:00,5.586666666666667,2026,4,22,03:00,23,03:23
49.6,alsogod,1019.96,7.84,2026-04-22 03:24:00,5.5600000000000005,2026,4,22,03:00,24,03:24
49.333333333333336,alsogod,1019.9666666666668,7.899999999999999,2026-04-22 03:25:00,5.533333333333333,2026,4,22,03:00,25,03:25
49.06666666666667,alsogod,1019.9733333333334,7.959999999999999,2026-04-22 03:26:00,5.506666666666667,2026,4,22,03:00,26,03:26
48.8,alsogod,1019.98,8.02,2026-04-22 03:27:00,5.48,2026,4,22,03:00,27,03:27
48.53333333333333,alsogod,1019.9866666666668,8.08,2026-04-22 03:28:00,5.453333333333333,2026,4,22,03:00,28,03:28
48.266666666666666,alsogod,1019.9933333333332,8.139999999999999,2026-04-22 03:29:00,5.426666666666667,2026,4,22,03:00,29,03:29
48.0,alsogod,1020.0,8.2,2026-04-22 03:30:00,5.4,2026,4,22,03:00,30,03:30
47.8,alsogod,1020.0,8.26,2026-04-22 03:31:00,5.4,2026,4,22,03:00,31,03:31
47.6,alsogod,1020.0,8.319999999999999,2026-04-22 03:32:00,5.4,2026,4,22,03:00,32,03:32
47.4,alsogod,1020.0,8.379999999999999,2026-04-22 03:33:00,5.4,2026,4,22,03:00,33,03:33
47.2,alsogod,1020.0,8.44,2026-04-22 03:34:00,5.4,2026,4,22,03:00,34,03:34
47.0,alsogod,1020.0,8.5,2026-04-22 03:35:00,5.4,2026,4,22,03:00,35,03:35
46.8,alsogod,1020.0,8.559999999999999,2026-04-22 03:36:00,5.4,2026,4,22,03:00,36,03:36
46.6,alsogod,1020.0,8.62,2026-04-22 03:37:00,5.4,2026,4,22,03:00,37,03:37
46.4,alsogod,1020.0,8.68,2026-04-22 03:38:00,5.4,2026,4,22,03:00,38,03:38
46.2,alsogod,1020.0,8.74,2026-04-22 03:39:00,5.4,2026,4,22,03:00,39,03:39
46.0,alsogod,1020.0,8.799999999999999,2026-04-22 03:40:00,5.4,2026,4,22,03:00,40,03:40
45.8,alsogod,1020.0,8.86,2026-04-22 03:41:00,5.4,2026,4,22,03:00,41,03:41
45.6,alsogod,1020.0,8.92,2026-04-22 03:42:00,5.4,2026,4,22,03:00,42,03:42
45.4,alsogod,1020.0,8.98,2026-04-22 03:43:00,5.4,2026,4,22,03:00,43,03:43
45.2,alsogod,1020.0,9.04,2026-04-22 03:44:00,5.4,2026,4,22,03:00,44,03:44
45.0,alsogod,1020.0,9.1,2026-04-22 03:45:00,5.4,2026,4,22,03:00,45,03:45
44.8,alsogod,1020.0066666666668,9.153333333333332,2026-04-22 03:46:00,5.426666666666667,2026,4,22,03:00,46,03:46
44.6,alsogod,1020.0133333333332,9.206666666666669,2026-04-22 03:47:00,5.453333333333334,2026,4,22,03:00,47,03:47
44.4,alsogod,1020.02,9.26,2026-04-22 03:48:00,5.48,2026,4,22,03:00,48,03:48
44.2,alsogod,1020.0266666666666,9.313333333333333,2026-04-22 03:49:00,5.506666666666667,2026,4,22,03:00,49,03:49
44.0,alsogod,1020.0333333333332,9.366666666666667,2026-04-22 03:50:00,5.533333333333333,2026,4,22,03:00,50,03:50
43.8,alsogod,1020.04,9.42,2026-04-22 03:51:00,5.5600000000000005,2026,4,22,03:00,51,03:51
43.6,alsogod,1020.0466666666666,9.473333333333333,2026-04-22 03:52:00,5.586666666666667,2026,4,22,03:00,52,03:52
43.4,alsogod,1020.0533333333334,9.526666666666667,2026-04-22 03:53:00,5.613333333333333,2026,4,22,03:00,53,03:53
43.2,alsogod,1020.06,9.58,2026-04-22 03:54:00,5.64,2026,4,22,03:00,54,03:54
43.0,alsogod,1020.0666666666668,9.633333333333333,2026-04-22 03:55:00,5.666666666666667,2026,4,22,03:00,55,03:55
42.8,alsogod,1020.0733333333334,9.686666666666667,2026-04-22 03:56:00,5.693333333333333,2026,4,22,03:00,56,03:56
42.6,alsogod,1020.08,9.74,2026-04-22 03:57:00,5.72,2026,4,22,03:00,57,03:57
42.4,alsogod,1020.0866666666668,9.793333333333331,2026-04-22 03:58:00,5.746666666666666,2026,4,22,03:00,58,03:58
42.2,alsogod,1020.0933333333334,9.846666666666668,2026-04-22 03:59:00,5.773333333333333,2026,4,22,03:00,59,03:59
42.0,alsogod,1020.1,9.9,2026-04-22 04:00:00,5.8,2026,4,22,04:00,0,04:00
41.86666666666667,alsogod,1020.1066666666668,9.946666666666667,2026-04-22 04:01:00,5.846666666666667,2026,4,22,04:00,1,04:01
41.73333333333333,alsogod,1020.1133333333332,9.993333333333334,2026-04-22 04:02:00,5.8933333333333335,2026,4,22,04:00,2,04:02
41.6,alsogod,1020.12,10.04,2026-04-22 04:03:00,5.94,2026,4,22,04:00,3,04:03
41.46666666666667,alsogod,1020.1266666666668,10.086666666666666,2026-04-22 04:04:00,5.986666666666666,2026,4,22,04:00,4,04:04
41.333333333333336,alsogod,1020.1333333333332,10.133333333333333,2026-04-22 04:05:00,6.033333333333333,2026,4,22,04:00,5,04:05
41.2,alsogod,1020.14,10.18,2026-04-22 04:06:00,6.08,2026,4,22,04:00,6,04:06
41.06666666666667,alsogod,1020.1466666666666,10.226666666666668,2026-04-22 04:07:00,6.126666666666667,2026,4,22,04:00,7,04:07
40.93333333333333,alsogod,1020.1533333333334,10.273333333333332,2026-04-22 04:08:00,6.173333333333333,2026,4,22,04:00,8,04:08
40.8,alsogod,1020.16,10.32,2026-04-22 04:09:00,6.22,2026,4,22,04:00,9,04:09
40.66666666666666,alsogod,1020.1666666666669,10.366666666666667,2026-04-22 04:10:00,6.266666666666667,2026,4,22,04:00,10,04:10
40.53333333333333,alsogod,1020.1733333333334,10.413333333333334,2026-04-22 04:11:00,6.3133333333333335,2026,4,22,04:00,11,04:11
40.4,alsogod,1020.18,10.46,2026-04-22 04:12:00,6.36,2026,4,22,04:00,12,04:12
40.266666666666666,alsogod,1020.1866666666668,10.506666666666666,2026-04-22 04:13:00,6.406666666666666,2026,4,22,04:00,13,04:13
40.13333333333333,alsogod,1020.1933333333334,10.553333333333333,2026-04-22 04:14:00,6.453333333333333,2026,4,22,04:00,14,04:14
40.0,alsogod,1020.2,10.6,2026-04-22 04:15:00,6.5,2026,4,22,04:00,15,04:15
39.93333333333333,alsogod,1020.2066666666668,10.64,2026-04-22 04:16:00,6.573333333333333,2026,4,22,04:00,16,04:16
39.86666666666667,alsogod,1020.2133333333334,10.68,2026-04-22 04:17:00,6.6466666666666665,2026,4,22,04:00,17,04:17
39.8,alsogod,1020.22,10.72,2026-04-22 04:18:00,6.72,2026,4,22,04:00,18,04:18
39.73333333333333,alsogod,1020.2266666666668,10.76,2026-04-22 04:19:00,6.793333333333333,2026,4,22,04:00,19,04:19
39.66666666666666,alsogod,1020.2333333333332,10.8,2026-04-22 04:20:00,6.866666666666666,2026,4,22,04:00,20,04:20
39.6,alsogod,1020.24,10.84,2026-04-22 04:21:00,6.94,2026,4,22,04:00,21,04:21
39.53333333333333,alsogod,1020.2466666666668,10.88,2026-04-22 04:22:00,7.013333333333334,2026,4,22,04:00,22,04:22
39.46666666666667,alsogod,1020.2533333333332,10.92,2026-04-22 04:23:00,7.086666666666666,2026,4,22,04:00,23,04:23
39.4,alsogod,1020.26,10.96,2026-04-22 04:24:00,7.16,2026,4,22,04:00,24,04:24
39.333333333333336,alsogod,1020.2666666666668,11.0,2026-04-22 04:25:00,7.233333333333333,2026,4,22,04:00,25,04:25
39.266666666666666,alsogod,1020.2733333333332,11.04,2026-04-22 04:26:00,7.306666666666667,2026,4,22,04:00,26,04:26
39.2,alsogod,1020.28,11.08,2026-04-22 04:27:00,7.38,2026,4,22,04:00,27,04:27
39.13333333333333,alsogod,1020.2866666666666,11.12,2026-04-22 04:28:00,7.453333333333333,2026,4,22,04:00,28,04:28
39.06666666666667,alsogod,1020.2933333333332,11.16,2026-04-22 04:29:00,7.526666666666666,2026,4,22,04:00,29,04:29
39.0,alsogod,1020.3,11.2,2026-04-22 04:30:00,7.6,2026,4,22,04:00,30,04:30
38.93333333333333,alsogod,1020.3133333333332,11.233333333333333,2026-04-22 04:31:00,7.693333333333333,2026,4,22,04:00,31,04:31
38.86666666666667,alsogod,1020.3266666666666,11.266666666666666,2026-04-22 04:32:00,7.786666666666666,2026,4,22,04:00,32,04:32
38.8,alsogod,1020.34,11.3,2026-04-22 04:33:00,7.88,2026,4,22,04:00,33,04:33
38.73333333333333,alsogod,1020.3533333333334,11.333333333333332,2026-04-22 04:34:00,7.973333333333333,2026,4,22,04:00,34,04:34
38.66666666666666,alsogod,1020.3666666666668,11.366666666666664,2026-04-22 04:35:00,8.066666666666666,2026,4,22,04:00,35,04:35
38.6,alsogod,1020.38,11.4,2026-04-22 04:36:00,8.16,2026,4,22,04:00,36,04:36
38.53333333333333,alsogod,1020.3933333333332,11.433333333333332,2026-04-22 04:37:00,8.253333333333334,2026,4,22,04:00,37,04:37
38.46666666666667,alsogod,1020.4066666666666,11.466666666666669,2026-04-22 04:38:00,8.346666666666666,2026,4,22,04:00,38,04:38
38.4,alsogod,1020.42,11.5,2026-04-22 04:39:00,8.44,2026,4,22,04:00,39,04:39
38.333333333333336,alsogod,1020.4333333333332,11.533333333333331,2026-04-22 04:40:00,8.533333333333333,2026,4,22,04:00,40,04:40
38.266666666666666,alsogod,1020.4466666666666,11.566666666666666,2026-04-22 04:41:00,8.626666666666667,2026,4,22,04:00,41,04:41
38.2,alsogod,1020.46,11.6,2026-04-22 04:42:00,8.72,2026,4,22,04:00,42,04:42
38.13333333333333,alsogod,1020.4733333333334,11.633333333333333,2026-04-22 04:43:00,8.813333333333333,2026,4,22,04:00,43,04:43
38.06666666666667,alsogod,1020.4866666666668,11.666666666666666,2026-04-22 04:44:00,8.906666666666666,2026,4,22,04:00,44,04:44
38.0,alsogod,1020.5,11.7,2026-04-22 04:45:00,9.0,2026,4,22,04:00,45,04:45
37.93333333333333,alsogod,1020.5,11.74,2026-04-22 04:46:00,9.046666666666669,2026,4,22,04:00,46,04:46
37.86666666666667,alsogod,1020.5,11.78,2026-04-22 04:47:00,9.093333333333334,2026,4,22,04:00,47,04:47
37.8,alsogod,1020.5,11.82,2026-04-22 04:48:00,9.14,2026,4,22,04:00,48,04:48
37.73333333333333,alsogod,1020.5,11.86,2026-04-22 04:49:00,9.186666666666666,2026,4,22,04:00,49,04:49
37.66666666666666,alsogod,1020.5,11.9,2026-04-22 04:50:00,9.233333333333333,2026,4,22,04:00,50,04:50
37.6,alsogod,1020.5,11.94,2026-04-22 04:51:00,9.28,2026,4,22,04:00,51,04:51
37.53333333333333,alsogod,1020.5,11.98,2026-04-22 04:52:00,9.326666666666666,2026,4,22,04:00,52,04:52
37.46666666666667,alsogod,1020.5,12.02,2026-04-22 04:53:00,9.373333333333331,2026,4,22,04:00,53,04:53
37.4,alsogod,1020.5,12.06,2026-04-22 04:54:00,9.42,2026,4,22,04:00,54,04:54
37.333333333333336,alsogod,1020.5,12.1,2026-04-22 04:55:00,9.466666666666669,2026,4,22,04:00,55,04:55
37.266666666666666,alsogod,1020.5,12.14,2026-04-22 04:56:00,9.513333333333332,2026,4,22,04:00,56,04:56
37.2,alsogod,1020.5,12.18,2026-04-22 04:57:00,9.56,2026,4,22,04:00,57,04:57
37.13333333333333,alsogod,1020.5,12.22,2026-04-22 04:58:00,9.606666666666666,2026,4,22,04:00,58,04:58
37.06666666666667,alsogod,1020.5,12.260000000000002,2026-04-22 04:59:00,9.653333333333332,2026,4,22,04:00,59,04:59
37.0,alsogod,1020.5,12.3,2026-04-22 05:00:00,9.7,2026,4,22,05:00,0,05:00
36.86666666666667,alsogod,1020.4933333333332,12.333333333333334,2026-04-22 05:01:00,9.726666666666668,2026,4,22,05:00,1,05:01
36.73333333333333,alsogod,1020.4866666666668,12.366666666666667,2026-04-22 05:02:00,9.753333333333332,2026,4,22,05:00,2,05:02
36.6,alsogod,1020.48,12.4,2026-04-22 05:03:00,9.78,2026,4,22,05:00,3,05:03
36.46666666666667,alsogod,1020.4733333333334,12.433333333333334,2026-04-22 05:04:00,9.806666666666668,2026,4,22,05:00,4,05:04
36.333333333333336,alsogod,1020.4666666666668,12.466666666666669,2026-04-22 05:05:00,9.833333333333332,2026,4,22,05:00,5,05:05
36.2,alsogod,1020.46,12.5,2026-04-22 05:06:00,9.86,2026,4,22,05:00,6,05:06
36.06666666666667,alsogod,1020.4533333333334,12.533333333333331,2026-04-22 05:07:00,9.886666666666668,2026,4,22,05:00,7,05:07
35.93333333333333,alsogod,1020.4466666666666,12.566666666666668,2026-04-22 05:08:00,9.913333333333332,2026,4,22,05:00,8,05:08
35.8,alsogod,1020.44,12.6,2026-04-22 05:09:00,9.94,2026,4,22,05:00,9,05:09
35.666666666666664,alsogod,1020.4333333333332,12.633333333333336,2026-04-22 05:10:00,9.966666666666669,2026,4,22,05:00,10,05:10
35.53333333333333,alsogod,1020.4266666666666,12.666666666666668,2026-04-22 05:11:00,9.993333333333332,2026,4,22,05:00,11,05:11
35.4,alsogod,1020.42,12.7,2026-04-22 05:12:00,10.02,2026,4,22,05:00,12,05:12
35.266666666666666,alsogod,1020.4133333333332,12.733333333333334,2026-04-22 05:13:00,10.046666666666669,2026,4,22,05:00,13,05:13
35.13333333333333,alsogod,1020.4066666666666,12.766666666666667,2026-04-22 05:14:00,10.073333333333332,2026,4,22,05:00,14,05:14
35.0,alsogod,1020.4,12.8,2026-04-22 05:15:00,10.1,2026,4,22,05:00,15,05:15
34.86666666666667,alsogod,1020.3933333333332,12.833333333333334,2026-04-22 05:16:00,10.12,2026,4,22,05:00,16,05:16
34.733333333333334,alsogod,1020.3866666666668,12.866666666666667,2026-04-22 05:17:00,10.14,2026,4,22,05:00,17,05:17
34.6,alsogod,1020.38,12.9,2026-04-22 05:18:00,10.16,2026,4,22,05:00,18,05:18
34.46666666666667,alsogod,1020.3733333333332,12.933333333333334,2026-04-22 05:19:00,10.18,2026,4,22,05:00,19,05:19
34.333333333333336,alsogod,1020.3666666666668,12.966666666666669,2026-04-22 05:20:00,10.2,2026,4,22,05:00,20,05:20
34.2,alsogod,1020.36,13.0,2026-04-22 05:21:00,10.22,2026,4,22,05:00,21,05:21
34.06666666666667,alsogod,1020.3533333333334,13.033333333333331,2026-04-22 05:22:00,10.24,2026,4,22,05:00,22,05:22
33.93333333333333,alsogod,1020.3466666666666,13.066666666666668,2026-04-22 05:23:00,10.26,2026,4,22,05:00,23,05:23
33.8,alsogod,1020.34,13.1,2026-04-22 05:24:00,10.28,2026,4,22,05:00,24,05:24
33.666666666666664,alsogod,1020.3333333333331,13.133333333333336,2026-04-22 05:25:00,10.3,2026,4,22,05:00,25,05:25
33.53333333333333,alsogod,1020.3266666666666,13.166666666666668,2026-04-22 05:26:00,10.32,2026,4,22,05:00,26,05:26
33.4,alsogod,1020.32,13.2,2026-04-22 05:27:00,10.34,2026,4,22,05:00,27,05:27
33.266666666666666,alsogod,1020.3133333333332,13.233333333333334,2026-04-22 05:28:00,10.36,2026,4,22,05:00,28,05:28
33.13333333333333,alsogod,1020.3066666666666,13.266666666666667,2026-04-22 05:29:00,10.38,2026,4,22,05:00,29,05:29
33.0,alsogod,1020.3,13.3,2026-04-22 05:30:00,10.4,2026,4,22,05:00,30,05:30
32.86666666666667,alsogod,1020.2866666666666,13.333333333333334,2026-04-22 05:31:00,10.426666666666668,2026,4,22,05:00,31,05:31
32.733333333333334,alsogod,1020.2733333333332,13.366666666666667,2026-04-22 05:32:00,10.453333333333331,2026,4,22,05:00,32,05:32
32.6,alsogod,1020.26,13.4,2026-04-22 05:33:00,10.48,2026,4,22,05:00,33,05:33
32.46666666666667,alsogod,1020.2466666666668,13.433333333333334,2026-04-22 05:34:00,10.506666666666668,2026,4,22,05:00,34,05:34
32.333333333333336,alsogod,1020.2333333333332,13.466666666666669,2026-04-22 05:35:00,10.533333333333331,2026,4,22,05:00,35,05:35
32.2,alsogod,1020.22,13.5,2026-04-22 05:36:00,10.56,2026,4,22,05:00,36,05:36
32.06666666666667,alsogod,1020.2066666666668,13.533333333333331,2026-04-22 05:37:00,10.586666666666668,2026,4,22,05:00,37,05:37
31.933333333333334,alsogod,1020.1933333333332,13.566666666666668,2026-04-22 05:38:00,10.613333333333332,2026,4,22,05:00,38,05:38
31.8,alsogod,1020.18,13.6,2026-04-22 05:39:00,10.64,2026,4,22,05:00,39,05:39
31.666666666666668,alsogod,1020.1666666666666,13.633333333333336,2026-04-22 05:40:00,10.666666666666668,2026,4,22,05:00,40,05:40
31.53333333333333,alsogod,1020.1533333333332,13.666666666666668,2026-04-22 05:41:00,10.693333333333332,2026,4,22,05:00,41,05:41
31.4,alsogod,1020.14,13.7,2026-04-22 05:42:00,10.72,2026,4,22,05:00,42,05:42
31.266666666666666,alsogod,1020.1266666666668,13.733333333333334,2026-04-22 05:43:00,10.746666666666668,2026,4,22,05:00,43,05:43
31.133333333333333,alsogod,1020.1133333333332,13.766666666666667,2026-04-22 05:44:00,10.773333333333332,2026,4,22,05:00,44,05:44
31.0,alsogod,1020.1,13.8,2026-04-22 05:45:00,10.8,2026,4,22,05:00,45,05:45
30.866666666666667,alsogod,1020.0933333333334,13.82,2026-04-22 05:46:00,10.8,2026,4,22,05:00,46,05:46
30.73333333333333,alsogod,1020.0866666666668,13.84,2026-04-22 05:47:00,10.8,2026,4,22,05:00,47,05:47
30.6,alsogod,1020.08,13.86,2026-04-22 05:48:00,10.8,2026,4,22,05:00,48,05:48
30.466666666666665,alsogod,1020.0733333333334,13.88,2026-04-22 05:49:00,10.8,2026,4,22,05:00,49,05:49
30.33333333333333,alsogod,1020.0666666666668,13.9,2026-04-22 05:50:00,10.8,2026,4,22,05:00,50,05:50
30.2,alsogod,1020.06,13.92,2026-04-22 05:51:00,10.8,2026,4,22,05:00,51,05:51
30.066666666666663,alsogod,1020.0533333333334,13.94,2026-04-22 05:52:00,10.8,2026,4,22,05:00,52,05:52
29.933333333333334,alsogod,1020.0466666666666,13.96,2026-04-22 05:53:00,10.8,2026,4,22,05:00,53,05:53
29.8,alsogod,1020.04,13.98,2026-04-22 05:54:00,10.8,2026,4,22,05:00,54,05:54
29.666666666666668,alsogod,1020.0333333333332,14.0,2026-04-22 05:55:00,10.8,2026,4,22,05:00,55,05:55
29.53333333333333,alsogod,1020.0266666666666,14.02,2026-04-22 05:56:00,10.8,2026,4,22,05:00,56,05:56
29.4,alsogod,1020.02,14.04,2026-04-22 05:57:00,10.8,2026,4,22,05:00,57,05:57
29.266666666666666,alsogod,1020.0133333333332,14.06,2026-04-22 05:58:00,10.8,2026,4,22,05:00,58,05:58
29.133333333333333,alsogod,1020.0066666666668,14.08,2026-04-22 05:59:00,10.8,2026,4,22,05:00,59,05:59
29.0,alsogod,1020.0,14.1,2026-04-22 06:00:00,10.8,2026,4,22,06:00,0,06:00
28.933333333333334,alsogod,1019.9933333333332,14.12,2026-04-22 06:01:00,10.8,2026,4,22,06:00,1,06:01
28.866666666666667,alsogod,1019.9866666666668,14.14,2026-04-22 06:02:00,10.8,2026,4,22,06:00,2,06:02
28.8,alsogod,1019.98,14.16,2026-04-22 06:03:00,10.8,2026,4,22,06:00,3,06:03
28.73333333333333,alsogod,1019.9733333333334,14.18,2026-04-22 06:04:00,10.8,2026,4,22,06:00,4,06:04
28.666666666666668,alsogod,1019.9666666666668,14.2,2026-04-22 06:05:00,10.8,2026,4,22,06:00,5,06:05
28.6,alsogod,1019.96,14.22,2026-04-22 06:06:00,10.8,2026,4,22,06:00,6,06:06
28.53333333333333,alsogod,1019.9533333333334,14.24,2026-04-22 06:07:00,10.8,2026,4,22,06:00,7,06:07
28.466666666666665,alsogod,1019.9466666666666,14.26,2026-04-22 06:08:00,10.8,2026,4,22,06:00,8,06:08
28.4,alsogod,1019.94,14.28,2026-04-22 06:09:00,10.8,2026,4,22,06:00,9,06:09
28.33333333333333,alsogod,1019.9333333333332,14.3,2026-04-22 06:10:00,10.8,2026,4,22,06:00,10,06:10
28.266666666666666,alsogod,1019.9266666666666,14.32,2026-04-22 06:11:00,10.8,2026,4,22,06:00,11,06:11
28.2,alsogod,1019.92,14.34,2026-04-22 06:12:00,10.8,2026,4,22,06:00,12,06:12
28.133333333333333,alsogod,1019.9133333333332,14.36,2026-04-22 06:13:00,10.8,2026,4,22,06:00,13,06:13
28.066666666666663,alsogod,1019.9066666666666,14.38,2026-04-22 06:14:00,10.8,2026,4,22,06:00,14,06:14
28.0,alsogod,1019.9,14.4,2026-04-22 06:15:00,10.8,2026,4,22,06:00,15,06:15
28.0,alsogod,1019.8933333333332,14.406666666666666,2026-04-22 06:16:00,10.8,2026,4,22,06:00,16,06:16
28.0,alsogod,1019.8866666666668,14.413333333333334,2026-04-22 06:17:00,10.8,2026,4,22,06:00,17,06:17
28.0,alsogod,1019.88,14.42,2026-04-22 06:18:00,10.8,2026,4,22,06:00,18,06:18
28.0,alsogod,1019.8733333333332,14.426666666666668,2026-04-22 06:19:00,10.8,2026,4,22,06:00,19,06:19
28.0,alsogod,1019.8666666666668,14.433333333333334,2026-04-22 06:20:00,10.8,2026,4,22,06:00,20,06:20
28.0,alsogod,1019.86,14.44,2026-04-22 06:21:00,10.8,2026,4,22,06:00,21,06:21
28.0,alsogod,1019.8533333333334,14.446666666666667,2026-04-22 06:22:00,10.8,2026,4,22,06:00,22,06:22
28.0,alsogod,1019.8466666666666,14.453333333333331,2026-04-22 06:23:00,10.8,2026,4,22,06:00,23,06:23
28.0,alsogod,1019.84,14.46,2026-04-22 06:24:00,10.8,2026,4,22,06:00,24,06:24
28.0,alsogod,1019.8333333333331,14.466666666666669,2026-04-22 06:25:00,10.8,2026,4,22,06:00,25,06:25
28.0,alsogod,1019.8266666666666,14.473333333333333,2026-04-22 06:26:00,10.8,2026,4,22,06:00,26,06:26
28.0,alsogod,1019.82,14.48,2026-04-22 06:27:00,10.8,2026,4,22,06:00,27,06:27
28.0,alsogod,1019.8133333333332,14.486666666666666,2026-04-22 06:28:00,10.8,2026,4,22,06:00,28,06:28
28.0,alsogod,1019.8066666666666,14.493333333333334,2026-04-22 06:29:00,10.8,2026,4,22,06:00,29,06:29
28.0,alsogod,1019.8,14.5,2026-04-22 06:30:00,10.8,2026,4,22,06:00,30,06:30
28.0,alsogod,1019.8,14.513333333333334,2026-04-22 06:31:00,10.773333333333332,2026,4,22,06:00,31,06:31
28.0,alsogod,1019.8,14.526666666666667,2026-04-22 06:32:00,10.746666666666668,2026,4,22,06:00,32,06:32
28.0,alsogod,1019.8,14.54,2026-04-22 06:33:00,10.72,2026,4,22,06:00,33,06:33
28.0,alsogod,1019.8,14.553333333333333,2026-04-22 06:34:00,10.693333333333332,2026,4,22,06:00,34,06:34
28.0,alsogod,1019.8,14.566666666666666,2026-04-22 06:35:00,10.666666666666668,2026,4,22,06:00,35,06:35
28.0,alsogod,1019.8,14.58,2026-04-22 06:36:00,10.64,2026,4,22,06:00,36,06:36
28.0,alsogod,1019.8,14.593333333333334,2026-04-22 06:37:00,10.613333333333332,2026,4,22,06:00,37,06:37
28.0,alsogod,1019.8,14.606666666666666,2026-04-22 06:38:00,10.586666666666668,2026,4,22,06:00,38,06:38
28.0,alsogod,1019.8,14.62,2026-04-22 06:39:00,10.56,2026,4,22,06:00,39,06:39
28.0,alsogod,1019.8,14.633333333333333,2026-04-22 06:40:00,10.533333333333331,2026,4,22,06:00,40,06:40
28.0,alsogod,1019.8,14.646666666666668,2026-04-22 06:41:00,10.506666666666668,2026,4,22,06:00,41,06:41
28.0,alsogod,1019.8,14.66,2026-04-22 06:42:00,10.48,2026,4,22,06:00,42,06:42
28.0,alsogod,1019.8,14.673333333333332,2026-04-22 06:43:00,10.453333333333331,2026,4,22,06:00,43,06:43
28.0,alsogod,1019.8,14.686666666666666,2026-04-22 06:44:00,10.426666666666668,2026,4,22,06:00,44,06:44
28.0,alsogod,1019.8,14.7,2026-04-22 06:45:00,10.4,2026,4,22,06:00,45,06:45
27.933333333333334,alsogod,1019.8,14.713333333333331,2026-04-22 06:46:00,10.38,2026,4,22,06:00,46,06:46
27.866666666666667,alsogod,1019.8,14.726666666666668,2026-04-22 06:47:00,10.36,2026,4,22,06:00,47,06:47
27.8,alsogod,1019.8,14.74,2026-04-22 06:48:00,10.34,2026,4,22,06:00,48,06:48
27.73333333333333,alsogod,1019.8,14.753333333333332,2026-04-22 06:49:00,10.32,2026,4,22,06:00,49,06:49
27.666666666666668,alsogod,1019.8,14.766666666666666,2026-04-22 06:50:00,10.3,2026,4,22,06:00,50,06:50
27.6,alsogod,1019.8,14.78,2026-04-22 06:51:00,10.28,2026,4,22,06:00,51,06:51
27.53333333333333,alsogod,1019.8,14.793333333333331,2026-04-22 06:52:00,10.26,2026,4,22,06:00,52,06:52
27.466666666666665,alsogod,1019.8,14.806666666666668,2026-04-22 06:53:00,10.24,2026,4,22,06:00,53,06:53
27.4,alsogod,1019.8,14.82,2026-04-22 06:54:00,10.22,2026,4,22,06:00,54,06:54
27.33333333333333,alsogod,1019.8,14.833333333333334,2026-04-22 06:55:00,10.2,2026,4,22,06:00,55,06:55
27.266666666666666,alsogod,1019.8,14.846666666666668,2026-04-22 06:56:00,10.18,2026,4,22,06:00,56,06:56
27.2,alsogod,1019.8,14.86,2026-04-22 06:57:00,10.16,2026,4,22,06:00,57,06:57
27.133333333333333,alsogod,1019.8,14.873333333333331,2026-04-22 06:58:00,10.14,2026,4,22,06:00,58,06:58
27.066666666666663,alsogod,1019.8,14.886666666666668,2026-04-22 06:59:00,10.12,2026,4,22,06:00,59,06:59
27.0,alsogod,1019.8,14.9,2026-04-22 07:00:00,10.1,2026,4,22,07:00,0,07:00
26.933333333333334,alsogod,1019.8066666666666,14.913333333333334,2026-04-22 07:01:00,10.053333333333333,2026,4,22,07:00,1,07:01
26.866666666666667,alsogod,1019.8133333333332,14.926666666666668,2026-04-22 07:02:00,10.006666666666666,2026,4,22,07:00,2,07:02
26.8,alsogod,1019.82,14.94,2026-04-22 07:03:00,9.96,2026,4,22,07:00,3,07:03
26.73333333333333,alsogod,1019.8266666666666,14.953333333333331,2026-04-22 07:04:00,9.913333333333334,2026,4,22,07:00,4,07:04
26.666666666666668,alsogod,1019.8333333333331,14.966666666666669,2026-04-22 07:05:00,9.866666666666667,2026,4,22,07:00,5,07:05
26.6,alsogod,1019.84,14.98,2026-04-22 07:06:00,9.82,2026,4,22,07:00,6,07:06
26.53333333333333,alsogod,1019.8466666666666,14.993333333333334,2026-04-22 07:07:00,9.773333333333332,2026,4,22,07:00,7,07:07
26.466666666666665,alsogod,1019.8533333333334,15.006666666666666,2026-04-22 07:08:00,9.726666666666668,2026,4,22,07:00,8,07:08
26.4,alsogod,1019.86,15.02,2026-04-22 07:09:00,9.68,2026,4,22,07:00,9,07:09
26.33333333333333,alsogod,1019.8666666666668,15.033333333333331,2026-04-22 07:10:00,9.633333333333333,2026,4,22,07:00,10,07:10
26.266666666666666,alsogod,1019.8733333333332,15.046666666666669,2026-04-22 07:11:00,9.586666666666666,2026,4,22,07:00,11,07:11
26.2,alsogod,1019.88,15.06,2026-04-22 07:12:00,9.54,2026,4,22,07:00,12,07:12
26.133333333333333,alsogod,1019.8866666666668,15.073333333333332,2026-04-22 07:13:00,9.493333333333334,2026,4,22,07:00,13,07:13
26.066666666666663,alsogod,1019.8933333333332,15.086666666666666,2026-04-22 07:14:00,9.446666666666667,2026,4,22,07:00,14,07:14
26.0,alsogod,1019.9,15.1,2026-04-22 07:15:00,9.4,2026,4,22,07:00,15,07:15
25.933333333333334,alsogod,1019.9133333333332,15.12,2026-04-22 07:16:00,9.346666666666668,2026,4,22,07:00,16,07:16
25.866666666666667,alsogod,1019.9266666666666,15.14,2026-04-22 07:17:00,9.293333333333331,2026,4,22,07:00,17,07:17
25.8,alsogod,1019.94,15.16,2026-04-22 07:18:00,9.24,2026,4,22,07:00,18,07:18
25.73333333333333,alsogod,1019.9533333333334,15.18,2026-04-22 07:19:00,9.186666666666667,2026,4,22,07:00,19,07:19
25.666666666666668,alsogod,1019.9666666666668,15.2,2026-04-22 07:20:00,9.133333333333333,2026,4,22,07:00,20,07:20
25.6,alsogod,1019.98,15.22,2026-04-22 07:21:00,9.08,2026,4,22,07:00,21,07:21
25.53333333333333,alsogod,1019.9933333333332,15.24,2026-04-22 07:22:00,9.026666666666667,2026,4,22,07:00,22,07:22
25.466666666666665,alsogod,1020.0066666666668,15.26,2026-04-22 07:23:00,8.973333333333333,2026,4,22,07:00,23,07:23
25.4,alsogod,1020.02,15.28,2026-04-22 07:24:00,8.92,2026,4,22,07:00,24,07:24
25.33333333333333,alsogod,1020.0333333333332,15.3,2026-04-22 07:25:00,8.866666666666667,2026,4,22,07:00,25,07:25
25.266666666666666,alsogod,1020.0466666666666,15.32,2026-04-22 07:26:00,8.813333333333333,2026,4,22,07:00,26,07:26
25.2,alsogod,1020.06,15.34,2026-04-22 07:27:00,8.76,2026,4,22,07:00,27,07:27
25.133333333333333,alsogod,1020.0733333333334,15.36,2026-04-22 07:28:00,8.706666666666667,2026,4,22,07:00,28,07:28
25.066666666666663,alsogod,1020.0866666666668,15.38,2026-04-22 07:29:00,8.653333333333332,2026,4,22,07:00,29,07:29
25.0,alsogod,1020.1,15.4,2026-04-22 07:30:00,8.6,2026,4,22,07:00,30,07:30
24.866666666666667,alsogod,1020.1133333333332,15.42,2026-04-22 07:31:00,8.553333333333333,2026,4,22,07:00,31,07:31
24.73333333333333,alsogod,1020.1266666666668,15.44,2026-04-22 07:32:00,8.506666666666666,2026,4,22,07:00,32,07:32
24.6,alsogod,1020.14,15.46,2026-04-22 07:33:00,8.459999999999999,2026,4,22,07:00,33,07:33
24.466666666666665,alsogod,1020.1533333333332,15.48,2026-04-22 07:34:00,8.413333333333334,2026,4,22,07:00,34,07:34
24.33333333333333,alsogod,1020.1666666666666,15.5,2026-04-22 07:35:00,8.366666666666667,2026,4,22,07:00,35,07:35
24.2,alsogod,1020.18,15.52,2026-04-22 07:36:00,8.32,2026,4,22,07:00,36,07:36
24.066666666666663,alsogod,1020.1933333333332,15.54,2026-04-22 07:37:00,8.273333333333333,2026,4,22,07:00,37,07:37
23.933333333333334,alsogod,1020.2066666666668,15.56,2026-04-22 07:38:00,8.226666666666667,2026,4,22,07:00,38,07:38
23.8,alsogod,1020.22,15.58,2026-04-22 07:39:00,8.18,2026,4,22,07:00,39,07:39
23.666666666666668,alsogod,1020.2333333333332,15.6,2026-04-22 07:40:00,8.133333333333333,2026,4,22,07:00,40,07:40
23.53333333333333,alsogod,1020.2466666666668,15.62,2026-04-22 07:41:00,8.086666666666666,2026,4,22,07:00,41,07:41
23.4,alsogod,1020.26,15.64,2026-04-22 07:42:00,8.040000000000001,2026,4,22,07:00,42,07:42
23.266666666666666,alsogod,1020.2733333333332,15.66,2026-04-22 07:43:00,7.993333333333334,2026,4,22,07:00,43,07:43
23.133333333333333,alsogod,1020.2866666666666,15.68,2026-04-22 07:44:00,7.946666666666667,2026,4,22,07:00,44,07:44
23.0,alsogod,1020.3,15.7,2026-04-22 07:45:00,7.9,2026,4,22,07:00,45,07:45
22.933333333333334,alsogod,1020.3,15.72,2026-04-22 07:46:00,7.88,2026,4,22,07:00,46,07:46
22.866666666666667,alsogod,1020.3,15.74,2026-04-22 07:47:00,7.86,2026,4,22,07:00,47,07:47
22.8,alsogod,1020.3,15.76,2026-04-22 07:48:00,7.84,2026,4,22,07:00,48,07:48
22.73333333333333,alsogod,1020.3,15.78,2026-04-22 07:49:00,7.82,2026,4,22,07:00,49,07:49
22.666666666666668,alsogod,1020.3,15.8,2026-04-22 07:50:00,7.8,2026,4,22,07:00,50,07:50
22.6,alsogod,1020.3,15.82,2026-04-22 07:51:00,7.78,2026,4,22,07:00,51,07:51
22.53333333333333,alsogod,1020.3,15.84,2026-04-22 07:52:00,7.76,2026,4,22,07:00,52,07:52
22.466666666666665,alsogod,1020.3,15.86,2026-04-22 07:53:00,7.74,2026,4,22,07:00,53,07:53
22.4,alsogod,1020.3,15.88,2026-04-22 07:54:00,7.72,2026,4,22,07:00,54,07:54
22.33333333333333,alsogod,1020.3,15.9,2026-04-22 07:55:00,7.7,2026,4,22,07:00,55,07:55
22.266666666666666,alsogod,1020.3,15.92,2026-04-22 07:56:00,7.68,2026,4,22,07:00,56,07:56
22.2,alsogod,1020.3,15.94,2026-04-22 07:57:00,7.66,2026,4,22,07:00,57,07:57
22.133333333333333,alsogod,1020.3,15.96,2026-04-22 07:58:00,7.64,2026,4,22,07:00,58,07:58
22.066666666666663,alsogod,1020.3,15.98,2026-04-22 07:59:00,7.619999999999999,2026,4,22,07:00,59,07:59
22.0,alsogod,1020.3,16.0,2026-04-22 08:00:00,7.6,2026,4,22,08:00,0,08:00
21.933333333333334,alsogod,1020.2866666666666,16.013333333333332,2026-04-22 08:01:00,7.6,2026,4,22,08:00,1,08:01
21.866666666666667,alsogod,1020.2733333333332,16.026666666666667,2026-04-22 08:02:00,7.6,2026,4,22,08:00,2,08:02
21.8,alsogod,1020.26,16.04,2026-04-22 08:03:00,7.6,2026,4,22,08:00,3,08:03
21.73333333333333,alsogod,1020.2466666666668,16.053333333333335,2026-04-22 08:04:00,7.6,2026,4,22,08:00,4,08:04
21.666666666666668,alsogod,1020.2333333333332,16.066666666666666,2026-04-22 08:05:00,7.6,2026,4,22,08:00,5,08:05
21.6,alsogod,1020.22,16.08,2026-04-22 08:06:00,7.6,2026,4,22,08:00,6,08:06
21.53333333333333,alsogod,1020.2066666666668,16.093333333333334,2026-04-22 08:07:00,7.6,2026,4,22,08:00,7,08:07
21.466666666666665,alsogod,1020.1933333333332,16.106666666666666,2026-04-22 08:08:00,7.6,2026,4,22,08:00,8,08:08
21.4,alsogod,1020.18,16.12,2026-04-22 08:09:00,7.6,2026,4,22,08:00,9,08:09
21.33333333333333,alsogod,1020.1666666666666,16.133333333333333,2026-04-22 08:10:00,7.6,2026,4,22,08:00,10,08:10
21.266666666666666,alsogod,1020.1533333333332,16.146666666666665,2026-04-22 08:11:00,7.6,2026,4,22,08:00,11,08:11
21.2,alsogod,1020.14,16.16,2026-04-22 08:12:00,7.6,2026,4,22,08:00,12,08:12
21.133333333333333,alsogod,1020.1266666666668,16.173333333333332,2026-04-22 08:13:00,7.6,2026,4,22,08:00,13,08:13
21.066666666666663,alsogod,1020.1133333333332,16.186666666666667,2026-04-22 08:14:00,7.6,2026,4,22,08:00,14,08:14
21.0,alsogod,1020.1,16.2,2026-04-22 08:15:00,7.6,2026,4,22,08:00,15,08:15
21.0,alsogod,1020.08,16.22,2026-04-22 08:16:00,7.6,2026,4,22,08:00,16,08:16
21.0,alsogod,1020.06,16.24,2026-04-22 08:17:00,7.6,2026,4,22,08:00,17,08:17
21.0,alsogod,1020.04,16.259999999999998,2026-04-22 08:18:00,7.6,2026,4,22,08:00,18,08:18
21.0,alsogod,1020.02,16.28,2026-04-22 08:19:00,7.6,2026,4,22,08:00,19,08:19
21.0,alsogod,1020.0,16.3,2026-04-22 08:20:00,7.6,2026,4,22,08:00,20,08:20
21.0,alsogod,1019.98,16.32,2026-04-22 08:21:00,7.6,2026,4,22,08:00,21,08:21
21.0,alsogod,1019.96,16.34,2026-04-22 08:22:00,7.6,2026,4,22,08:00,22,08:22
21.0,alsogod,1019.94,16.36,2026-04-22 08:23:00,7.6,2026,4,22,08:00,23,08:23
21.0,alsogod,1019.92,16.38,2026-04-22 08:24:00,7.6,2026,4,22,08:00,24,08:24
21.0,alsogod,1019.9,16.4,2026-04-22 08:25:00,7.6,2026,4,22,08:00,25,08:25
21.0,alsogod,1019.88,16.419999999999998,2026-04-22 08:26:00,7.6,2026,4,22,08:00,26,08:26
21.0,alsogod,1019.86,16.44,2026-04-22 08:27:00,7.6,2026,4,22,08:00,27,08:27
21.0,alsogod,1019.84,16.46,2026-04-22 08:28:00,7.6,2026,4,22,08:00,28,08:28
21.0,alsogod,1019.82,16.48,2026-04-22 08:29:00,7.6,2026,4,22,08:00,29,08:29
21.0,alsogod,1019.8,16.5,2026-04-22 08:30:00,7.6,2026,4,22,08:00,30,08:30
20.933333333333334,alsogod,1019.78,16.513333333333332,2026-04-22 08:31:00,7.62,2026,4,22,08:00,31,08:31
20.866666666666667,alsogod,1019.76,16.526666666666667,2026-04-22 08:32:00,7.64,2026,4,22,08:00,32,08:32
20.8,alsogod,1019.74,16.54,2026-04-22 08:33:00,7.66,2026,4,22,08:00,33,08:33
20.73333333333333,alsogod,1019.72,16.553333333333335,2026-04-22 08:34:00,7.68,2026,4,22,08:00,34,08:34
20.666666666666668,alsogod,1019.7,16.566666666666666,2026-04-22 08:35:00,7.7,2026,4,22,08:00,35,08:35
20.6,alsogod,1019.68,16.58,2026-04-22 08:36:00,7.72,2026,4,22,08:00,36,08:36
20.53333333333333,alsogod,1019.66,16.593333333333334,2026-04-22 08:37:00,7.74,2026,4,22,08:00,37,08:37
20.466666666666665,alsogod,1019.64,16.606666666666666,2026-04-22 08:38:00,7.76,2026,4,22,08:00,38,08:38
20.4,alsogod,1019.62,16.62,2026-04-22 08:39:00,7.78,2026,4,22,08:00,39,08:39
20.33333333333333,alsogod,1019.6,16.633333333333333,2026-04-22 08:40:00,7.8,2026,4,22,08:00,40,08:40
20.266666666666666,alsogod,1019.58,16.646666666666665,2026-04-22 08:41:00,7.82,2026,4,22,08:00,41,08:41
20.2,alsogod,1019.56,16.66,2026-04-22 08:42:00,7.84,2026,4,22,08:00,42,08:42
20.133333333333333,alsogod,1019.54,16.673333333333332,2026-04-22 08:43:00,7.86,2026,4,22,08:00,43,08:43
20.066666666666663,alsogod,1019.52,16.686666666666667,2026-04-22 08:44:00,7.880000000000001,2026,4,22,08:00,44,08:44
20.0,alsogod,1019.5,16.7,2026-04-22 08:45:00,7.9,2026,4,22,08:00,45,08:45
20.0,alsogod,1019.48,16.71333333333333,2026-04-22 08:46:00,7.926666666666667,2026,4,22,08:00,46,08:46
20.0,alsogod,1019.46,16.726666666666667,2026-04-22 08:47:00,7.953333333333334,2026,4,22,08:00,47,08:47
20.0,alsogod,1019.44,16.74,2026-04-22 08:48:00,7.98,2026,4,22,08:00,48,08:48
20.0,alsogod,1019.42,16.753333333333334,2026-04-22 08:49:00,8.006666666666668,2026,4,22,08:00,49,08:49
20.0,alsogod,1019.4,16.766666666666666,2026-04-22 08:50:00,8.033333333333333,2026,4,22,08:00,50,08:50
20.0,alsogod,1019.38,16.779999999999998,2026-04-22 08:51:00,8.06,2026,4,22,08:00,51,08:51
20.0,alsogod,1019.36,16.793333333333333,2026-04-22 08:52:00,8.086666666666668,2026,4,22,08:00,52,08:52
20.0,alsogod,1019.34,16.806666666666665,2026-04-22 08:53:00,8.113333333333333,2026,4,22,08:00,53,08:53
20.0,alsogod,1019.32,16.82,2026-04-22 08:54:00,8.14,2026,4,22,08:00,54,08:54
20.0,alsogod,1019.3,16.833333333333332,2026-04-22 08:55:00,8.166666666666668,2026,4,22,08:00,55,08:55
20.0,alsogod,1019.28,16.846666666666664,2026-04-22 08:56:00,8.193333333333333,2026,4,22,08:00,56,08:56
20.0,alsogod,1019.26,16.86,2026-04-22 08:57:00,8.22,2026,4,22,08:00,57,08:57
20.0,alsogod,1019.24,16.87333333333333,2026-04-22 08:58:00,8.246666666666668,2026,4,22,08:00,58,08:58
20.0,alsogod,1019.22,16.886666666666667,2026-04-22 08:59:00,8.273333333333333,2026,4,22,08:00,59,08:59
20.0,alsogod,1019.2,16.9,2026-04-22 09:00:00,8.3,2026,4,22,09:00,0,09:00
20.0,alsogod,1019.18,16.906666666666666,2026-04-22 09:01:00,8.32,2026,4,22,09:00,1,09:01
20.0,alsogod,1019.16,16.91333333333333,2026-04-22 09:02:00,8.34,2026,4,22,09:00,2,09:02
20.0,alsogod,1019.14,16.919999999999998,2026-04-22 09:03:00,8.360000000000001,2026,4,22,09:00,3,09:03
20.0,alsogod,1019.12,16.926666666666666,2026-04-22 09:04:00,8.38,2026,4,22,09:00,4,09:04
20.0,alsogod,1019.1,16.933333333333334,2026-04-22 09:05:00,8.4,2026,4,22,09:00,5,09:05
20.0,alsogod,1019.08,16.939999999999998,2026-04-22 09:06:00,8.42,2026,4,22,09:00,6,09:06
20.0,alsogod,1019.06,16.946666666666665,2026-04-22 09:07:00,8.44,2026,4,22,09:00,7,09:07
20.0,alsogod,1019.04,16.953333333333333,2026-04-22 09:08:00,8.46,2026,4,22,09:00,8,09:08
20.0,alsogod,1019.02,16.96,2026-04-22 09:09:00,8.48,2026,4,22,09:00,9,09:09
20.0,alsogod,1019.0,16.966666666666665,2026-04-22 09:10:00,8.5,2026,4,22,09:00,10,09:10
20.0,alsogod,1018.98,16.973333333333333,2026-04-22 09:11:00,8.52,2026,4,22,09:00,11,09:11
20.0,alsogod,1018.96,16.98,2026-04-22 09:12:00,8.54,2026,4,22,09:00,12,09:12
20.0,alsogod,1018.94,16.986666666666668,2026-04-22 09:13:00,8.56,2026,4,22,09:00,13,09:13
20.0,alsogod,1018.92,16.993333333333332,2026-04-22 09:14:00,8.58,2026,4,22,09:00,14,09:14
20.0,alsogod,1018.9,17.0,2026-04-22 09:15:00,8.6,2026,4,22,09:00,15,09:15
20.0,alsogod,1018.8866666666668,17.013333333333332,2026-04-22 09:16:00,8.653333333333332,2026,4,22,09:00,16,09:16
20.0,alsogod,1018.8733333333332,17.026666666666667,2026-04-22 09:17:00,8.706666666666667,2026,4,22,09:00,17,09:17
20.0,alsogod,1018.86,17.04,2026-04-22 09:18:00,8.76,2026,4,22,09:00,18,09:18
20.0,alsogod,1018.8466666666668,17.053333333333335,2026-04-22 09:19:00,8.813333333333333,2026,4,22,09:00,19,09:19
20.0,alsogod,1018.8333333333334,17.066666666666666,2026-04-22 09:20:00,8.866666666666667,2026,4,22,09:00,20,09:20
20.0,alsogod,1018.82,17.08,2026-04-22 09:21:00,8.92,2026,4,22,09:00,21,09:21
20.0,alsogod,1018.8066666666668,17.093333333333334,2026-04-22 09:22:00,8.973333333333333,2026,4,22,09:00,22,09:22
20.0,alsogod,1018.7933333333332,17.106666666666666,2026-04-22 09:23:00,9.026666666666667,2026,4,22,09:00,23,09:23
20.0,alsogod,1018.78,17.12,2026-04-22 09:24:00,9.08,2026,4,22,09:00,24,09:24
20.0,alsogod,1018.7666666666668,17.133333333333333,2026-04-22 09:25:00,9.133333333333333,2026,4,22,09:00,25,09:25
20.0,alsogod,1018.7533333333332,17.146666666666665,2026-04-22 09:26:00,9.186666666666667,2026,4,22,09:00,26,09:26
20.0,alsogod,1018.74,17.16,2026-04-22 09:27:00,9.24,2026,4,22,09:00,27,09:27
20.0,alsogod,1018.7266666666668,17.173333333333332,2026-04-22 09:28:00,9.293333333333331,2026,4,22,09:00,28,09:28
20.0,alsogod,1018.7133333333334,17.186666666666667,2026-04-22 09:29:00,9.346666666666668,2026,4,22,09:00,29,09:29
20.0,alsogod,1018.7,17.2,2026-04-22 09:30:00,9.4,2026,4,22,09:00,30,09:30
20.0,alsogod,1018.6866666666668,17.206666666666667,2026-04-22 09:31:00,9.446666666666667,2026,4,22,09:00,31,09:31
20.0,alsogod,1018.6733333333334,17.21333333333333,2026-04-22 09:32:00,9.493333333333334,2026,4,22,09:00,32,09:32
20.0,alsogod,1018.66,17.22,2026-04-22 09:33:00,9.54,2026,4,22,09:00,33,09:33
20.0,alsogod,1018.6466666666666,17.226666666666667,2026-04-22 09:34:00,9.586666666666666,2026,4,22,09:00,34,09:34
20.0,alsogod,1018.6333333333332,17.233333333333334,2026-04-22 09:35:00,9.633333333333333,2026,4,22,09:00,35,09:35
20.0,alsogod,1018.62,17.24,2026-04-22 09:36:00,9.68,2026,4,22,09:00,36,09:36
20.0,alsogod,1018.6066666666668,17.246666666666666,2026-04-22 09:37:00,9.726666666666668,2026,4,22,09:00,37,09:37
20.0,alsogod,1018.5933333333334,17.253333333333334,2026-04-22 09:38:00,9.773333333333332,2026,4,22,09:00,38,09:38
20.0,alsogod,1018.58,17.26,2026-04-22 09:39:00,9.82,2026,4,22,09:00,39,09:39
20.0,alsogod,1018.5666666666668,17.266666666666666,2026-04-22 09:40:00,9.866666666666667,2026,4,22,09:00,40,09:40
20.0,alsogod,1018.5533333333334,17.273333333333333,2026-04-22 09:41:00,9.913333333333334,2026,4,22,09:00,41,09:41
20.0,alsogod,1018.54,17.28,2026-04-22 09:42:00,9.96,2026,4,22,09:00,42,09:42
20.0,alsogod,1018.5266666666666,17.28666666666667,2026-04-22 09:43:00,10.006666666666666,2026,4,22,09:00,43,09:43
20.0,alsogod,1018.5133333333332,17.293333333333333,2026-04-22 09:44:00,10.053333333333333,2026,4,22,09:00,44,09:44
20.0,alsogod,1018.5,17.3,2026-04-22 09:45:00,10.1,2026,4,22,09:00,45,09:45
20.0,alsogod,1018.4866666666668,17.30666666666667,2026-04-22 09:46:00,10.12,2026,4,22,09:00,46,09:46
20.0,alsogod,1018.4733333333334,17.313333333333333,2026-04-22 09:47:00,10.14,2026,4,22,09:00,47,09:47
20.0,alsogod,1018.46,17.32,2026-04-22 09:48:00,10.16,2026,4,22,09:00,48,09:48
20.0,alsogod,1018.4466666666666,17.326666666666668,2026-04-22 09:49:00,10.18,2026,4,22,09:00,49,09:49
20.0,alsogod,1018.4333333333332,17.333333333333332,2026-04-22 09:50:00,10.2,2026,4,22,09:00,50,09:50
20.0,alsogod,1018.42,17.34,2026-04-22 09:51:00,10.22,2026,4,22,09:00,51,09:51
20.0,alsogod,1018.4066666666666,17.346666666666668,2026-04-22 09:52:00,10.24,2026,4,22,09:00,52,09:52
20.0,alsogod,1018.3933333333332,17.35333333333333,2026-04-22 09:53:00,10.26,2026,4,22,09:00,53,09:53
20.0,alsogod,1018.38,17.36,2026-04-22 09:54:00,10.28,2026,4,22,09:00,54,09:54
20.0,alsogod,1018.3666666666668,17.366666666666667,2026-04-22 09:55:00,10.3,2026,4,22,09:00,55,09:55
20.0,alsogod,1018.3533333333334,17.37333333333333,2026-04-22 09:56:00,10.32,2026,4,22,09:00,56,09:56
20.0,alsogod,1018.34,17.38,2026-04-22 09:57:00,10.34,2026,4,22,09:00,57,09:57
20.0,alsogod,1018.3266666666666,17.386666666666667,2026-04-22 09:58:00,10.36,2026,4,22,09:00,58,09:58
20.0,alsogod,1018.3133333333332,17.39333333333333,2026-04-22 09:59:00,10.38,2026,4,22,09:00,59,09:59
20.0,alsogod,1018.3,17.4,2026-04-22 10:00:00,10.4,2026,4,22,10:00,0,10:00
20.0,alsogod,1018.2933333333332,17.406666666666666,2026-04-22 10:01:00,10.426666666666668,2026,4,22,10:00,1,10:01
20.0,alsogod,1018.2866666666666,17.41333333333333,2026-04-22 10:02:00,10.453333333333331,2026,4,22,10:00,2,10:02
20.0,alsogod,1018.28,17.419999999999998,2026-04-22 10:03:00,10.48,2026,4,22,10:00,3,10:03
20.0,alsogod,1018.2733333333332,17.426666666666666,2026-04-22 10:04:00,10.506666666666668,2026,4,22,10:00,4,10:04
20.0,alsogod,1018.2666666666668,17.433333333333334,2026-04-22 10:05:00,10.533333333333331,2026,4,22,10:00,5,10:05
20.0,alsogod,1018.26,17.439999999999998,2026-04-22 10:06:00,10.56,2026,4,22,10:00,6,10:06
20.0,alsogod,1018.2533333333332,17.446666666666665,2026-04-22 10:07:00,10.586666666666668,2026,4,22,10:00,7,10:07
20.0,alsogod,1018.2466666666668,17.453333333333333,2026-04-22 10:08:00,10.613333333333332,2026,4,22,10:00,8,10:08
20.0,alsogod,1018.24,17.46,2026-04-22 10:09:00,10.64,2026,4,22,10:00,9,10:09
20.0,alsogod,1018.2333333333332,17.466666666666665,2026-04-22 10:10:00,10.666666666666668,2026,4,22,10:00,10,10:10
20.0,alsogod,1018.2266666666668,17.473333333333333,2026-04-22 10:11:00,10.693333333333332,2026,4,22,10:00,11,10:11
20.0,alsogod,1018.22,17.48,2026-04-22 10:12:00,10.72,2026,4,22,10:00,12,10:12
20.0,alsogod,1018.2133333333334,17.486666666666668,2026-04-22 10:13:00,10.746666666666668,2026,4,22,10:00,13,10:13
20.0,alsogod,1018.2066666666668,17.493333333333332,2026-04-22 10:14:00,10.773333333333332,2026,4,22,10:00,14,10:14
20.0,alsogod,1018.2,17.5,2026-04-22 10:15:00,10.8,2026,4,22,10:00,15,10:15
20.0,alsogod,1018.2066666666668,17.506666666666668,2026-04-22 10:16:00,10.8,2026,4,22,10:00,16,10:16
20.0,alsogod,1018.2133333333334,17.513333333333332,2026-04-22 10:17:00,10.8,2026,4,22,10:00,17,10:17
20.0,alsogod,1018.22,17.52,2026-04-22 10:18:00,10.8,2026,4,22,10:00,18,10:18
20.0,alsogod,1018.2266666666668,17.526666666666667,2026-04-22 10:19:00,10.8,2026,4,22,10:00,19,10:19
20.0,alsogod,1018.2333333333332,17.533333333333335,2026-04-22 10:20:00,10.8,2026,4,22,10:00,20,10:20
20.0,alsogod,1018.24,17.54,2026-04-22 10:21:00,10.8,2026,4,22,10:00,21,10:21
20.0,alsogod,1018.2466666666668,17.546666666666667,2026-04-22 10:22:00,10.8,2026,4,22,10:00,22,10:22
20.0,alsogod,1018.2533333333332,17.553333333333335,2026-04-22 10:23:00,10.8,2026,4,22,10:00,23,10:23
20.0,alsogod,1018.26,17.560000000000002,2026-04-22 10:24:00,10.8,2026,4,22,10:00,24,10:24
20.0,alsogod,1018.2666666666668,17.566666666666666,2026-04-22 10:25:00,10.8,2026,4,22,10:00,25,10:25
20.0,alsogod,1018.2733333333332,17.573333333333334,2026-04-22 10:26:00,10.8,2026,4,22,10:00,26,10:26
20.0,alsogod,1018.28,17.580000000000002,2026-04-22 10:27:00,10.8,2026,4,22,10:00,27,10:27
20.0,alsogod,1018.2866666666666,17.58666666666667,2026-04-22 10:28:00,10.8,2026,4,22,10:00,28,10:28
20.0,alsogod,1018.2933333333332,17.593333333333334,2026-04-22 10:29:00,10.8,2026,4,22,10:00,29,10:29
20.0,alsogod,1018.3,17.6,2026-04-22 10:30:00,10.8,2026,4,22,10:00,30,10:30
20.0,alsogod,1018.3,17.60666666666667,2026-04-22 10:31:00,10.8,2026,4,22,10:00,31,10:31
20.0,alsogod,1018.3,17.613333333333333,2026-04-22 10:32:00,10.8,2026,4,22,10:00,32,10:32
20.0,alsogod,1018.3,17.62,2026-04-22 10:33:00,10.8,2026,4,22,10:00,33,10:33
20.0,alsogod,1018.3,17.62666666666667,2026-04-22 10:34:00,10.8,2026,4,22,10:00,34,10:34
20.0,alsogod,1018.3,17.633333333333333,2026-04-22 10:35:00,10.8,2026,4,22,10:00,35,10:35
20.0,alsogod,1018.3,17.64,2026-04-22 10:36:00,10.8,2026,4,22,10:00,36,10:36
20.0,alsogod,1018.3,17.64666666666667,2026-04-22 10:37:00,10.8,2026,4,22,10:00,37,10:37
20.0,alsogod,1018.3,17.653333333333332,2026-04-22 10:38:00,10.8,2026,4,22,10:00,38,10:38
20.0,alsogod,1018.3,17.66,2026-04-22 10:39:00,10.8,2026,4,22,10:00,39,10:39
20.0,alsogod,1018.3,17.666666666666668,2026-04-22 10:40:00,10.8,2026,4,22,10:00,40,10:40
20.0,alsogod,1018.3,17.673333333333332,2026-04-22 10:41:00,10.8,2026,4,22,10:00,41,10:41
20.0,alsogod,1018.3,17.68,2026-04-22 10:42:00,10.8,2026,4,22,10:00,42,10:42
20.0,alsogod,1018.3,17.686666666666667,2026-04-22 10:43:00,10.8,2026,4,22,10:00,43,10:43
20.0,alsogod,1018.3,17.69333333333333,2026-04-22 10:44:00,10.8,2026,4,22,10:00,44,10:44
20.0,alsogod,1018.3,17.7,2026-04-22 10:45:00,10.8,2026,4,22,10:00,45,10:45
20.0,alsogod,1018.3,17.706666666666667,2026-04-22 10:46:00,10.8,2026,4,22,10:00,46,10:46
20.0,alsogod,1018.3,17.71333333333333,2026-04-22 10:47:00,10.8,2026,4,22,10:00,47,10:47
20.0,alsogod,1018.3,17.72,2026-04-22 10:48:00,10.8,2026,4,22,10:00,48,10:48
20.0,alsogod,1018.3,17.726666666666667,2026-04-22 10:49:00,10.8,2026,4,22,10:00,49,10:49
20.0,alsogod,1018.3,17.733333333333334,2026-04-22 10:50:00,10.8,2026,4,22,10:00,50,10:50
20.0,alsogod,1018.3,17.74,2026-04-22 10:51:00,10.8,2026,4,22,10:00,51,10:51
20.0,alsogod,1018.3,17.746666666666666,2026-04-22 10:52:00,10.8,2026,4,22,10:00,52,10:52
20.0,alsogod,1018.3,17.753333333333334,2026-04-22 10:53:00,10.8,2026,4,22,10:00,53,10:53
20.0,alsogod,1018.3,17.76,2026-04-22 10:54:00,10.8,2026,4,22,10:00,54,10:54
20.0,alsogod,1018.3,17.766666666666666,2026-04-22 10:55:00,10.8,2026,4,22,10:00,55,10:55
20.0,alsogod,1018.3,17.773333333333333,2026-04-22 10:56:00,10.8,2026,4,22,10:00,56,10:56
20.0,alsogod,1018.3,17.78,2026-04-22 10:57:00,10.8,2026,4,22,10:00,57,10:57
20.0,alsogod,1018.3,17.78666666666667,2026-04-22 10:58:00,10.8,2026,4,22,10:00,58,10:58
20.0,alsogod,1018.3,17.793333333333333,2026-04-22 10:59:00,10.8,2026,4,22,10:00,59,10:59
20.0,alsogod,1018.3,17.8,2026-04-22 11:00:00,10.8,2026,4,22,11:00,0,11:00
20.0,alsogod,1018.2933333333332,17.8,2026-04-22 11:01:00,10.8,2026,4,22,11:00,1,11:01
20.0,alsogod,1018.2866666666666,17.8,2026-04-22 11:02:00,10.8,2026,4,22,11:00,2,11:02
20.0,alsogod,1018.28,17.8,2026-04-22 11:03:00,10.8,2026,4,22,11:00,3,11:03
20.0,alsogod,1018.2733333333332,17.8,2026-04-22 11:04:00,10.8,2026,4,22,11:00,4,11:04
20.0,alsogod,1018.2666666666668,17.8,2026-04-22 11:05:00,10.8,2026,4,22,11:00,5,11:05
20.0,alsogod,1018.26,17.8,2026-04-22 11:06:00,10.8,2026,4,22,11:00,6,11:06
20.0,alsogod,1018.2533333333332,17.8,2026-04-22 11:07:00,10.8,2026,4,22,11:00,7,11:07
20.0,alsogod,1018.2466666666668,17.8,2026-04-22 11:08:00,10.8,2026,4,22,11:00,8,11:08
20.0,alsogod,1018.24,17.8,2026-04-22 11:09:00,10.8,2026,4,22,11:00,9,11:09
20.0,alsogod,1018.2333333333332,17.8,2026-04-22 11:10:00,10.8,2026,4,22,11:00,10,11:10
20.0,alsogod,1018.2266666666668,17.8,2026-04-22 11:11:00,10.8,2026,4,22,11:00,11,11:11
20.0,alsogod,1018.22,17.8,2026-04-22 11:12:00,10.8,2026,4,22,11:00,12,11:12
20.0,alsogod,1018.2133333333334,17.8,2026-04-22 11:13:00,10.8,2026,4,22,11:00,13,11:13
20.0,alsogod,1018.2066666666668,17.8,2026-04-22 11:14:00,10.8,2026,4,22,11:00,14,11:14
20.0,alsogod,1018.2,17.8,2026-04-22 11:15:00,10.8,2026,4,22,11:00,15,11:15
20.0,alsogod,1018.1933333333334,17.8,2026-04-22 11:16:00,10.8,2026,4,22,11:00,16,11:16
20.0,alsogod,1018.1866666666668,17.8,2026-04-22 11:17:00,10.8,2026,4,22,11:00,17,11:17
20.0,alsogod,1018.18,17.8,2026-04-22 11:18:00,10.8,2026,4,22,11:00,18,11:18
20.0,alsogod,1018.1733333333334,17.8,2026-04-22 11:19:00,10.8,2026,4,22,11:00,19,11:19
20.0,alsogod,1018.1666666666669,17.8,2026-04-22 11:20:00,10.8,2026,4,22,11:00,20,11:20
20.0,alsogod,1018.16,17.8,2026-04-22 11:21:00,10.8,2026,4,22,11:00,21,11:21
20.0,alsogod,1018.1533333333334,17.8,2026-04-22 11:22:00,10.8,2026,4,22,11:00,22,11:22
20.0,alsogod,1018.1466666666666,17.8,2026-04-22 11:23:00,10.8,2026,4,22,11:00,23,11:23
20.0,alsogod,1018.14,17.8,2026-04-22 11:24:00,10.8,2026,4,22,11:00,24,11:24
20.0,alsogod,1018.1333333333332,17.8,2026-04-22 11:25:00,10.8,2026,4,22,11:00,25,11:25
20.0,alsogod,1018.1266666666668,17.8,2026-04-22 11:26:00,10.8,2026,4,22,11:00,26,11:26
20.0,alsogod,1018.12,17.8,2026-04-22 11:27:00,10.8,2026,4,22,11:00,27,11:27
20.0,alsogod,1018.1133333333332,17.8,2026-04-22 11:28:00,10.8,2026,4,22,11:00,28,11:28
20.0,alsogod,1018.1066666666668,17.8,2026-04-22 11:29:00,10.8,2026,4,22,11:00,29,11:29
20.0,alsogod,1018.1,17.8,2026-04-22 11:30:00,10.8,2026,4,22,11:00,30,11:30
20.0,alsogod,1018.0933333333334,17.8,2026-04-22 11:31:00,10.826666666666668,2026,4,22,11:00,31,11:31
20.0,alsogod,1018.0866666666668,17.8,2026-04-22 11:32:00,10.853333333333332,2026,4,22,11:00,32,11:32
20.0,alsogod,1018.08,17.8,2026-04-22 11:33:00,10.88,2026,4,22,11:00,33,11:33
20.0,alsogod,1018.0733333333334,17.8,2026-04-22 11:34:00,10.906666666666666,2026,4,22,11:00,34,11:34
20.0,alsogod,1018.0666666666668,17.8,2026-04-22 11:35:00,10.933333333333334,2026,4,22,11:00,35,11:35
20.0,alsogod,1018.06,17.8,2026-04-22 11:36:00,10.96,2026,4,22,11:00,36,11:36
20.0,alsogod,1018.0533333333334,17.8,2026-04-22 11:37:00,10.986666666666666,2026,4,22,11:00,37,11:37
20.0,alsogod,1018.0466666666666,17.8,2026-04-22 11:38:00,11.013333333333334,2026,4,22,11:00,38,11:38
20.0,alsogod,1018.04,17.8,2026-04-22 11:39:00,11.04,2026,4,22,11:00,39,11:39
20.0,alsogod,1018.0333333333332,17.8,2026-04-22 11:40:00,11.066666666666666,2026,4,22,11:00,40,11:40
20.0,alsogod,1018.0266666666666,17.8,2026-04-22 11:41:00,11.093333333333334,2026,4,22,11:00,41,11:41
20.0,alsogod,1018.02,17.8,2026-04-22 11:42:00,11.12,2026,4,22,11:00,42,11:42
20.0,alsogod,1018.0133333333332,17.8,2026-04-22 11:43:00,11.146666666666668,2026,4,22,11:00,43,11:43
20.0,alsogod,1018.0066666666668,17.8,2026-04-22 11:44:00,11.173333333333332,2026,4,22,11:00,44,11:44
20.0,alsogod,1018.0,17.8,2026-04-22 11:45:00,11.2,2026,4,22,11:00,45,11:45
20.0,alsogod,1017.9933333333332,17.8,2026-04-22 11:46:00,11.2,2026,4,22,11:00,46,11:46
20.0,alsogod,1017.9866666666668,17.8,2026-04-22 11:47:00,11.2,2026,4,22,11:00,47,11:47
20.0,alsogod,1017.98,17.8,2026-04-22 11:48:00,11.2,2026,4,22,11:00,48,11:48
20.0,alsogod,1017.9733333333334,17.8,2026-04-22 11:49:00,11.2,2026,4,22,11:00,49,11:49
20.0,alsogod,1017.9666666666668,17.8,2026-04-22 11:50:00,11.2,2026,4,22,11:00,50,11:50
20.0,alsogod,1017.96,17.8,2026-04-22 11:51:00,11.2,2026,4,22,11:00,51,11:51
20.0,alsogod,1017.9533333333334,17.8,2026-04-22 11:52:00,11.2,2026,4,22,11:00,52,11:52
20.0,alsogod,1017.9466666666666,17.8,2026-04-22 11:53:00,11.2,2026,4,22,11:00,53,11:53
20.0,alsogod,1017.94,17.8,2026-04-22 11:54:00,11.2,2026,4,22,11:00,54,11:54
20.0,alsogod,1017.9333333333332,17.8,2026-04-22 11:55:00,11.2,2026,4,22,11:00,55,11:55
20.0,alsogod,1017.9266666666666,17.8,2026-04-22 11:56:00,11.2,2026,4,22,11:00,56,11:56
20.0,alsogod,1017.92,17.8,2026-04-22 11:57:00,11.2,2026,4,22,11:00,57,11:57
20.0,alsogod,1017.9133333333332,17.8,2026-04-22 11:58:00,11.2,2026,4,22,11:00,58,11:58
20.0,alsogod,1017.9066666666666,17.8,2026-04-22 11:59:00,11.2,2026,4,22,11:00,59,11:59
20.0,alsogod,1017.9,17.8,2026-04-22 12:00:00,11.2,2026,4,22,12:00,0,12:00
20.0,alsogod,1017.8933333333332,17.8,2026-04-22 12:01:00,11.22,2026,4,22,12:00,1,12:01
20.0,alsogod,1017.8866666666668,17.8,2026-04-22 12:02:00,11.24,2026,4,22,12:00,2,12:02
20.0,alsogod,1017.88,17.8,2026-04-22 12:03:00,11.26,2026,4,22,12:00,3,12:03
20.0,alsogod,1017.8733333333332,17.8,2026-04-22 12:04:00,11.28,2026,4,22,12:00,4,12:04
20.0,alsogod,1017.8666666666668,17.8,2026-04-22 12:05:00,11.3,2026,4,22,12:00,5,12:05
20.0,alsogod,1017.86,17.8,2026-04-22 12:06:00,11.32,2026,4,22,12:00,6,12:06
20.0,alsogod,1017.8533333333334,17.8,2026-04-22 12:07:00,11.34,2026,4,22,12:00,7,12:07
20.0,alsogod,1017.8466666666666,17.8,2026-04-22 12:08:00,11.36,2026,4,22,12:00,8,12:08
20.0,alsogod,1017.84,17.8,2026-04-22 12:09:00,11.38,2026,4,22,12:00,9,12:09
20.0,alsogod,1017.8333333333331,17.8,2026-04-22 12:10:00,11.4,2026,4,22,12:00,10,12:10
20.0,alsogod,1017.8266666666666,17.8,2026-04-22 12:11:00,11.42,2026,4,22,12:00,11,12:11
20.0,alsogod,1017.82,17.8,2026-04-22 12:12:00,11.44,2026,4,22,12:00,12,12:12
20.0,alsogod,1017.8133333333332,17.8,2026-04-22 12:13:00,11.46,2026,4,22,12:00,13,12:13
20.0,alsogod,1017.8066666666666,17.8,2026-04-22 12:14:00,11.48,2026,4,22,12:00,14,12:14
20.0,alsogod,1017.8,17.8,2026-04-22 12:15:00,11.5,2026,4,22,12:00,15,12:15
20.0,alsogod,1017.7933333333332,17.793333333333333,2026-04-22 12:16:00,11.526666666666667,2026,4,22,12:00,16,12:16
20.0,alsogod,1017.7866666666666,17.78666666666667,2026-04-22 12:17:00,11.553333333333333,2026,4,22,12:00,17,12:17
20.0,alsogod,1017.78,17.78,2026-04-22 12:18:00,11.58,2026,4,22,12:00,18,12:18
20.0,alsogod,1017.7733333333332,17.773333333333333,2026-04-22 12:19:00,11.606666666666667,2026,4,22,12:00,19,12:19
20.0,alsogod,1017.7666666666668,17.766666666666666,2026-04-22 12:20:00,11.633333333333333,2026,4,22,12:00,20,12:20
20.0,alsogod,1017.76,17.76,2026-04-22 12:21:00,11.66,2026,4,22,12:00,21,12:21
20.0,alsogod,1017.7533333333332,17.753333333333334,2026-04-22 12:22:00,11.686666666666667,2026,4,22,12:00,22,12:22
20.0,alsogod,1017.7466666666668,17.746666666666666,2026-04-22 12:23:00,11.713333333333331,2026,4,22,12:00,23,12:23
20.0,alsogod,1017.74,17.74,2026-04-22 12:24:00,11.74,2026,4,22,12:00,24,12:24
20.0,alsogod,1017.7333333333332,17.733333333333334,2026-04-22 12:25:00,11.766666666666667,2026,4,22,12:00,25,12:25
20.0,alsogod,1017.7266666666668,17.726666666666667,2026-04-22 12:26:00,11.793333333333331,2026,4,22,12:00,26,12:26
20.0,alsogod,1017.72,17.72,2026-04-22 12:27:00,11.82,2026,4,22,12:00,27,12:27
20.0,alsogod,1017.7133333333334,17.71333333333333,2026-04-22 12:28:00,11.846666666666668,2026,4,22,12:00,28,12:28
20.0,alsogod,1017.7066666666668,17.706666666666667,2026-04-22 12:29:00,11.873333333333331,2026,4,22,12:00,29,12:29
20.0,alsogod,1017.7,17.7,2026-04-22 12:30:00,11.9,2026,4,22,12:00,30,12:30
20.066666666666663,alsogod,1017.6933333333334,17.7,2026-04-22 12:31:00,11.9,2026,4,22,12:00,31,12:31
20.133333333333333,alsogod,1017.6866666666668,17.7,2026-04-22 12:32:00,11.9,2026,4,22,12:00,32,12:32
20.2,alsogod,1017.68,17.7,2026-04-22 12:33:00,11.9,2026,4,22,12:00,33,12:33
20.266666666666666,alsogod,1017.6733333333334,17.7,2026-04-22 12:34:00,11.9,2026,4,22,12:00,34,12:34
20.33333333333333,alsogod,1017.6666666666669,17.7,2026-04-22 12:35:00,11.9,2026,4,22,12:00,35,12:35
20.4,alsogod,1017.66,17.7,2026-04-22 12:36:00,11.9,2026,4,22,12:00,36,12:36
20.466666666666665,alsogod,1017.6533333333334,17.7,2026-04-22 12:37:00,11.9,2026,4,22,12:00,37,12:37
20.53333333333333,alsogod,1017.6466666666666,17.7,2026-04-22 12:38:00,11.9,2026,4,22,12:00,38,12:38
20.6,alsogod,1017.64,17.7,2026-04-22 12:39:00,11.9,2026,4,22,12:00,39,12:39
20.666666666666668,alsogod,1017.6333333333332,17.7,2026-04-22 12:40:00,11.9,2026,4,22,12:00,40,12:40
20.73333333333333,alsogod,1017.6266666666668,17.7,2026-04-22 12:41:00,11.9,2026,4,22,12:00,41,12:41
20.8,alsogod,1017.62,17.7,2026-04-22 12:42:00,11.9,2026,4,22,12:00,42,12:42
20.866666666666667,alsogod,1017.6133333333332,17.7,2026-04-22 12:43:00,11.9,2026,4,22,12:00,43,12:43
20.933333333333334,alsogod,1017.6066666666668,17.7,2026-04-22 12:44:00,11.9,2026,4,22,12:00,44,12:44
21.0,alsogod,1017.6,17.7,2026-04-22 12:45:00,11.9,2026,4,22,12:00,45,12:45
21.0,alsogod,1017.5933333333334,17.69333333333333,2026-04-22 12:46:00,11.92,2026,4,22,12:00,46,12:46
21.0,alsogod,1017.5866666666668,17.686666666666667,2026-04-22 12:47:00,11.94,2026,4,22,12:00,47,12:47
21.0,alsogod,1017.58,17.68,2026-04-22 12:48:00,11.96,2026,4,22,12:00,48,12:48
21.0,alsogod,1017.5733333333334,17.673333333333332,2026-04-22 12:49:00,11.98,2026,4,22,12:00,49,12:49
21.0,alsogod,1017.5666666666668,17.666666666666668,2026-04-22 12:50:00,12.0,2026,4,22,12:00,50,12:50
21.0,alsogod,1017.56,17.66,2026-04-22 12:51:00,12.02,2026,4,22,12:00,51,12:51
21.0,alsogod,1017.5533333333334,17.653333333333332,2026-04-22 12:52:00,12.04,2026,4,22,12:00,52,12:52
21.0,alsogod,1017.5466666666666,17.64666666666667,2026-04-22 12:53:00,12.06,2026,4,22,12:00,53,12:53
21.0,alsogod,1017.54,17.64,2026-04-22 12:54:00,12.08,2026,4,22,12:00,54,12:54
21.0,alsogod,1017.5333333333332,17.633333333333333,2026-04-22 12:55:00,12.1,2026,4,22,12:00,55,12:55
21.0,alsogod,1017.5266666666666,17.62666666666667,2026-04-22 12:56:00,12.12,2026,4,22,12:00,56,12:56
21.0,alsogod,1017.52,17.62,2026-04-22 12:57:00,12.14,2026,4,22,12:00,57,12:57
21.0,alsogod,1017.5133333333332,17.613333333333333,2026-04-22 12:58:00,12.16,2026,4,22,12:00,58,12:58
21.0,alsogod,1017.5066666666668,17.60666666666667,2026-04-22 12:59:00,12.18,2026,4,22,12:00,59,12:59
21.0,alsogod,1017.5,17.6,2026-04-22 13:00:00,12.2,2026,4,22,13:00,0,13:00
21.0,alsogod,1017.4933333333332,17.593333333333334,2026-04-22 13:01:00,12.2,2026,4,22,13:00,1,13:01
21.0,alsogod,1017.4866666666668,17.58666666666667,2026-04-22 13:02:00,12.2,2026,4,22,13:00,2,13:02
21.0,alsogod,1017.48,17.580000000000002,2026-04-22 13:03:00,12.2,2026,4,22,13:00,3,13:03
21.0,alsogod,1017.4733333333334,17.573333333333334,2026-04-22 13:04:00,12.2,2026,4,22,13:00,4,13:04
21.0,alsogod,1017.4666666666668,17.566666666666666,2026-04-22 13:05:00,12.2,2026,4,22,13:00,5,13:05
21.0,alsogod,1017.46,17.560000000000002,2026-04-22 13:06:00,12.2,2026,4,22,13:00,6,13:06
21.0,alsogod,1017.4533333333334,17.553333333333335,2026-04-22 13:07:00,12.2,2026,4,22,13:00,7,13:07
21.0,alsogod,1017.4466666666666,17.546666666666667,2026-04-22 13:08:00,12.2,2026,4,22,13:00,8,13:08
21.0,alsogod,1017.44,17.54,2026-04-22 13:09:00,12.2,2026,4,22,13:00,9,13:09
21.0,alsogod,1017.4333333333332,17.533333333333335,2026-04-22 13:10:00,12.2,2026,4,22,13:00,10,13:10
21.0,alsogod,1017.4266666666666,17.526666666666667,2026-04-22 13:11:00,12.2,2026,4,22,13:00,11,13:11
21.0,alsogod,1017.42,17.52,2026-04-22 13:12:00,12.2,2026,4,22,13:00,12,13:12
21.0,alsogod,1017.4133333333332,17.513333333333332,2026-04-22 13:13:00,12.2,2026,4,22,13:00,13,13:13
21.0,alsogod,1017.4066666666666,17.506666666666668,2026-04-22 13:14:00,12.2,2026,4,22,13:00,14,13:14
21.0,alsogod,1017.4,17.5,2026-04-22 13:15:00,12.2,2026,4,22,13:00,15,13:15
21.066666666666663,alsogod,1017.3933333333332,17.493333333333332,2026-04-22 13:16:00,12.2,2026,4,22,13:00,16,13:16
21.133333333333333,alsogod,1017.3866666666668,17.486666666666668,2026-04-22 13:17:00,12.2,2026,4,22,13:00,17,13:17
21.2,alsogod,1017.38,17.48,2026-04-22 13:18:00,12.2,2026,4,22,13:00,18,13:18
21.266666666666666,alsogod,1017.3733333333332,17.473333333333333,2026-04-22 13:19:00,12.2,2026,4,22,13:00,19,13:19
21.33333333333333,alsogod,1017.3666666666668,17.466666666666665,2026-04-22 13:20:00,12.2,2026,4,22,13:00,20,13:20
21.4,alsogod,1017.36,17.46,2026-04-22 13:21:00,12.2,2026,4,22,13:00,21,13:21
21.466666666666665,alsogod,1017.3533333333334,17.453333333333333,2026-04-22 13:22:00,12.2,2026,4,22,13:00,22,13:22
21.53333333333333,alsogod,1017.3466666666666,17.446666666666665,2026-04-22 13:23:00,12.2,2026,4,22,13:00,23,13:23
21.6,alsogod,1017.34,17.439999999999998,2026-04-22 13:24:00,12.2,2026,4,22,13:00,24,13:24
21.666666666666668,alsogod,1017.3333333333331,17.433333333333334,2026-04-22 13:25:00,12.2,2026,4,22,13:00,25,13:25
21.73333333333333,alsogod,1017.3266666666666,17.426666666666666,2026-04-22 13:26:00,12.2,2026,4,22,13:00,26,13:26
21.8,alsogod,1017.32,17.419999999999998,2026-04-22 13:27:00,12.2,2026,4,22,13:00,27,13:27
21.866666666666667,alsogod,1017.3133333333332,17.41333333333333,2026-04-22 13:28:00,12.2,2026,4,22,13:00,28,13:28
21.933333333333334,alsogod,1017.3066666666666,17.406666666666666,2026-04-22 13:29:00,12.2,2026,4,22,13:00,29,13:29
22.0,alsogod,1017.3,17.4,2026-04-22 13:30:00,12.2,2026,4,22,13:00,30,13:30
22.0,alsogod,1017.2933333333332,17.386666666666667,2026-04-22 13:31:00,12.18,2026,4,22,13:00,31,13:31
22.0,alsogod,1017.2866666666666,17.37333333333333,2026-04-22 13:32:00,12.16,2026,4,22,13:00,32,13:32
22.0,alsogod,1017.28,17.36,2026-04-22 13:33:00,12.14,2026,4,22,13:00,33,13:33
22.0,alsogod,1017.2733333333332,17.346666666666664,2026-04-22 13:34:00,12.12,2026,4,22,13:00,34,13:34
22.0,alsogod,1017.2666666666668,17.333333333333332,2026-04-22 13:35:00,12.1,2026,4,22,13:00,35,13:35
22.0,alsogod,1017.26,17.32,2026-04-22 13:36:00,12.08,2026,4,22,13:00,36,13:36
22.0,alsogod,1017.2533333333332,17.306666666666665,2026-04-22 13:37:00,12.06,2026,4,22,13:00,37,13:37
22.0,alsogod,1017.2466666666668,17.293333333333333,2026-04-22 13:38:00,12.04,2026,4,22,13:00,38,13:38
22.0,alsogod,1017.24,17.279999999999998,2026-04-22 13:39:00,12.02,2026,4,22,13:00,39,13:39
22.0,alsogod,1017.2333333333332,17.266666666666666,2026-04-22 13:40:00,12.0,2026,4,22,13:00,40,13:40
22.0,alsogod,1017.2266666666668,17.253333333333334,2026-04-22 13:41:00,11.98,2026,4,22,13:00,41,13:41
22.0,alsogod,1017.22,17.24,2026-04-22 13:42:00,11.96,2026,4,22,13:00,42,13:42
22.0,alsogod,1017.2133333333334,17.226666666666667,2026-04-22 13:43:00,11.94,2026,4,22,13:00,43,13:43
22.0,alsogod,1017.2066666666668,17.21333333333333,2026-04-22 13:44:00,11.92,2026,4,22,13:00,44,13:44
22.0,alsogod,1017.2,17.2,2026-04-22 13:45:00,11.9,2026,4,22,13:00,45,13:45
22.066666666666663,alsogod,1017.1933333333334,17.19333333333333,2026-04-22 13:46:00,11.9,2026,4,22,13:00,46,13:46
22.133333333333333,alsogod,1017.1866666666668,17.186666666666667,2026-04-22 13:47:00,11.9,2026,4,22,13:00,47,13:47
22.2,alsogod,1017.18,17.18,2026-04-22 13:48:00,11.9,2026,4,22,13:00,48,13:48
22.266666666666666,alsogod,1017.1733333333334,17.173333333333332,2026-04-22 13:49:00,11.9,2026,4,22,13:00,49,13:49
22.33333333333333,alsogod,1017.1666666666669,17.166666666666668,2026-04-22 13:50:00,11.9,2026,4,22,13:00,50,13:50
22.4,alsogod,1017.16,17.16,2026-04-22 13:51:00,11.9,2026,4,22,13:00,51,13:51
22.466666666666665,alsogod,1017.1533333333334,17.153333333333332,2026-04-22 13:52:00,11.9,2026,4,22,13:00,52,13:52
22.53333333333333,alsogod,1017.1466666666666,17.14666666666667,2026-04-22 13:53:00,11.9,2026,4,22,13:00,53,13:53
22.6,alsogod,1017.14,17.14,2026-04-22 13:54:00,11.9,2026,4,22,13:00,54,13:54
22.666666666666668,alsogod,1017.1333333333332,17.133333333333333,2026-04-22 13:55:00,11.9,2026,4,22,13:00,55,13:55
22.73333333333333,alsogod,1017.1266666666668,17.12666666666667,2026-04-22 13:56:00,11.9,2026,4,22,13:00,56,13:56
22.8,alsogod,1017.12,17.12,2026-04-22 13:57:00,11.9,2026,4,22,13:00,57,13:57
22.866666666666667,alsogod,1017.1133333333332,17.113333333333333,2026-04-22 13:58:00,11.9,2026,4,22,13:00,58,13:58
22.933333333333334,alsogod,1017.1066666666668,17.10666666666667,2026-04-22 13:59:00,11.9,2026,4,22,13:00,59,13:59
23.0,alsogod,1017.1,17.1,2026-04-22 14:00:00,11.9,2026,4,22,14:00,0,14:00
23.0,alsogod,1017.1,17.08666666666667,2026-04-22 14:01:00,11.9,2026,4,22,14:00,1,14:01
23.0,alsogod,1017.1,17.073333333333334,2026-04-22 14:02:00,11.9,2026,4,22,14:00,2,14:02
23.0,alsogod,1017.1,17.060000000000002,2026-04-22 14:03:00,11.9,2026,4,22,14:00,3,14:03
23.0,alsogod,1017.1,17.046666666666667,2026-04-22 14:04:00,11.9,2026,4,22,14:00,4,14:04
23.0,alsogod,1017.1,17.033333333333335,2026-04-22 14:05:00,11.9,2026,4,22,14:00,5,14:05
23.0,alsogod,1017.1,17.02,2026-04-22 14:06:00,11.9,2026,4,22,14:00,6,14:06
23.0,alsogod,1017.1,17.006666666666668,2026-04-22 14:07:00,11.9,2026,4,22,14:00,7,14:07
23.0,alsogod,1017.1,16.993333333333332,2026-04-22 14:08:00,11.9,2026,4,22,14:00,8,14:08
23.0,alsogod,1017.1,16.98,2026-04-22 14:09:00,11.9,2026,4,22,14:00,9,14:09
23.0,alsogod,1017.1,16.966666666666665,2026-04-22 14:10:00,11.9,2026,4,22,14:00,10,14:10
23.0,alsogod,1017.1,16.953333333333333,2026-04-22 14:11:00,11.9,2026,4,22,14:00,11,14:11
23.0,alsogod,1017.1,16.939999999999998,2026-04-22 14:12:00,11.9,2026,4,22,14:00,12,14:12
23.0,alsogod,1017.1,16.926666666666666,2026-04-22 14:13:00,11.9,2026,4,22,14:00,13,14:13
23.0,alsogod,1017.1,16.91333333333333,2026-04-22 14:14:00,11.9,2026,4,22,14:00,14,14:14
23.0,alsogod,1017.1,16.9,2026-04-22 14:15:00,11.9,2026,4,22,14:00,15,14:15
23.066666666666663,alsogod,1017.1066666666668,16.886666666666667,2026-04-22 14:16:00,11.92,2026,4,22,14:00,16,14:16
23.133333333333333,alsogod,1017.1133333333332,16.87333333333333,2026-04-22 14:17:00,11.94,2026,4,22,14:00,17,14:17
23.2,alsogod,1017.12,16.86,2026-04-22 14:18:00,11.96,2026,4,22,14:00,18,14:18
23.266666666666666,alsogod,1017.1266666666668,16.846666666666664,2026-04-22 14:19:00,11.98,2026,4,22,14:00,19,14:19
23.33333333333333,alsogod,1017.1333333333332,16.833333333333332,2026-04-22 14:20:00,12.0,2026,4,22,14:00,20,14:20
23.4,alsogod,1017.14,16.82,2026-04-22 14:21:00,12.02,2026,4,22,14:00,21,14:21
23.466666666666665,alsogod,1017.1466666666666,16.806666666666665,2026-04-22 14:22:00,12.04,2026,4,22,14:00,22,14:22
23.53333333333333,alsogod,1017.1533333333334,16.793333333333333,2026-04-22 14:23:00,12.06,2026,4,22,14:00,23,14:23
23.6,alsogod,1017.16,16.779999999999998,2026-04-22 14:24:00,12.08,2026,4,22,14:00,24,14:24
23.666666666666668,alsogod,1017.1666666666669,16.766666666666666,2026-04-22 14:25:00,12.1,2026,4,22,14:00,25,14:25
23.73333333333333,alsogod,1017.1733333333334,16.753333333333334,2026-04-22 14:26:00,12.12,2026,4,22,14:00,26,14:26
23.8,alsogod,1017.18,16.74,2026-04-22 14:27:00,12.14,2026,4,22,14:00,27,14:27
23.866666666666667,alsogod,1017.1866666666668,16.726666666666667,2026-04-22 14:28:00,12.16,2026,4,22,14:00,28,14:28
23.933333333333334,alsogod,1017.1933333333334,16.71333333333333,2026-04-22 14:29:00,12.18,2026,4,22,14:00,29,14:29
24.0,alsogod,1017.2,16.7,2026-04-22 14:30:00,12.2,2026,4,22,14:00,30,14:30
24.0,alsogod,1017.2066666666668,16.686666666666667,2026-04-22 14:31:00,12.226666666666668,2026,4,22,14:00,31,14:31
24.0,alsogod,1017.2133333333334,16.673333333333332,2026-04-22 14:32:00,12.253333333333332,2026,4,22,14:00,32,14:32
24.0,alsogod,1017.22,16.66,2026-04-22 14:33:00,12.28,2026,4,22,14:00,33,14:33
24.0,alsogod,1017.2266666666668,16.646666666666665,2026-04-22 14:34:00,12.306666666666668,2026,4,22,14:00,34,14:34
24.0,alsogod,1017.2333333333332,16.633333333333333,2026-04-22 14:35:00,12.333333333333332,2026,4,22,14:00,35,14:35
24.0,alsogod,1017.24,16.62,2026-04-22 14:36:00,12.36,2026,4,22,14:00,36,14:36
24.0,alsogod,1017.2466666666668,16.606666666666666,2026-04-22 14:37:00,12.386666666666668,2026,4,22,14:00,37,14:37
24.0,alsogod,1017.2533333333332,16.593333333333334,2026-04-22 14:38:00,12.413333333333332,2026,4,22,14:00,38,14:38
24.0,alsogod,1017.26,16.58,2026-04-22 14:39:00,12.44,2026,4,22,14:00,39,14:39
24.0,alsogod,1017.2666666666668,16.566666666666666,2026-04-22 14:40:00,12.466666666666669,2026,4,22,14:00,40,14:40
24.0,alsogod,1017.2733333333332,16.553333333333335,2026-04-22 14:41:00,12.493333333333332,2026,4,22,14:00,41,14:41
24.0,alsogod,1017.28,16.54,2026-04-22 14:42:00,12.52,2026,4,22,14:00,42,14:42
24.0,alsogod,1017.2866666666666,16.526666666666667,2026-04-22 14:43:00,12.546666666666669,2026,4,22,14:00,43,14:43
24.0,alsogod,1017.2933333333332,16.513333333333332,2026-04-22 14:44:00,12.573333333333332,2026,4,22,14:00,44,14:44
24.0,alsogod,1017.3,16.5,2026-04-22 14:45:00,12.6,2026,4,22,14:00,45,14:45
24.066666666666663,alsogod,1017.3066666666666,16.48,2026-04-22 14:46:00,12.6,2026,4,22,14:00,46,14:46
24.133333333333333,alsogod,1017.3133333333332,16.46,2026-04-22 14:47:00,12.6,2026,4,22,14:00,47,14:47
24.2,alsogod,1017.32,16.44,2026-04-22 14:48:00,12.6,2026,4,22,14:00,48,14:48
24.266666666666666,alsogod,1017.3266666666666,16.419999999999998,2026-04-22 14:49:00,12.6,2026,4,22,14:00,49,14:49
24.33333333333333,alsogod,1017.3333333333331,16.4,2026-04-22 14:50:00,12.6,2026,4,22,14:00,50,14:50
24.4,alsogod,1017.34,16.38,2026-04-22 14:51:00,12.6,2026,4,22,14:00,51,14:51
24.466666666666665,alsogod,1017.3466666666666,16.36,2026-04-22 14:52:00,12.6,2026,4,22,14:00,52,14:52
24.53333333333333,alsogod,1017.3533333333334,16.34,2026-04-22 14:53:00,12.6,2026,4,22,14:00,53,14:53
24.6,alsogod,1017.36,16.32,2026-04-22 14:54:00,12.6,2026,4,22,14:00,54,14:54
24.666666666666668,alsogod,1017.3666666666668,16.3,2026-04-22 14:55:00,12.6,2026,4,22,14:00,55,14:55
24.73333333333333,alsogod,1017.3733333333332,16.28,2026-04-22 14:56:00,12.6,2026,4,22,14:00,56,14:56
24.8,alsogod,1017.38,16.259999999999998,2026-04-22 14:57:00,12.6,2026,4,22,14:00,57,14:57
24.866666666666667,alsogod,1017.3866666666668,16.24,2026-04-22 14:58:00,12.6,2026,4,22,14:00,58,14:58
24.933333333333334,alsogod,1017.3933333333332,16.22,2026-04-22 14:59:00,12.6,2026,4,22,14:00,59,14:59
25.0,alsogod,1017.4,16.2,2026-04-22 15:00:00,12.6,2026,4,22,15:00,0,15:00
25.066666666666663,alsogod,1017.4066666666666,16.18,2026-04-22 15:01:00,12.6,2026,4,22,15:00,1,15:01
25.133333333333333,alsogod,1017.4133333333332,16.16,2026-04-22 15:02:00,12.6,2026,4,22,15:00,2,15:02
25.2,alsogod,1017.42,16.14,2026-04-22 15:03:00,12.6,2026,4,22,15:00,3,15:03
25.266666666666666,alsogod,1017.4266666666666,16.12,2026-04-22 15:04:00,12.6,2026,4,22,15:00,4,15:04
25.33333333333333,alsogod,1017.4333333333332,16.1,2026-04-22 15:05:00,12.6,2026,4,22,15:00,5,15:05
25.4,alsogod,1017.44,16.08,2026-04-22 15:06:00,12.6,2026,4,22,15:00,6,15:06
25.466666666666665,alsogod,1017.4466666666666,16.06,2026-04-22 15:07:00,12.6,2026,4,22,15:00,7,15:07
25.53333333333333,alsogod,1017.4533333333334,16.04,2026-04-22 15:08:00,12.6,2026,4,22,15:00,8,15:08
25.6,alsogod,1017.46,16.02,2026-04-22 15:09:00,12.6,2026,4,22,15:00,9,15:09
25.666666666666668,alsogod,1017.4666666666668,16.0,2026-04-22 15:10:00,12.6,2026,4,22,15:00,10,15:10
25.73333333333333,alsogod,1017.4733333333334,15.98,2026-04-22 15:11:00,12.6,2026,4,22,15:00,11,15:11
25.8,alsogod,1017.48,15.96,2026-04-22 15:12:00,12.6,2026,4,22,15:00,12,15:12
25.866666666666667,alsogod,1017.4866666666668,15.94,2026-04-22 15:13:00,12.6,2026,4,22,15:00,13,15:13
25.933333333333334,alsogod,1017.4933333333332,15.92,2026-04-22 15:14:00,12.6,2026,4,22,15:00,14,15:14
26.0,alsogod,1017.5,15.9,2026-04-22 15:15:00,12.6,2026,4,22,15:00,15,15:15
26.133333333333333,alsogod,1017.5133333333332,15.873333333333331,2026-04-22 15:16:00,12.6,2026,4,22,15:00,16,15:16
26.266666666666666,alsogod,1017.5266666666666,15.846666666666668,2026-04-22 15:17:00,12.6,2026,4,22,15:00,17,15:17
26.4,alsogod,1017.54,15.82,2026-04-22 15:18:00,12.6,2026,4,22,15:00,18,15:18
26.53333333333333,alsogod,1017.5533333333334,15.793333333333331,2026-04-22 15:19:00,12.6,2026,4,22,15:00,19,15:19
26.666666666666668,alsogod,1017.5666666666668,15.766666666666667,2026-04-22 15:20:00,12.6,2026,4,22,15:00,20,15:20
26.8,alsogod,1017.58,15.74,2026-04-22 15:21:00,12.6,2026,4,22,15:00,21,15:21
26.933333333333334,alsogod,1017.5933333333334,15.713333333333331,2026-04-22 15:22:00,12.6,2026,4,22,15:00,22,15:22
27.066666666666663,alsogod,1017.6066666666668,15.686666666666667,2026-04-22 15:23:00,12.6,2026,4,22,15:00,23,15:23
27.2,alsogod,1017.62,15.66,2026-04-22 15:24:00,12.6,2026,4,22,15:00,24,15:24
27.33333333333333,alsogod,1017.6333333333332,15.633333333333333,2026-04-22 15:25:00,12.6,2026,4,22,15:00,25,15:25
27.466666666666665,alsogod,1017.6466666666666,15.606666666666667,2026-04-22 15:26:00,12.6,2026,4,22,15:00,26,15:26
27.6,alsogod,1017.66,15.58,2026-04-22 15:27:00,12.6,2026,4,22,15:00,27,15:27
27.73333333333333,alsogod,1017.6733333333334,15.553333333333333,2026-04-22 15:28:00,12.6,2026,4,22,15:00,28,15:28
27.866666666666667,alsogod,1017.6866666666668,15.526666666666667,2026-04-22 15:29:00,12.6,2026,4,22,15:00,29,15:29
28.0,alsogod,1017.7,15.5,2026-04-22 15:30:00,12.6,2026,4,22,15:00,30,15:30
28.133333333333333,alsogod,1017.7133333333334,15.473333333333333,2026-04-22 15:31:00,12.6,2026,4,22,15:00,31,15:31
28.266666666666666,alsogod,1017.7266666666668,15.446666666666667,2026-04-22 15:32:00,12.6,2026,4,22,15:00,32,15:32
28.4,alsogod,1017.74,15.42,2026-04-22 15:33:00,12.6,2026,4,22,15:00,33,15:33
28.53333333333333,alsogod,1017.7533333333332,15.393333333333333,2026-04-22 15:34:00,12.6,2026,4,22,15:00,34,15:34
28.666666666666668,alsogod,1017.7666666666668,15.366666666666667,2026-04-22 15:35:00,12.6,2026,4,22,15:00,35,15:35
28.8,alsogod,1017.78,15.34,2026-04-22 15:36:00,12.6,2026,4,22,15:00,36,15:36
28.933333333333334,alsogod,1017.7933333333332,15.313333333333333,2026-04-22 15:37:00,12.6,2026,4,22,15:00,37,15:37
29.066666666666663,alsogod,1017.8066666666668,15.286666666666669,2026-04-22 15:38:00,12.6,2026,4,22,15:00,38,15:38
29.2,alsogod,1017.82,15.26,2026-04-22 15:39:00,12.6,2026,4,22,15:00,39,15:39
29.33333333333333,alsogod,1017.8333333333334,15.233333333333333,2026-04-22 15:40:00,12.6,2026,4,22,15:00,40,15:40
29.466666666666665,alsogod,1017.8466666666668,15.206666666666669,2026-04-22 15:41:00,12.6,2026,4,22,15:00,41,15:41
29.6,alsogod,1017.86,15.18,2026-04-22 15:42:00,12.6,2026,4,22,15:00,42,15:42
29.73333333333333,alsogod,1017.8733333333332,15.153333333333332,2026-04-22 15:43:00,12.6,2026,4,22,15:00,43,15:43
29.866666666666667,alsogod,1017.8866666666668,15.126666666666669,2026-04-22 15:44:00,12.6,2026,4,22,15:00,44,15:44
30.0,alsogod,1017.9,15.1,2026-04-22 15:45:00,12.6,2026,4,22,15:00,45,15:45
30.066666666666663,alsogod,1017.9133333333332,15.073333333333332,2026-04-22 15:46:00,12.626666666666669,2026,4,22,15:00,46,15:46
30.133333333333333,alsogod,1017.9266666666666,15.046666666666669,2026-04-22 15:47:00,12.653333333333332,2026,4,22,15:00,47,15:47
30.2,alsogod,1017.94,15.02,2026-04-22 15:48:00,12.68,2026,4,22,15:00,48,15:48
30.266666666666666,alsogod,1017.9533333333334,14.993333333333332,2026-04-22 15:49:00,12.706666666666669,2026,4,22,15:00,49,15:49
30.33333333333333,alsogod,1017.9666666666668,14.966666666666669,2026-04-22 15:50:00,12.733333333333333,2026,4,22,15:00,50,15:50
30.4,alsogod,1017.98,14.94,2026-04-22 15:51:00,12.76,2026,4,22,15:00,51,15:51
30.466666666666665,alsogod,1017.9933333333332,14.913333333333332,2026-04-22 15:52:00,12.786666666666669,2026,4,22,15:00,52,15:52
30.53333333333333,alsogod,1018.0066666666668,14.886666666666668,2026-04-22 15:53:00,12.813333333333333,2026,4,22,15:00,53,15:53
30.6,alsogod,1018.02,14.86,2026-04-22 15:54:00,12.84,2026,4,22,15:00,54,15:54
30.666666666666668,alsogod,1018.0333333333332,14.833333333333332,2026-04-22 15:55:00,12.866666666666667,2026,4,22,15:00,55,15:55
30.73333333333333,alsogod,1018.0466666666666,14.806666666666668,2026-04-22 15:56:00,12.893333333333333,2026,4,22,15:00,56,15:56
30.8,alsogod,1018.06,14.78,2026-04-22 15:57:00,12.92,2026,4,22,15:00,57,15:57
30.866666666666667,alsogod,1018.0733333333334,14.753333333333332,2026-04-22 15:58:00,12.946666666666667,2026,4,22,15:00,58,15:58
30.933333333333334,alsogod,1018.0866666666668,14.726666666666668,2026-04-22 15:59:00,12.973333333333333,2026,4,22,15:00,59,15:59
31.0,alsogod,1018.1,14.7,2026-04-22 16:00:00,13.0,2026,4,22,16:00,0,16:00
31.066666666666663,alsogod,1018.1133333333332,14.68,2026-04-22 16:01:00,13.046666666666669,2026,4,22,16:00,1,16:01
31.133333333333333,alsogod,1018.1266666666668,14.66,2026-04-22 16:02:00,13.093333333333334,2026,4,22,16:00,2,16:02
31.2,alsogod,1018.14,14.64,2026-04-22 16:03:00,13.14,2026,4,22,16:00,3,16:03
31.266666666666666,alsogod,1018.1533333333332,14.62,2026-04-22 16:04:00,13.186666666666666,2026,4,22,16:00,4,16:04
31.33333333333333,alsogod,1018.1666666666666,14.6,2026-04-22 16:05:00,13.233333333333333,2026,4,22,16:00,5,16:05
31.4,alsogod,1018.18,14.58,2026-04-22 16:06:00,13.28,2026,4,22,16:00,6,16:06
31.466666666666665,alsogod,1018.1933333333332,14.56,2026-04-22 16:07:00,13.326666666666666,2026,4,22,16:00,7,16:07
31.53333333333333,alsogod,1018.2066666666668,14.54,2026-04-22 16:08:00,13.373333333333331,2026,4,22,16:00,8,16:08
31.6,alsogod,1018.22,14.52,2026-04-22 16:09:00,13.42,2026,4,22,16:00,9,16:09
31.666666666666668,alsogod,1018.2333333333332,14.5,2026-04-22 16:10:00,13.466666666666669,2026,4,22,16:00,10,16:10
31.73333333333333,alsogod,1018.2466666666668,14.48,2026-04-22 16:11:00,13.513333333333332,2026,4,22,16:00,11,16:11
31.8,alsogod,1018.26,14.46,2026-04-22 16:12:00,13.56,2026,4,22,16:00,12,16:12
31.866666666666667,alsogod,1018.2733333333332,14.44,2026-04-22 16:13:00,13.606666666666666,2026,4,22,16:00,13,16:13
31.933333333333334,alsogod,1018.2866666666666,14.42,2026-04-22 16:14:00,13.653333333333332,2026,4,22,16:00,14,16:14
32.0,alsogod,1018.3,14.4,2026-04-22 16:15:00,13.7,2026,4,22,16:00,15,16:15
32.06666666666667,alsogod,1018.3133333333332,14.373333333333331,2026-04-22 16:16:00,13.773333333333332,2026,4,22,16:00,16,16:16
32.13333333333333,alsogod,1018.3266666666666,14.346666666666668,2026-04-22 16:17:00,13.846666666666666,2026,4,22,16:00,17,16:17
32.2,alsogod,1018.34,14.32,2026-04-22 16:18:00,13.92,2026,4,22,16:00,18,16:18
32.266666666666666,alsogod,1018.3533333333334,14.293333333333331,2026-04-22 16:19:00,13.993333333333332,2026,4,22,16:00,19,16:19
32.333333333333336,alsogod,1018.3666666666668,14.266666666666667,2026-04-22 16:20:00,14.066666666666666,2026,4,22,16:00,20,16:20
32.4,alsogod,1018.38,14.24,2026-04-22 16:21:00,14.14,2026,4,22,16:00,21,16:21
32.46666666666667,alsogod,1018.3933333333332,14.213333333333331,2026-04-22 16:22:00,14.213333333333331,2026,4,22,16:00,22,16:22
32.53333333333333,alsogod,1018.4066666666666,14.186666666666667,2026-04-22 16:23:00,14.286666666666669,2026,4,22,16:00,23,16:23
32.6,alsogod,1018.42,14.16,2026-04-22 16:24:00,14.36,2026,4,22,16:00,24,16:24
32.666666666666664,alsogod,1018.4333333333332,14.133333333333333,2026-04-22 16:25:00,14.433333333333334,2026,4,22,16:00,25,16:25
32.733333333333334,alsogod,1018.4466666666666,14.106666666666667,2026-04-22 16:26:00,14.506666666666668,2026,4,22,16:00,26,16:26
32.8,alsogod,1018.46,14.08,2026-04-22 16:27:00,14.58,2026,4,22,16:00,27,16:27
32.86666666666667,alsogod,1018.4733333333334,14.053333333333333,2026-04-22 16:28:00,14.653333333333334,2026,4,22,16:00,28,16:28
32.93333333333333,alsogod,1018.4866666666668,14.026666666666667,2026-04-22 16:29:00,14.726666666666668,2026,4,22,16:00,29,16:29
33.0,alsogod,1018.5,14.0,2026-04-22 16:30:00,14.8,2026,4,22,16:00,30,16:30
33.06666666666667,alsogod,1018.5133333333332,13.98,2026-04-22 16:31:00,14.846666666666668,2026,4,22,16:00,31,16:31
33.13333333333333,alsogod,1018.5266666666666,13.96,2026-04-22 16:32:00,14.893333333333334,2026,4,22,16:00,32,16:32
33.2,alsogod,1018.54,13.94,2026-04-22 16:33:00,14.94,2026,4,22,16:00,33,16:33
33.266666666666666,alsogod,1018.5533333333334,13.92,2026-04-22 16:34:00,14.986666666666666,2026,4,22,16:00,34,16:34
33.333333333333336,alsogod,1018.5666666666668,13.9,2026-04-22 16:35:00,15.033333333333331,2026,4,22,16:00,35,16:35
33.4,alsogod,1018.58,13.88,2026-04-22 16:36:00,15.08,2026,4,22,16:00,36,16:36
33.46666666666667,alsogod,1018.5933333333334,13.86,2026-04-22 16:37:00,15.126666666666669,2026,4,22,16:00,37,16:37
33.53333333333333,alsogod,1018.6066666666668,13.84,2026-04-22 16:38:00,15.173333333333334,2026,4,22,16:00,38,16:38
33.6,alsogod,1018.62,13.82,2026-04-22 16:39:00,15.22,2026,4,22,16:00,39,16:39
33.666666666666664,alsogod,1018.6333333333332,13.8,2026-04-22 16:40:00,15.266666666666667,2026,4,22,16:00,40,16:40
33.733333333333334,alsogod,1018.6466666666666,13.78,2026-04-22 16:41:00,15.313333333333333,2026,4,22,16:00,41,16:41
33.8,alsogod,1018.66,13.76,2026-04-22 16:42:00,15.36,2026,4,22,16:00,42,16:42
33.86666666666667,alsogod,1018.6733333333334,13.74,2026-04-22 16:43:00,15.406666666666666,2026,4,22,16:00,43,16:43
33.93333333333333,alsogod,1018.6866666666668,13.72,2026-04-22 16:44:00,15.453333333333331,2026,4,22,16:00,44,16:44
34.0,alsogod,1018.7,13.7,2026-04-22 16:45:00,15.5,2026,4,22,16:00,45,16:45
34.06666666666667,alsogod,1018.7133333333334,13.68,2026-04-22 16:46:00,15.52,2026,4,22,16:00,46,16:46
34.13333333333333,alsogod,1018.7266666666668,13.66,2026-04-22 16:47:00,15.54,2026,4,22,16:00,47,16:47
34.2,alsogod,1018.74,13.64,2026-04-22 16:48:00,15.56,2026,4,22,16:00,48,16:48
34.266666666666666,alsogod,1018.7533333333332,13.62,2026-04-22 16:49:00,15.58,2026,4,22,16:00,49,16:49
34.333333333333336,alsogod,1018.7666666666668,13.6,2026-04-22 16:50:00,15.6,2026,4,22,16:00,50,16:50
34.4,alsogod,1018.78,13.58,2026-04-22 16:51:00,15.62,2026,4,22,16:00,51,16:51
34.46666666666667,alsogod,1018.7933333333332,13.56,2026-04-22 16:52:00,15.64,2026,4,22,16:00,52,16:52
34.53333333333333,alsogod,1018.8066666666668,13.54,2026-04-22 16:53:00,15.66,2026,4,22,16:00,53,16:53
34.6,alsogod,1018.82,13.52,2026-04-22 16:54:00,15.68,2026,4,22,16:00,54,16:54
34.666666666666664,alsogod,1018.8333333333334,13.5,2026-04-22 16:55:00,15.7,2026,4,22,16:00,55,16:55
34.733333333333334,alsogod,1018.8466666666668,13.48,2026-04-22 16:56:00,15.72,2026,4,22,16:00,56,16:56
34.8,alsogod,1018.86,13.46,2026-04-22 16:57:00,15.74,2026,4,22,16:00,57,16:57
34.86666666666667,alsogod,1018.8733333333332,13.44,2026-04-22 16:58:00,15.76,2026,4,22,16:00,58,16:58
34.93333333333333,alsogod,1018.8866666666668,13.42,2026-04-22 16:59:00,15.78,2026,4,22,16:00,59,16:59
35.0,alsogod,1018.9,13.4,2026-04-22 17:00:00,15.8,2026,4,22,17:00,0,17:00
35.06666666666667,alsogod,1018.9133333333332,13.38,2026-04-22 17:01:00,15.78,2026,4,22,17:00,1,17:01
35.13333333333333,alsogod,1018.9266666666666,13.36,2026-04-22 17:02:00,15.76,2026,4,22,17:00,2,17:02
35.2,alsogod,1018.94,13.34,2026-04-22 17:03:00,15.74,2026,4,22,17:00,3,17:03
35.266666666666666,alsogod,1018.9533333333334,13.32,2026-04-22 17:04:00,15.72,2026,4,22,17:00,4,17:04
35.333333333333336,alsogod,1018.9666666666668,13.3,2026-04-22 17:05:00,15.7,2026,4,22,17:00,5,17:05
35.4,alsogod,1018.98,13.28,2026-04-22 17:06:00,15.68,2026,4,22,17:00,6,17:06
35.46666666666667,alsogod,1018.9933333333332,13.26,2026-04-22 17:07:00,15.66,2026,4,22,17:00,7,17:07
35.53333333333333,alsogod,1019.0066666666668,13.24,2026-04-22 17:08:00,15.64,2026,4,22,17:00,8,17:08
35.6,alsogod,1019.02,13.22,2026-04-22 17:09:00,15.62,2026,4,22,17:00,9,17:09
35.666666666666664,alsogod,1019.0333333333332,13.2,2026-04-22 17:10:00,15.6,2026,4,22,17:00,10,17:10
35.733333333333334,alsogod,1019.0466666666666,13.18,2026-04-22 17:11:00,15.58,2026,4,22,17:00,11,17:11
35.8,alsogod,1019.06,13.16,2026-04-22 17:12:00,15.56,2026,4,22,17:00,12,17:12
35.86666666666667,alsogod,1019.0733333333334,13.14,2026-04-22 17:13:00,15.54,2026,4,22,17:00,13,17:13
35.93333333333333,alsogod,1019.0866666666668,13.12,2026-04-22 17:14:00,15.52,2026,4,22,17:00,14,17:14
36.0,alsogod,1019.1,13.1,2026-04-22 17:15:00,15.5,2026,4,22,17:00,15,17:15
36.06666666666667,alsogod,1019.1133333333332,13.08,2026-04-22 17:16:00,15.426666666666666,2026,4,22,17:00,16,17:16
36.13333333333333,alsogod,1019.1266666666668,13.06,2026-04-22 17:17:00,15.353333333333332,2026,4,22,17:00,17,17:17
36.2,alsogod,1019.14,13.04,2026-04-22 17:18:00,15.28,2026,4,22,17:00,18,17:18
36.266666666666666,alsogod,1019.1533333333332,13.02,2026-04-22 17:19:00,15.206666666666669,2026,4,22,17:00,19,17:19
36.333333333333336,alsogod,1019.1666666666666,13.0,2026-04-22 17:20:00,15.133333333333333,2026,4,22,17:00,20,17:20
36.4,alsogod,1019.18,12.98,2026-04-22 17:21:00,15.06,2026,4,22,17:00,21,17:21
36.46666666666667,alsogod,1019.1933333333332,12.96,2026-04-22 17:22:00,14.986666666666666,2026,4,22,17:00,22,17:22
36.53333333333333,alsogod,1019.2066666666668,12.94,2026-04-22 17:23:00,14.913333333333334,2026,4,22,17:00,23,17:23
36.6,alsogod,1019.22,12.92,2026-04-22 17:24:00,14.84,2026,4,22,17:00,24,17:24
36.66666666666666,alsogod,1019.2333333333332,12.9,2026-04-22 17:25:00,14.766666666666667,2026,4,22,17:00,25,17:25
36.73333333333333,alsogod,1019.2466666666668,12.88,2026-04-22 17:26:00,14.693333333333332,2026,4,22,17:00,26,17:26
36.8,alsogod,1019.26,12.86,2026-04-22 17:27:00,14.62,2026,4,22,17:00,27,17:27
36.86666666666667,alsogod,1019.2733333333332,12.84,2026-04-22 17:28:00,14.546666666666669,2026,4,22,17:00,28,17:28
36.93333333333333,alsogod,1019.2866666666666,12.82,2026-04-22 17:29:00,14.473333333333333,2026,4,22,17:00,29,17:29
37.0,alsogod,1019.3,12.8,2026-04-22 17:30:00,14.4,2026,4,22,17:00,30,17:30
37.06666666666667,alsogod,1019.3133333333332,12.78,2026-04-22 17:31:00,14.326666666666666,2026,4,22,17:00,31,17:31
37.13333333333333,alsogod,1019.3266666666666,12.76,2026-04-22 17:32:00,14.253333333333334,2026,4,22,17:00,32,17:32
37.2,alsogod,1019.34,12.74,2026-04-22 17:33:00,14.18,2026,4,22,17:00,33,17:33
37.266666666666666,alsogod,1019.3533333333334,12.72,2026-04-22 17:34:00,14.106666666666667,2026,4,22,17:00,34,17:34
37.333333333333336,alsogod,1019.3666666666668,12.7,2026-04-22 17:35:00,14.033333333333331,2026,4,22,17:00,35,17:35
37.4,alsogod,1019.38,12.68,2026-04-22 17:36:00,13.96,2026,4,22,17:00,36,17:36
37.46666666666667,alsogod,1019.3933333333332,12.66,2026-04-22 17:37:00,13.886666666666668,2026,4,22,17:00,37,17:37
37.53333333333333,alsogod,1019.4066666666666,12.64,2026-04-22 17:38:00,13.813333333333334,2026,4,22,17:00,38,17:38
37.6,alsogod,1019.42,12.62,2026-04-22 17:39:00,13.74,2026,4,22,17:00,39,17:39
37.66666666666666,alsogod,1019.4333333333332,12.6,2026-04-22 17:40:00,13.666666666666668,2026,4,22,17:00,40,17:40
37.73333333333333,alsogod,1019.4466666666666,12.58,2026-04-22 17:41:00,13.593333333333334,2026,4,22,17:00,41,17:41
37.8,alsogod,1019.46,12.56,2026-04-22 17:42:00,13.52,2026,4,22,17:00,42,17:42
37.86666666666667,alsogod,1019.4733333333334,12.54,2026-04-22 17:43:00,13.446666666666667,2026,4,22,17:00,43,17:43
37.93333333333333,alsogod,1019.4866666666668,12.52,2026-04-22 17:44:00,13.373333333333337,2026,4,22,17:00,44,17:44
38.0,alsogod,1019.5,12.5,2026-04-22 17:45:00,13.3,2026,4,22,17:00,45,17:45
38.06666666666667,alsogod,1019.5066666666668,12.48,2026-04-22 17:46:00,13.226666666666668,2026,4,22,17:00,46,17:46
38.13333333333333,alsogod,1019.5133333333332,12.46,2026-04-22 17:47:00,13.153333333333334,2026,4,22,17:00,47,17:47
38.2,alsogod,1019.52,12.44,2026-04-22 17:48:00,13.08,2026,4,22,17:00,48,17:48
38.266666666666666,alsogod,1019.5266666666666,12.42,2026-04-22 17:49:00,13.006666666666668,2026,4,22,17:00,49,17:49
38.333333333333336,alsogod,1019.5333333333332,12.4,2026-04-22 17:50:00,12.933333333333334,2026,4,22,17:00,50,17:50
38.4,alsogod,1019.54,12.38,2026-04-22 17:51:00,12.86,2026,4,22,17:00,51,17:51
38.46666666666667,alsogod,1019.5466666666666,12.36,2026-04-22 17:52:00,12.786666666666669,2026,4,22,17:00,52,17:52
38.53333333333333,alsogod,1019.5533333333334,12.34,2026-04-22 17:53:00,12.713333333333331,2026,4,22,17:00,53,17:53
38.6,alsogod,1019.56,12.32,2026-04-22 17:54:00,12.64,2026,4,22,17:00,54,17:54
38.66666666666666,alsogod,1019.5666666666668,12.3,2026-04-22 17:55:00,12.566666666666666,2026,4,22,17:00,55,17:55
38.73333333333333,alsogod,1019.5733333333334,12.28,2026-04-22 17:56:00,12.493333333333332,2026,4,22,17:00,56,17:56
38.8,alsogod,1019.58,12.26,2026-04-22 17:57:00,12.42,2026,4,22,17:00,57,17:57
38.86666666666667,alsogod,1019.5866666666668,12.24,2026-04-22 17:58:00,12.346666666666666,2026,4,22,17:00,58,17:58
38.93333333333333,alsogod,1019.5933333333334,12.22,2026-04-22 17:59:00,12.273333333333332,2026,4,22,17:00,59,17:59
39.0,alsogod,1019.6,12.2,2026-04-22 18:00:00,12.2,2026,4,22,18:00,0,18:00
39.06666666666667,alsogod,1019.6066666666668,12.186666666666666,2026-04-22 18:01:00,12.153333333333332,2026,4,22,18:00,1,18:01
39.13333333333333,alsogod,1019.6133333333332,12.173333333333332,2026-04-22 18:02:00,12.106666666666666,2026,4,22,18:00,2,18:02
39.2,alsogod,1019.62,12.16,2026-04-22 18:03:00,12.06,2026,4,22,18:00,3,18:03
39.266666666666666,alsogod,1019.6266666666668,12.146666666666668,2026-04-22 18:04:00,12.013333333333334,2026,4,22,18:00,4,18:04
39.333333333333336,alsogod,1019.6333333333332,12.133333333333333,2026-04-22 18:05:00,11.966666666666669,2026,4,22,18:00,5,18:05
39.4,alsogod,1019.64,12.12,2026-04-22 18:06:00,11.92,2026,4,22,18:00,6,18:06
39.46666666666667,alsogod,1019.6466666666666,12.106666666666666,2026-04-22 18:07:00,11.873333333333331,2026,4,22,18:00,7,18:07
39.53333333333333,alsogod,1019.6533333333334,12.093333333333334,2026-04-22 18:08:00,11.826666666666666,2026,4,22,18:00,8,18:08
39.6,alsogod,1019.66,12.08,2026-04-22 18:09:00,11.78,2026,4,22,18:00,9,18:09
39.66666666666666,alsogod,1019.6666666666669,12.066666666666666,2026-04-22 18:10:00,11.733333333333333,2026,4,22,18:00,10,18:10
39.73333333333333,alsogod,1019.6733333333334,12.053333333333333,2026-04-22 18:11:00,11.686666666666667,2026,4,22,18:00,11,18:11
39.8,alsogod,1019.68,12.04,2026-04-22 18:12:00,11.64,2026,4,22,18:00,12,18:12
39.86666666666667,alsogod,1019.6866666666668,12.026666666666667,2026-04-22 18:13:00,11.593333333333334,2026,4,22,18:00,13,18:13
39.93333333333333,alsogod,1019.6933333333334,12.013333333333334,2026-04-22 18:14:00,11.546666666666669,2026,4,22,18:00,14,18:14
40.0,alsogod,1019.7,12.0,2026-04-22 18:15:00,11.5,2026,4,22,18:00,15,18:15
40.06666666666667,alsogod,1019.7,11.98,2026-04-22 18:16:00,11.48,2026,4,22,18:00,16,18:16
40.13333333333333,alsogod,1019.7,11.96,2026-04-22 18:17:00,11.46,2026,4,22,18:00,17,18:17
40.2,alsogod,1019.7,11.94,2026-04-22 18:18:00,11.44,2026,4,22,18:00,18,18:18
40.266666666666666,alsogod,1019.7,11.92,2026-04-22 18:19:00,11.42,2026,4,22,18:00,19,18:19
40.333333333333336,alsogod,1019.7,11.9,2026-04-22 18:20:00,11.4,2026,4,22,18:00,20,18:20
40.4,alsogod,1019.7,11.88,2026-04-22 18:21:00,11.38,2026,4,22,18:00,21,18:21
40.46666666666667,alsogod,1019.7,11.86,2026-04-22 18:22:00,11.36,2026,4,22,18:00,22,18:22
40.53333333333333,alsogod,1019.7,11.84,2026-04-22 18:23:00,11.34,2026,4,22,18:00,23,18:23
40.6,alsogod,1019.7,11.82,2026-04-22 18:24:00,11.32,2026,4,22,18:00,24,18:24
40.66666666666666,alsogod,1019.7,11.8,2026-04-22 18:25:00,11.3,2026,4,22,18:00,25,18:25
40.73333333333333,alsogod,1019.7,11.78,2026-04-22 18:26:00,11.28,2026,4,22,18:00,26,18:26
40.8,alsogod,1019.7,11.76,2026-04-22 18:27:00,11.26,2026,4,22,18:00,27,18:27
40.86666666666667,alsogod,1019.7,11.74,2026-04-22 18:28:00,11.24,2026,4,22,18:00,28,18:28
40.93333333333333,alsogod,1019.7,11.72,2026-04-22 18:29:00,11.22,2026,4,22,18:00,29,18:29
41.0,alsogod,1019.7,11.7,2026-04-22 18:30:00,11.2,2026,4,22,18:00,30,18:30
41.0,alsogod,1019.7,11.68,2026-04-22 18:31:00,11.173333333333332,2026,4,22,18:00,31,18:31
41.0,alsogod,1019.7,11.66,2026-04-22 18:32:00,11.146666666666668,2026,4,22,18:00,32,18:32
41.0,alsogod,1019.7,11.64,2026-04-22 18:33:00,11.12,2026,4,22,18:00,33,18:33
41.0,alsogod,1019.7,11.62,2026-04-22 18:34:00,11.093333333333334,2026,4,22,18:00,34,18:34
41.0,alsogod,1019.7,11.6,2026-04-22 18:35:00,11.066666666666666,2026,4,22,18:00,35,18:35
41.0,alsogod,1019.7,11.58,2026-04-22 18:36:00,11.04,2026,4,22,18:00,36,18:36
41.0,alsogod,1019.7,11.56,2026-04-22 18:37:00,11.013333333333334,2026,4,22,18:00,37,18:37
41.0,alsogod,1019.7,11.54,2026-04-22 18:38:00,10.986666666666666,2026,4,22,18:00,38,18:38
41.0,alsogod,1019.7,11.52,2026-04-22 18:39:00,10.96,2026,4,22,18:00,39,18:39
41.0,alsogod,1019.7,11.5,2026-04-22 18:40:00,10.933333333333334,2026,4,22,18:00,40,18:40
41.0,alsogod,1019.7,11.48,2026-04-22 18:41:00,10.906666666666666,2026,4,22,18:00,41,18:41
41.0,alsogod,1019.7,11.46,2026-04-22 18:42:00,10.88,2026,4,22,18:00,42,18:42
41.0,alsogod,1019.7,11.44,2026-04-22 18:43:00,10.853333333333332,2026,4,22,18:00,43,18:43
41.0,alsogod,1019.7,11.42,2026-04-22 18:44:00,10.826666666666668,2026,4,22,18:00,44,18:44
41.0,alsogod,1019.7,11.4,2026-04-22 18:45:00,10.8,2026,4,22,18:00,45,18:45
41.06666666666667,alsogod,1019.7066666666668,11.386666666666668,2026-04-22 18:46:00,10.8,2026,4,22,18:00,46,18:46
41.13333333333333,alsogod,1019.7133333333334,11.373333333333331,2026-04-22 18:47:00,10.8,2026,4,22,18:00,47,18:47
41.2,alsogod,1019.72,11.36,2026-04-22 18:48:00,10.8,2026,4,22,18:00,48,18:48
41.266666666666666,alsogod,1019.7266666666668,11.346666666666668,2026-04-22 18:49:00,10.8,2026,4,22,18:00,49,18:49
41.333333333333336,alsogod,1019.7333333333332,11.333333333333334,2026-04-22 18:50:00,10.8,2026,4,22,18:00,50,18:50
41.4,alsogod,1019.74,11.32,2026-04-22 18:51:00,10.8,2026,4,22,18:00,51,18:51
41.46666666666667,alsogod,1019.7466666666668,11.306666666666668,2026-04-22 18:52:00,10.8,2026,4,22,18:00,52,18:52
41.53333333333333,alsogod,1019.7533333333332,11.293333333333331,2026-04-22 18:53:00,10.8,2026,4,22,18:00,53,18:53
41.6,alsogod,1019.76,11.28,2026-04-22 18:54:00,10.8,2026,4,22,18:00,54,18:54
41.66666666666666,alsogod,1019.7666666666668,11.266666666666666,2026-04-22 18:55:00,10.8,2026,4,22,18:00,55,18:55
41.73333333333333,alsogod,1019.7733333333332,11.253333333333332,2026-04-22 18:56:00,10.8,2026,4,22,18:00,56,18:56
41.8,alsogod,1019.78,11.24,2026-04-22 18:57:00,10.8,2026,4,22,18:00,57,18:57
41.86666666666667,alsogod,1019.7866666666666,11.226666666666668,2026-04-22 18:58:00,10.8,2026,4,22,18:00,58,18:58
41.93333333333333,alsogod,1019.7933333333332,11.213333333333331,2026-04-22 18:59:00,10.8,2026,4,22,18:00,59,18:59
42.0,alsogod,1019.8,11.2,2026-04-22 19:00:00,10.8,2026,4,22,19:00,0,19:00
42.0,alsogod,1019.8066666666666,11.193333333333332,2026-04-22 19:01:00,10.8,2026,4,22,19:00,1,19:01
42.0,alsogod,1019.8133333333332,11.186666666666666,2026-04-22 19:02:00,10.8,2026,4,22,19:00,2,19:02
42.0,alsogod,1019.82,11.18,2026-04-22 19:03:00,10.8,2026,4,22,19:00,3,19:03
42.0,alsogod,1019.8266666666666,11.173333333333332,2026-04-22 19:04:00,10.8,2026,4,22,19:00,4,19:04
42.0,alsogod,1019.8333333333331,11.166666666666666,2026-04-22 19:05:00,10.8,2026,4,22,19:00,5,19:05
42.0,alsogod,1019.84,11.16,2026-04-22 19:06:00,10.8,2026,4,22,19:00,6,19:06
42.0,alsogod,1019.8466666666666,11.153333333333332,2026-04-22 19:07:00,10.8,2026,4,22,19:00,7,19:07
42.0,alsogod,1019.8533333333334,11.146666666666668,2026-04-22 19:08:00,10.8,2026,4,22,19:00,8,19:08
42.0,alsogod,1019.86,11.14,2026-04-22 19:09:00,10.8,2026,4,22,19:00,9,19:09
42.0,alsogod,1019.8666666666668,11.133333333333333,2026-04-22 19:10:00,10.8,2026,4,22,19:00,10,19:10
42.0,alsogod,1019.8733333333332,11.126666666666669,2026-04-22 19:11:00,10.8,2026,4,22,19:00,11,19:11
42.0,alsogod,1019.88,11.12,2026-04-22 19:12:00,10.8,2026,4,22,19:00,12,19:12
42.0,alsogod,1019.8866666666668,11.113333333333332,2026-04-22 19:13:00,10.8,2026,4,22,19:00,13,19:13
42.0,alsogod,1019.8933333333332,11.106666666666666,2026-04-22 19:14:00,10.8,2026,4,22,19:00,14,19:14
42.0,alsogod,1019.9,11.1,2026-04-22 19:15:00,10.8,2026,4,22,19:00,15,19:15
42.0,alsogod,1019.9066666666666,11.086666666666666,2026-04-22 19:16:00,10.826666666666668,2026,4,22,19:00,16,19:16
42.0,alsogod,1019.9133333333332,11.073333333333332,2026-04-22 19:17:00,10.853333333333332,2026,4,22,19:00,17,19:17
42.0,alsogod,1019.92,11.06,2026-04-22 19:18:00,10.88,2026,4,22,19:00,18,19:18
42.0,alsogod,1019.9266666666666,11.046666666666669,2026-04-22 19:19:00,10.906666666666666,2026,4,22,19:00,19,19:19
42.0,alsogod,1019.9333333333332,11.033333333333331,2026-04-22 19:20:00,10.933333333333334,2026,4,22,19:00,20,19:20
42.0,alsogod,1019.94,11.02,2026-04-22 19:21:00,10.96,2026,4,22,19:00,21,19:21
42.0,alsogod,1019.9466666666666,11.006666666666666,2026-04-22 19:22:00,10.986666666666666,2026,4,22,19:00,22,19:22
42.0,alsogod,1019.9533333333334,10.993333333333334,2026-04-22 19:23:00,11.013333333333334,2026,4,22,19:00,23,19:23
42.0,alsogod,1019.96,10.98,2026-04-22 19:24:00,11.04,2026,4,22,19:00,24,19:24
42.0,alsogod,1019.9666666666668,10.966666666666669,2026-04-22 19:25:00,11.066666666666666,2026,4,22,19:00,25,19:25
42.0,alsogod,1019.9733333333334,10.953333333333331,2026-04-22 19:26:00,11.093333333333334,2026,4,22,19:00,26,19:26
42.0,alsogod,1019.98,10.94,2026-04-22 19:27:00,11.12,2026,4,22,19:00,27,19:27
42.0,alsogod,1019.9866666666668,10.926666666666668,2026-04-22 19:28:00,11.146666666666668,2026,4,22,19:00,28,19:28
42.0,alsogod,1019.9933333333332,10.913333333333334,2026-04-22 19:29:00,11.173333333333332,2026,4,22,19:00,29,19:29
42.0,alsogod,1020.0,10.9,2026-04-22 19:30:00,11.2,2026,4,22,19:00,30,19:30
42.0,alsogod,1020.0066666666668,10.893333333333334,2026-04-22 19:31:00,11.22,2026,4,22,19:00,31,19:31
42.0,alsogod,1020.0133333333332,10.886666666666668,2026-04-22 19:32:00,11.24,2026,4,22,19:00,32,19:32
42.0,alsogod,1020.02,10.88,2026-04-22 19:33:00,11.26,2026,4,22,19:00,33,19:33
42.0,alsogod,1020.0266666666666,10.873333333333331,2026-04-22 19:34:00,11.28,2026,4,22,19:00,34,19:34
42.0,alsogod,1020.0333333333332,10.866666666666667,2026-04-22 19:35:00,11.3,2026,4,22,19:00,35,19:35
42.0,alsogod,1020.04,10.86,2026-04-22 19:36:00,11.32,2026,4,22,19:00,36,19:36
42.0,alsogod,1020.0466666666666,10.853333333333332,2026-04-22 19:37:00,11.34,2026,4,22,19:00,37,19:37
42.0,alsogod,1020.0533333333334,10.846666666666668,2026-04-22 19:38:00,11.36,2026,4,22,19:00,38,19:38
42.0,alsogod,1020.06,10.84,2026-04-22 19:39:00,11.38,2026,4,22,19:00,39,19:39
42.0,alsogod,1020.0666666666668,10.833333333333334,2026-04-22 19:40:00,11.4,2026,4,22,19:00,40,19:40
42.0,alsogod,1020.0733333333334,10.826666666666668,2026-04-22 19:41:00,11.42,2026,4,22,19:00,41,19:41
42.0,alsogod,1020.08,10.82,2026-04-22 19:42:00,11.44,2026,4,22,19:00,42,19:42
42.0,alsogod,1020.0866666666668,10.813333333333334,2026-04-22 19:43:00,11.46,2026,4,22,19:00,43,19:43
42.0,alsogod,1020.0933333333334,10.806666666666668,2026-04-22 19:44:00,11.48,2026,4,22,19:00,44,19:44
42.0,alsogod,1020.1,10.8,2026-04-22 19:45:00,11.5,2026,4,22,19:00,45,19:45
42.0,alsogod,1020.1066666666668,10.793333333333337,2026-04-22 19:46:00,11.526666666666667,2026,4,22,19:00,46,19:46
42.0,alsogod,1020.1133333333332,10.786666666666669,2026-04-22 19:47:00,11.553333333333333,2026,4,22,19:00,47,19:47
42.0,alsogod,1020.12,10.78,2026-04-22 19:48:00,11.58,2026,4,22,19:00,48,19:48
42.0,alsogod,1020.1266666666668,10.773333333333332,2026-04-22 19:49:00,11.606666666666667,2026,4,22,19:00,49,19:49
42.0,alsogod,1020.1333333333332,10.766666666666667,2026-04-22 19:50:00,11.633333333333333,2026,4,22,19:00,50,19:50
42.0,alsogod,1020.14,10.76,2026-04-22 19:51:00,11.66,2026,4,22,19:00,51,19:51
42.0,alsogod,1020.1466666666666,10.753333333333334,2026-04-22 19:52:00,11.686666666666667,2026,4,22,19:00,52,19:52
42.0,alsogod,1020.1533333333334,10.746666666666666,2026-04-22 19:53:00,11.713333333333331,2026,4,22,19:00,53,19:53
42.0,alsogod,1020.16,10.74,2026-04-22 19:54:00,11.74,2026,4,22,19:00,54,19:54
42.0,alsogod,1020.1666666666669,10.733333333333333,2026-04-22 19:55:00,11.766666666666667,2026,4,22,19:00,55,19:55
42.0,alsogod,1020.1733333333334,10.726666666666668,2026-04-22 19:56:00,11.793333333333331,2026,4,22,19:00,56,19:56
42.0,alsogod,1020.18,10.72,2026-04-22 19:57:00,11.82,2026,4,22,19:00,57,19:57
42.0,alsogod,1020.1866666666668,10.713333333333331,2026-04-22 19:58:00,11.846666666666668,2026,4,22,19:00,58,19:58
42.0,alsogod,1020.1933333333334,10.706666666666663,2026-04-22 19:59:00,11.873333333333331,2026,4,22,19:00,59,19:59
42.0,alsogod,1020.2,10.7,2026-04-22 20:00:00,11.9,2026,4,22,20:00,0,20:00
42.0,alsogod,1020.2066666666668,10.693333333333332,2026-04-22 20:01:00,11.9,2026,4,22,20:00,1,20:01
42.0,alsogod,1020.2133333333334,10.686666666666666,2026-04-22 20:02:00,11.9,2026,4,22,20:00,2,20:02
42.0,alsogod,1020.22,10.68,2026-04-22 20:03:00,11.9,2026,4,22,20:00,3,20:03
42.0,alsogod,1020.2266666666668,10.673333333333332,2026-04-22 20:04:00,11.9,2026,4,22,20:00,4,20:04
42.0,alsogod,1020.2333333333332,10.666666666666666,2026-04-22 20:05:00,11.9,2026,4,22,20:00,5,20:05
42.0,alsogod,1020.24,10.66,2026-04-22 20:06:00,11.9,2026,4,22,20:00,6,20:06
42.0,alsogod,1020.2466666666668,10.653333333333332,2026-04-22 20:07:00,11.9,2026,4,22,20:00,7,20:07
42.0,alsogod,1020.2533333333332,10.646666666666668,2026-04-22 20:08:00,11.9,2026,4,22,20:00,8,20:08
42.0,alsogod,1020.26,10.64,2026-04-22 20:09:00,11.9,2026,4,22,20:00,9,20:09
42.0,alsogod,1020.2666666666668,10.633333333333333,2026-04-22 20:10:00,11.9,2026,4,22,20:00,10,20:10
42.0,alsogod,1020.2733333333332,10.626666666666669,2026-04-22 20:11:00,11.9,2026,4,22,20:00,11,20:11
42.0,alsogod,1020.28,10.62,2026-04-22 20:12:00,11.9,2026,4,22,20:00,12,20:12
42.0,alsogod,1020.2866666666666,10.613333333333332,2026-04-22 20:13:00,11.9,2026,4,22,20:00,13,20:13
42.0,alsogod,1020.2933333333332,10.606666666666666,2026-04-22 20:14:00,11.9,2026,4,22,20:00,14,20:14
42.0,alsogod,1020.3,10.6,2026-04-22 20:15:00,11.9,2026,4,22,20:00,15,20:15
42.0,alsogod,1020.3,10.593333333333334,2026-04-22 20:16:00,11.873333333333331,2026,4,22,20:00,16,20:16
42.0,alsogod,1020.3,10.586666666666666,2026-04-22 20:17:00,11.846666666666668,2026,4,22,20:00,17,20:17
42.0,alsogod,1020.3,10.58,2026-04-22 20:18:00,11.82,2026,4,22,20:00,18,20:18
42.0,alsogod,1020.3,10.573333333333332,2026-04-22 20:19:00,11.793333333333331,2026,4,22,20:00,19,20:19
42.0,alsogod,1020.3,10.566666666666666,2026-04-22 20:20:00,11.766666666666667,2026,4,22,20:00,20,20:20
42.0,alsogod,1020.3,10.56,2026-04-22 20:21:00,11.74,2026,4,22,20:00,21,20:21
42.0,alsogod,1020.3,10.553333333333333,2026-04-22 20:22:00,11.713333333333331,2026,4,22,20:00,22,20:22
42.0,alsogod,1020.3,10.546666666666669,2026-04-22 20:23:00,11.686666666666667,2026,4,22,20:00,23,20:23
42.0,alsogod,1020.3,10.54,2026-04-22 20:24:00,11.66,2026,4,22,20:00,24,20:24
42.0,alsogod,1020.3,10.533333333333331,2026-04-22 20:25:00,11.633333333333333,2026,4,22,20:00,25,20:25
42.0,alsogod,1020.3,10.526666666666667,2026-04-22 20:26:00,11.606666666666667,2026,4,22,20:00,26,20:26
42.0,alsogod,1020.3,10.52,2026-04-22 20:27:00,11.58,2026,4,22,20:00,27,20:27
42.0,alsogod,1020.3,10.513333333333334,2026-04-22 20:28:00,11.553333333333333,2026,4,22,20:00,28,20:28
42.0,alsogod,1020.3,10.506666666666666,2026-04-22 20:29:00,11.526666666666667,2026,4,22,20:00,29,20:29
42.0,alsogod,1020.3,10.5,2026-04-22 20:30:00,11.5,2026,4,22,20:00,30,20:30
42.0,alsogod,1020.3066666666666,10.486666666666666,2026-04-22 20:31:00,11.48,2026,4,22,20:00,31,20:31
42.0,alsogod,1020.3133333333332,10.473333333333333,2026-04-22 20:32:00,11.46,2026,4,22,20:00,32,20:32
42.0,alsogod,1020.32,10.46,2026-04-22 20:33:00,11.44,2026,4,22,20:00,33,20:33
42.0,alsogod,1020.3266666666666,10.446666666666667,2026-04-22 20:34:00,11.42,2026,4,22,20:00,34,20:34
42.0,alsogod,1020.3333333333331,10.433333333333334,2026-04-22 20:35:00,11.4,2026,4,22,20:00,35,20:35
42.0,alsogod,1020.34,10.42,2026-04-22 20:36:00,11.38,2026,4,22,20:00,36,20:36
42.0,alsogod,1020.3466666666666,10.406666666666666,2026-04-22 20:37:00,11.36,2026,4,22,20:00,37,20:37
42.0,alsogod,1020.3533333333334,10.393333333333334,2026-04-22 20:38:00,11.34,2026,4,22,20:00,38,20:38
42.0,alsogod,1020.36,10.38,2026-04-22 20:39:00,11.32,2026,4,22,20:00,39,20:39
42.0,alsogod,1020.3666666666668,10.366666666666667,2026-04-22 20:40:00,11.3,2026,4,22,20:00,40,20:40
42.0,alsogod,1020.3733333333332,10.353333333333332,2026-04-22 20:41:00,11.28,2026,4,22,20:00,41,20:41
42.0,alsogod,1020.38,10.34,2026-04-22 20:42:00,11.26,2026,4,22,20:00,42,20:42
42.0,alsogod,1020.3866666666668,10.326666666666668,2026-04-22 20:43:00,11.24,2026,4,22,20:00,43,20:43
42.0,alsogod,1020.3933333333332,10.313333333333334,2026-04-22 20:44:00,11.22,2026,4,22,20:00,44,20:44
42.0,alsogod,1020.4,10.3,2026-04-22 20:45:00,11.2,2026,4,22,20:00,45,20:45
42.0,alsogod,1020.4,10.293333333333337,2026-04-22 20:46:00,11.2,2026,4,22,20:00,46,20:46
42.0,alsogod,1020.4,10.286666666666669,2026-04-22 20:47:00,11.2,2026,4,22,20:00,47,20:47
42.0,alsogod,1020.4,10.28,2026-04-22 20:48:00,11.2,2026,4,22,20:00,48,20:48
42.0,alsogod,1020.4,10.273333333333332,2026-04-22 20:49:00,11.2,2026,4,22,20:00,49,20:49
42.0,alsogod,1020.4,10.266666666666667,2026-04-22 20:50:00,11.2,2026,4,22,20:00,50,20:50
42.0,alsogod,1020.4,10.26,2026-04-22 20:51:00,11.2,2026,4,22,20:00,51,20:51
42.0,alsogod,1020.4,10.253333333333334,2026-04-22 20:52:00,11.2,2026,4,22,20:00,52,20:52
42.0,alsogod,1020.4,10.246666666666666,2026-04-22 20:53:00,11.2,2026,4,22,20:00,53,20:53
42.0,alsogod,1020.4,10.24,2026-04-22 20:54:00,11.2,2026,4,22,20:00,54,20:54
42.0,alsogod,1020.4,10.233333333333333,2026-04-22 20:55:00,11.2,2026,4,22,20:00,55,20:55
42.0,alsogod,1020.4,10.226666666666668,2026-04-22 20:56:00,11.2,2026,4,22,20:00,56,20:56
42.0,alsogod,1020.4,10.22,2026-04-22 20:57:00,11.2,2026,4,22,20:00,57,20:57
42.0,alsogod,1020.4,10.213333333333331,2026-04-22 20:58:00,11.2,2026,4,22,20:00,58,20:58
42.0,alsogod,1020.4,10.206666666666663,2026-04-22 20:59:00,11.2,2026,4,22,20:00,59,20:59
42.0,alsogod,1020.4,10.2,2026-04-22 21:00:00,11.2,2026,4,22,21:00,0,21:00
42.0,alsogod,1020.4,10.193333333333332,2026-04-22 21:01:00,11.2,2026,4,22,21:00,1,21:01
42.0,alsogod,1020.4,10.186666666666666,2026-04-22 21:02:00,11.2,2026,4,22,21:00,2,21:02
42.0,alsogod,1020.4,10.18,2026-04-22 21:03:00,11.2,2026,4,22,21:00,3,21:03
42.0,alsogod,1020.4,10.173333333333332,2026-04-22 21:04:00,11.2,2026,4,22,21:00,4,21:04
42.0,alsogod,1020.4,10.166666666666666,2026-04-22 21:05:00,11.2,2026,4,22,21:00,5,21:05
42.0,alsogod,1020.4,10.16,2026-04-22 21:06:00,11.2,2026,4,22,21:00,6,21:06
42.0,alsogod,1020.4,10.153333333333332,2026-04-22 21:07:00,11.2,2026,4,22,21:00,7,21:07
42.0,alsogod,1020.4,10.146666666666668,2026-04-22 21:08:00,11.2,2026,4,22,21:00,8,21:08
42.0,alsogod,1020.4,10.14,2026-04-22 21:09:00,11.2,2026,4,22,21:00,9,21:09
42.0,alsogod,1020.4,10.133333333333333,2026-04-22 21:10:00,11.2,2026,4,22,21:00,10,21:10
42.0,alsogod,1020.4,10.126666666666669,2026-04-22 21:11:00,11.2,2026,4,22,21:00,11,21:11
42.0,alsogod,1020.4,10.12,2026-04-22 21:12:00,11.2,2026,4,22,21:00,12,21:12
42.0,alsogod,1020.4,10.113333333333332,2026-04-22 21:13:00,11.2,2026,4,22,21:00,13,21:13
42.0,alsogod,1020.4,10.106666666666666,2026-04-22 21:14:00,11.2,2026,4,22,21:00,14,21:14
42.0,alsogod,1020.4,10.1,2026-04-22 21:15:00,11.2,2026,4,22,21:00,15,21:15
41.93333333333333,alsogod,1020.4,10.093333333333334,2026-04-22 21:16:00,11.22,2026,4,22,21:00,16,21:16
41.86666666666667,alsogod,1020.4,10.086666666666666,2026-04-22 21:17:00,11.24,2026,4,22,21:00,17,21:17
41.8,alsogod,1020.4,10.08,2026-04-22 21:18:00,11.26,2026,4,22,21:00,18,21:18
41.73333333333333,alsogod,1020.4,10.073333333333332,2026-04-22 21:19:00,11.28,2026,4,22,21:00,19,21:19
41.66666666666666,alsogod,1020.4,10.066666666666666,2026-04-22 21:20:00,11.3,2026,4,22,21:00,20,21:20
41.6,alsogod,1020.4,10.06,2026-04-22 21:21:00,11.32,2026,4,22,21:00,21,21:21
41.53333333333333,alsogod,1020.4,10.053333333333333,2026-04-22 21:22:00,11.34,2026,4,22,21:00,22,21:22
41.46666666666667,alsogod,1020.4,10.046666666666669,2026-04-22 21:23:00,11.36,2026,4,22,21:00,23,21:23
41.4,alsogod,1020.4,10.04,2026-04-22 21:24:00,11.38,2026,4,22,21:00,24,21:24
41.333333333333336,alsogod,1020.4,10.033333333333331,2026-04-22 21:25:00,11.4,2026,4,22,21:00,25,21:25
41.266666666666666,alsogod,1020.4,10.026666666666667,2026-04-22 21:26:00,11.42,2026,4,22,21:00,26,21:26
41.2,alsogod,1020.4,10.02,2026-04-22 21:27:00,11.44,2026,4,22,21:00,27,21:27
41.13333333333333,alsogod,1020.4,10.013333333333334,2026-04-22 21:28:00,11.46,2026,4,22,21:00,28,21:28
41.06666666666667,alsogod,1020.4,10.006666666666666,2026-04-22 21:29:00,11.48,2026,4,22,21:00,29,21:29
41.0,alsogod,1020.4,10.0,2026-04-22 21:30:00,11.5,2026,4,22,21:00,30,21:30
41.0,alsogod,1020.4,9.993333333333334,2026-04-22 21:31:00,11.5,2026,4,22,21:00,31,21:31
41.0,alsogod,1020.4,9.986666666666666,2026-04-22 21:32:00,11.5,2026,4,22,21:00,32,21:32
41.0,alsogod,1020.4,9.98,2026-04-22 21:33:00,11.5,2026,4,22,21:00,33,21:33
41.0,alsogod,1020.4,9.973333333333333,2026-04-22 21:34:00,11.5,2026,4,22,21:00,34,21:34
41.0,alsogod,1020.4,9.966666666666669,2026-04-22 21:35:00,11.5,2026,4,22,21:00,35,21:35
41.0,alsogod,1020.4,9.96,2026-04-22 21:36:00,11.5,2026,4,22,21:00,36,21:36
41.0,alsogod,1020.4,9.953333333333331,2026-04-22 21:37:00,11.5,2026,4,22,21:00,37,21:37
41.0,alsogod,1020.4,9.946666666666667,2026-04-22 21:38:00,11.5,2026,4,22,21:00,38,21:38
41.0,alsogod,1020.4,9.94,2026-04-22 21:39:00,11.5,2026,4,22,21:00,39,21:39
41.0,alsogod,1020.4,9.933333333333334,2026-04-22 21:40:00,11.5,2026,4,22,21:00,40,21:40
41.0,alsogod,1020.4,9.926666666666668,2026-04-22 21:41:00,11.5,2026,4,22,21:00,41,21:41
41.0,alsogod,1020.4,9.92,2026-04-22 21:42:00,11.5,2026,4,22,21:00,42,21:42
41.0,alsogod,1020.4,9.913333333333334,2026-04-22 21:43:00,11.5,2026,4,22,21:00,43,21:43
41.0,alsogod,1020.4,9.906666666666666,2026-04-22 21:44:00,11.5,2026,4,22,21:00,44,21:44
41.0,alsogod,1020.4,9.9,2026-04-22 21:45:00,11.5,2026,4,22,21:00,45,21:45
41.0,alsogod,1020.4,9.893333333333334,2026-04-22 21:46:00,11.5,2026,4,22,21:00,46,21:46
41.0,alsogod,1020.4,9.886666666666668,2026-04-22 21:47:00,11.5,2026,4,22,21:00,47,21:47
41.0,alsogod,1020.4,9.88,2026-04-22 21:48:00,11.5,2026,4,22,21:00,48,21:48
41.0,alsogod,1020.4,9.873333333333331,2026-04-22 21:49:00,11.5,2026,4,22,21:00,49,21:49
41.0,alsogod,1020.4,9.866666666666667,2026-04-22 21:50:00,11.5,2026,4,22,21:00,50,21:50
41.0,alsogod,1020.4,9.86,2026-04-22 21:51:00,11.5,2026,4,22,21:00,51,21:51
41.0,alsogod,1020.4,9.853333333333332,2026-04-22 21:52:00,11.5,2026,4,22,21:00,52,21:52
41.0,alsogod,1020.4,9.846666666666668,2026-04-22 21:53:00,11.5,2026,4,22,21:00,53,21:53
41.0,alsogod,1020.4,9.84,2026-04-22 21:54:00,11.5,2026,4,22,21:00,54,21:54
41.0,alsogod,1020.4,9.833333333333334,2026-04-22 21:55:00,11.5,2026,4,22,21:00,55,21:55
41.0,alsogod,1020.4,9.826666666666668,2026-04-22 21:56:00,11.5,2026,4,22,21:00,56,21:56
41.0,alsogod,1020.4,9.82,2026-04-22 21:57:00,11.5,2026,4,22,21:00,57,21:57
41.0,alsogod,1020.4,9.813333333333334,2026-04-22 21:58:00,11.5,2026,4,22,21:00,58,21:58
41.0,alsogod,1020.4,9.806666666666668,2026-04-22 21:59:00,11.5,2026,4,22,21:00,59,21:59
41.0,alsogod,1020.4,9.8,2026-04-22 22:00:00,11.5,2026,4,22,22:00,0,22:00
41.0,alsogod,1020.3933333333332,9.793333333333337,2026-04-22 22:01:00,11.5,2026,4,22,22:00,1,22:01
41.0,alsogod,1020.3866666666668,9.786666666666669,2026-04-22 22:02:00,11.5,2026,4,22,22:00,2,22:02
41.0,alsogod,1020.38,9.78,2026-04-22 22:03:00,11.5,2026,4,22,22:00,3,22:03
41.0,alsogod,1020.3733333333332,9.773333333333332,2026-04-22 22:04:00,11.5,2026,4,22,22:00,4,22:04
41.0,alsogod,1020.3666666666668,9.766666666666667,2026-04-22 22:05:00,11.5,2026,4,22,22:00,5,22:05
41.0,alsogod,1020.36,9.76,2026-04-22 22:06:00,11.5,2026,4,22,22:00,6,22:06
41.0,alsogod,1020.3533333333334,9.753333333333334,2026-04-22 22:07:00,11.5,2026,4,22,22:00,7,22:07
41.0,alsogod,1020.3466666666666,9.746666666666666,2026-04-22 22:08:00,11.5,2026,4,22,22:00,8,22:08
41.0,alsogod,1020.34,9.74,2026-04-22 22:09:00,11.5,2026,4,22,22:00,9,22:09
41.0,alsogod,1020.3333333333331,9.733333333333333,2026-04-22 22:10:00,11.5,2026,4,22,22:00,10,22:10
41.0,alsogod,1020.3266666666666,9.726666666666668,2026-04-22 22:11:00,11.5,2026,4,22,22:00,11,22:11
41.0,alsogod,1020.32,9.72,2026-04-22 22:12:00,11.5,2026,4,22,22:00,12,22:12
41.0,alsogod,1020.3133333333332,9.713333333333331,2026-04-22 22:13:00,11.5,2026,4,22,22:00,13,22:13
41.0,alsogod,1020.3066666666666,9.706666666666663,2026-04-22 22:14:00,11.5,2026,4,22,22:00,14,22:14
41.0,alsogod,1020.3,9.7,2026-04-22 22:15:00,11.5,2026,4,22,22:00,15,22:15
41.0,alsogod,1020.2933333333332,9.693333333333332,2026-04-22 22:16:00,11.48,2026,4,22,22:00,16,22:16
41.0,alsogod,1020.2866666666666,9.686666666666666,2026-04-22 22:17:00,11.46,2026,4,22,22:00,17,22:17
41.0,alsogod,1020.28,9.68,2026-04-22 22:18:00,11.44,2026,4,22,22:00,18,22:18
41.0,alsogod,1020.2733333333332,9.673333333333332,2026-04-22 22:19:00,11.42,2026,4,22,22:00,19,22:19
41.0,alsogod,1020.2666666666668,9.666666666666666,2026-04-22 22:20:00,11.4,2026,4,22,22:00,20,22:20
41.0,alsogod,1020.26,9.66,2026-04-22 22:21:00,11.38,2026,4,22,22:00,21,22:21
41.0,alsogod,1020.2533333333332,9.653333333333332,2026-04-22 22:22:00,11.36,2026,4,22,22:00,22,22:22
41.0,alsogod,1020.2466666666668,9.646666666666668,2026-04-22 22:23:00,11.34,2026,4,22,22:00,23,22:23
41.0,alsogod,1020.24,9.64,2026-04-22 22:24:00,11.32,2026,4,22,22:00,24,22:24
41.0,alsogod,1020.2333333333332,9.633333333333333,2026-04-22 22:25:00,11.3,2026,4,22,22:00,25,22:25
41.0,alsogod,1020.2266666666668,9.626666666666669,2026-04-22 22:26:00,11.28,2026,4,22,22:00,26,22:26
41.0,alsogod,1020.22,9.62,2026-04-22 22:27:00,11.26,2026,4,22,22:00,27,22:27
41.0,alsogod,1020.2133333333334,9.613333333333332,2026-04-22 22:28:00,11.24,2026,4,22,22:00,28,22:28
41.0,alsogod,1020.2066666666668,9.606666666666666,2026-04-22 22:29:00,11.22,2026,4,22,22:00,29,22:29
41.0,alsogod,1020.2,9.6,2026-04-22 22:30:00,11.2,2026,4,22,22:00,30,22:30
41.06666666666667,alsogod,1020.1933333333334,9.593333333333334,2026-04-22 22:31:00,11.173333333333332,2026,4,22,22:00,31,22:31
41.13333333333333,alsogod,1020.1866666666668,9.586666666666666,2026-04-22 22:32:00,11.146666666666668,2026,4,22,22:00,32,22:32
41.2,alsogod,1020.18,9.58,2026-04-22 22:33:00,11.12,2026,4,22,22:00,33,22:33
41.266666666666666,alsogod,1020.1733333333334,9.573333333333332,2026-04-22 22:34:00,11.093333333333334,2026,4,22,22:00,34,22:34
41.333333333333336,alsogod,1020.1666666666669,9.566666666666666,2026-04-22 22:35:00,11.066666666666666,2026,4,22,22:00,35,22:35
41.4,alsogod,1020.16,9.56,2026-04-22 22:36:00,11.04,2026,4,22,22:00,36,22:36
41.46666666666667,alsogod,1020.1533333333334,9.553333333333333,2026-04-22 22:37:00,11.013333333333334,2026,4,22,22:00,37,22:37
41.53333333333333,alsogod,1020.1466666666666,9.546666666666669,2026-04-22 22:38:00,10.986666666666666,2026,4,22,22:00,38,22:38
41.6,alsogod,1020.14,9.54,2026-04-22 22:39:00,10.96,2026,4,22,22:00,39,22:39
41.66666666666666,alsogod,1020.1333333333332,9.533333333333331,2026-04-22 22:40:00,10.933333333333334,2026,4,22,22:00,40,22:40
41.73333333333333,alsogod,1020.1266666666668,9.526666666666667,2026-04-22 22:41:00,10.906666666666666,2026,4,22,22:00,41,22:41
41.8,alsogod,1020.12,9.52,2026-04-22 22:42:00,10.88,2026,4,22,22:00,42,22:42
41.86666666666667,alsogod,1020.1133333333332,9.513333333333334,2026-04-22 22:43:00,10.853333333333332,2026,4,22,22:00,43,22:43
41.93333333333333,alsogod,1020.1066666666668,9.506666666666666,2026-04-22 22:44:00,10.826666666666668,2026,4,22,22:00,44,22:44
42.0,alsogod,1020.1,9.5,2026-04-22 22:45:00,10.8,2026,4,22,22:00,45,22:45
42.06666666666667,alsogod,1020.0933333333334,9.48,2026-04-22 22:46:00,10.753333333333334,2026,4,22,22:00,46,22:46
42.13333333333333,alsogod,1020.0866666666668,9.46,2026-04-22 22:47:00,10.706666666666669,2026,4,22,22:00,47,22:47
42.2,alsogod,1020.08,9.44,2026-04-22 22:48:00,10.66,2026,4,22,22:00,48,22:48
42.266666666666666,alsogod,1020.0733333333334,9.42,2026-04-22 22:49:00,10.613333333333332,2026,4,22,22:00,49,22:49
42.333333333333336,alsogod,1020.0666666666668,9.4,2026-04-22 22:50:00,10.566666666666666,2026,4,22,22:00,50,22:50
42.4,alsogod,1020.06,9.38,2026-04-22 22:51:00,10.52,2026,4,22,22:00,51,22:51
42.46666666666667,alsogod,1020.0533333333334,9.36,2026-04-22 22:52:00,10.473333333333333,2026,4,22,22:00,52,22:52
42.53333333333333,alsogod,1020.0466666666666,9.34,2026-04-22 22:53:00,10.426666666666668,2026,4,22,22:00,53,22:53
42.6,alsogod,1020.04,9.32,2026-04-22 22:54:00,10.38,2026,4,22,22:00,54,22:54
42.66666666666666,alsogod,1020.0333333333332,9.3,2026-04-22 22:55:00,10.333333333333334,2026,4,22,22:00,55,22:55
42.73333333333333,alsogod,1020.0266666666666,9.28,2026-04-22 22:56:00,10.286666666666669,2026,4,22,22:00,56,22:56
42.8,alsogod,1020.02,9.26,2026-04-22 22:57:00,10.24,2026,4,22,22:00,57,22:57
42.86666666666667,alsogod,1020.0133333333332,9.24,2026-04-22 22:58:00,10.193333333333332,2026,4,22,22:00,58,22:58
42.93333333333333,alsogod,1020.0066666666668,9.22,2026-04-22 22:59:00,10.146666666666668,2026,4,22,22:00,59,22:59
43.0,alsogod,1020.0,9.2,2026-04-22 23:00:00,10.1,2026,4,22,23:00,0,23:00
43.13333333333333,alsogod,1020.0,9.18,2026-04-22 23:01:00,10.026666666666666,2026,4,22,23:00,1,23:01
43.266666666666666,alsogod,1020.0,9.16,2026-04-22 23:02:00,9.953333333333331,2026,4,22,23:00,2,23:02
43.4,alsogod,1020.0,9.14,2026-04-22 23:03:00,9.88,2026,4,22,23:00,3,23:03
43.53333333333333,alsogod,1020.0,9.12,2026-04-22 23:04:00,9.806666666666668,2026,4,22,23:00,4,23:04
43.66666666666666,alsogod,1020.0,9.1,2026-04-22 23:05:00,9.733333333333333,2026,4,22,23:00,5,23:05
43.8,alsogod,1020.0,9.08,2026-04-22 23:06:00,9.66,2026,4,22,23:00,6,23:06
43.93333333333333,alsogod,1020.0,9.06,2026-04-22 23:07:00,9.586666666666666,2026,4,22,23:00,7,23:07
44.06666666666667,alsogod,1020.0,9.04,2026-04-22 23:08:00,9.513333333333334,2026,4,22,23:00,8,23:08
44.2,alsogod,1020.0,9.02,2026-04-22 23:09:00,9.44,2026,4,22,23:00,9,23:09
44.333333333333336,alsogod,1020.0,9.0,2026-04-22 23:10:00,9.366666666666667,2026,4,22,23:00,10,23:10
44.46666666666667,alsogod,1020.0,8.98,2026-04-22 23:11:00,9.293333333333331,2026,4,22,23:00,11,23:11
44.6,alsogod,1020.0,8.96,2026-04-22 23:12:00,9.22,2026,4,22,23:00,12,23:12
44.73333333333333,alsogod,1020.0,8.94,2026-04-22 23:13:00,9.146666666666668,2026,4,22,23:00,13,23:13
44.86666666666667,alsogod,1020.0,8.92,2026-04-22 23:14:00,9.073333333333334,2026,4,22,23:00,14,23:14
45.0,alsogod,1020.0,8.9,2026-04-22 23:15:00,9.0,2026,4,22,23:00,15,23:15
45.13333333333333,alsogod,1020.0,8.866666666666667,2026-04-22 23:16:00,8.926666666666666,2026,4,22,23:00,16,23:16
45.266666666666666,alsogod,1020.0,8.833333333333334,2026-04-22 23:17:00,8.853333333333333,2026,4,22,23:00,17,23:17
45.4,alsogod,1020.0,8.8,2026-04-22 23:18:00,8.78,2026,4,22,23:00,18,23:18
45.53333333333333,alsogod,1020.0,8.766666666666667,2026-04-22 23:19:00,8.706666666666667,2026,4,22,23:00,19,23:19
45.66666666666666,alsogod,1020.0,8.733333333333334,2026-04-22 23:20:00,8.633333333333333,2026,4,22,23:00,20,23:20
45.8,alsogod,1020.0,8.700000000000001,2026-04-22 23:21:00,8.56,2026,4,22,23:00,21,23:21
45.93333333333333,alsogod,1020.0,8.666666666666668,2026-04-22 23:22:00,8.486666666666666,2026,4,22,23:00,22,23:22
46.06666666666667,alsogod,1020.0,8.633333333333333,2026-04-22 23:23:00,8.413333333333334,2026,4,22,23:00,23,23:23
46.2,alsogod,1020.0,8.6,2026-04-22 23:24:00,8.34,2026,4,22,23:00,24,23:24
46.333333333333336,alsogod,1020.0,8.566666666666666,2026-04-22 23:25:00,8.266666666666667,2026,4,22,23:00,25,23:25
46.46666666666667,alsogod,1020.0,8.533333333333333,2026-04-22 23:26:00,8.193333333333333,2026,4,22,23:00,26,23:26
46.6,alsogod,1020.0,8.5,2026-04-22 23:27:00,8.120000000000001,2026,4,22,23:00,27,23:27
46.73333333333333,alsogod,1020.0,8.466666666666667,2026-04-22 23:28:00,8.046666666666667,2026,4,22,23:00,28,23:28
46.86666666666667,alsogod,1020.0,8.433333333333334,2026-04-22 23:29:00,7.973333333333334,2026,4,22,23:00,29,23:29
47.0,alsogod,1020.0,8.4,2026-04-22 23:30:00,7.9,2026,4,22,23:00,30,23:30
47.13333333333333,alsogod,1020.0,8.366666666666667,2026-04-22 23:31:00,7.806666666666667,2026,4,22,23:00,31,23:31
47.266666666666666,alsogod,1020.0,8.333333333333334,2026-04-22 23:32:00,7.713333333333334,2026,4,22,23:00,32,23:32
47.4,alsogod,1020.0,8.3,2026-04-22 23:33:00,7.62,2026,4,22,23:00,33,23:33
47.53333333333333,alsogod,1020.0,8.266666666666667,2026-04-22 23:34:00,7.526666666666667,2026,4,22,23:00,34,23:34
47.66666666666666,alsogod,1020.0,8.233333333333334,2026-04-22 23:35:00,7.433333333333334,2026,4,22,23:00,35,23:35
47.8,alsogod,1020.0,8.200000000000001,2026-04-22 23:36:00,7.34,2026,4,22,23:00,36,23:36
47.93333333333333,alsogod,1020.0,8.166666666666668,2026-04-22 23:37:00,7.246666666666667,2026,4,22,23:00,37,23:37
48.06666666666667,alsogod,1020.0,8.133333333333333,2026-04-22 23:38:00,7.153333333333333,2026,4,22,23:00,38,23:38
48.2,alsogod,1020.0,8.1,2026-04-22 23:39:00,7.0600000000000005,2026,4,22,23:00,39,23:39
48.333333333333336,alsogod,1020.0,8.066666666666666,2026-04-22 23:40:00,6.966666666666667,2026,4,22,23:00,40,23:40
48.46666666666667,alsogod,1020.0,8.033333333333333,2026-04-22 23:41:00,6.873333333333333,2026,4,22,23:00,41,23:41
48.6,alsogod,1020.0,8.0,2026-04-22 23:42:00,6.78,2026,4,22,23:00,42,23:42
48.73333333333333,alsogod,1020.0,7.966666666666667,2026-04-22 23:43:00,6.6866666666666665,2026,4,22,23:00,43,23:43
48.86666666666667,alsogod,1020.0,7.933333333333334,2026-04-22 23:44:00,6.593333333333334,2026,4,22,23:00,44,23:44
49.0,alsogod,1020.0,7.9,2026-04-22 23:45:00,6.5,2026,4,22,23:00,45,23:45
49.13333333333333,alsogod,1020.0,7.873333333333334,2026-04-22 23:46:00,6.426666666666667,2026,4,22,23:00,46,23:46
49.266666666666666,alsogod,1020.0,7.846666666666667,2026-04-22 23:47:00,6.3533333333333335,2026,4,22,23:00,47,23:47
49.4,alsogod,1020.0,7.82,2026-04-22 23:48:00,6.28,2026,4,22,23:00,48,23:48
49.53333333333333,alsogod,1020.0,7.793333333333334,2026-04-22 23:49:00,6.206666666666667,2026,4,22,23:00,49,23:49
49.66666666666666,alsogod,1020.0,7.766666666666667,2026-04-22 23:50:00,6.133333333333334,2026,4,22,23:00,50,23:50
49.8,alsogod,1020.0,7.74,2026-04-22 23:51:00,6.0600000000000005,2026,4,22,23:00,51,23:51
49.93333333333333,alsogod,1020.0,7.713333333333334,2026-04-22 23:52:00,5.986666666666666,2026,4,22,23:00,52,23:52
50.06666666666667,alsogod,1020.0,7.686666666666666,2026-04-22 23:53:00,5.913333333333334,2026,4,22,23:00,53,23:53
50.2,alsogod,1020.0,7.66,2026-04-22 23:54:00,5.84,2026,4,22,23:00,54,23:54
50.333333333333336,alsogod,1020.0,7.633333333333334,2026-04-22 23:55:00,5.766666666666667,2026,4,22,23:00,55,23:55
50.46666666666667,alsogod,1020.0,7.606666666666666,2026-04-22 23:56:00,5.693333333333333,2026,4,22,23:00,56,23:56
50.6,alsogod,1020.0,7.58,2026-04-22 23:57:00,5.62,2026,4,22,23:00,57,23:57
50.73333333333333,alsogod,1020.0,7.553333333333334,2026-04-22 23:58:00,5.546666666666667,2026,4,22,23:00,58,23:58
50.86666666666667,alsogod,1020.0,7.526666666666666,2026-04-22 23:59:00,5.473333333333334,2026,4,22,23:00,59,23:59
51.0,alsogod,1020.0,7.5,2026-04-23 00:00:00,5.4,2026,4,23,00:00,0,00:00
51.13333333333333,alsogod,1020.0,7.473333333333334,2026-04-23 00:01:00,5.3533333333333335,2026,4,23,00:00,1,00:01
51.266666666666666,alsogod,1020.0,7.446666666666666,2026-04-23 00:02:00,5.306666666666667,2026,4,23,00:00,2,00:02
51.4,alsogod,1020.0,7.42,2026-04-23 00:03:00,5.260000000000001,2026,4,23,00:00,3,00:03
51.53333333333333,alsogod,1020.0,7.393333333333333,2026-04-23 00:04:00,5.213333333333334,2026,4,23,00:00,4,00:04
51.66666666666666,alsogod,1020.0,7.366666666666666,2026-04-23 00:05:00,5.166666666666667,2026,4,23,00:00,5,00:05
51.8,alsogod,1020.0,7.34,2026-04-23 00:06:00,5.12,2026,4,23,00:00,6,00:06
51.93333333333333,alsogod,1020.0,7.313333333333333,2026-04-23 00:07:00,5.073333333333333,2026,4,23,00:00,7,00:07
52.06666666666667,alsogod,1020.0,7.286666666666666,2026-04-23 00:08:00,5.026666666666667,2026,4,23,00:00,8,00:08
52.2,alsogod,1020.0,7.26,2026-04-23 00:09:00,4.98,2026,4,23,00:00,9,00:09
52.333333333333336,alsogod,1020.0,7.233333333333333,2026-04-23 00:10:00,4.933333333333334,2026,4,23,00:00,10,00:10
52.46666666666667,alsogod,1020.0,7.206666666666666,2026-04-23 00:11:00,4.886666666666667,2026,4,23,00:00,11,00:11
52.6,alsogod,1020.0,7.18,2026-04-23 00:12:00,4.84,2026,4,23,00:00,12,00:12
52.73333333333333,alsogod,1020.0,7.153333333333333,2026-04-23 00:13:00,4.793333333333334,2026,4,23,00:00,13,00:13
52.86666666666667,alsogod,1020.0,7.126666666666666,2026-04-23 00:14:00,4.746666666666667,2026,4,23,00:00,14,00:14
53.0,alsogod,1020.0,7.1,2026-04-23 00:15:00,4.7,2026,4,23,00:00,15,00:15
53.13333333333333,alsogod,1019.9933333333332,7.073333333333333,2026-04-23 00:16:00,4.653333333333333,2026,4,23,00:00,16,00:16
53.266666666666666,alsogod,1019.9866666666668,7.046666666666666,2026-04-23 00:17:00,4.6066666666666665,2026,4,23,00:00,17,00:17
53.4,alsogod,1019.98,7.02,2026-04-23 00:18:00,4.5600000000000005,2026,4,23,00:00,18,00:18
53.53333333333333,alsogod,1019.9733333333334,6.993333333333333,2026-04-23 00:19:00,4.513333333333334,2026,4,23,00:00,19,00:19
53.66666666666666,alsogod,1019.9666666666668,6.966666666666667,2026-04-23 00:20:00,4.466666666666667,2026,4,23,00:00,20,00:20
53.8,alsogod,1019.96,6.94,2026-04-23 00:21:00,4.42,2026,4,23,00:00,21,00:21
53.93333333333333,alsogod,1019.9533333333334,6.913333333333333,2026-04-23 00:22:00,4.373333333333333,2026,4,23,00:00,22,00:22
54.06666666666667,alsogod,1019.9466666666666,6.886666666666667,2026-04-23 00:23:00,4.326666666666667,2026,4,23,00:00,23,00:23
54.2,alsogod,1019.94,6.86,2026-04-23 00:24:00,4.28,2026,4,23,00:00,24,00:24
54.333333333333336,alsogod,1019.9333333333332,6.833333333333333,2026-04-23 00:25:00,4.233333333333333,2026,4,23,00:00,25,00:25
54.46666666666667,alsogod,1019.9266666666666,6.806666666666667,2026-04-23 00:26:00,4.1866666666666665,2026,4,23,00:00,26,00:26
54.6,alsogod,1019.92,6.78,2026-04-23 00:27:00,4.14,2026,4,23,00:00,27,00:27
54.73333333333333,alsogod,1019.9133333333332,6.753333333333334,2026-04-23 00:28:00,4.093333333333334,2026,4,23,00:00,28,00:28
54.86666666666667,alsogod,1019.9066666666666,6.726666666666667,2026-04-23 00:29:00,4.046666666666667,2026,4,23,00:00,29,00:29
55.0,alsogod,1019.9,6.7,2026-04-23 00:30:00,4.0,2026,4,23,00:00,30,00:30
55.06666666666667,alsogod,1019.8933333333332,6.680000000000001,2026-04-23 00:31:00,3.9466666666666663,2026,4,23,00:00,31,00:31
55.13333333333333,alsogod,1019.8866666666668,6.66,2026-04-23 00:32:00,3.8933333333333335,2026,4,23,00:00,32,00:32
55.2,alsogod,1019.88,6.640000000000001,2026-04-23 00:33:00,3.84,2026,4,23,00:00,33,00:33
55.266666666666666,alsogod,1019.8733333333332,6.62,2026-04-23 00:34:00,3.786666666666666,2026,4,23,00:00,34,00:34
55.333333333333336,alsogod,1019.8666666666668,6.6000000000000005,2026-04-23 00:35:00,3.733333333333333,2026,4,23,00:00,35,00:35
55.4,alsogod,1019.86,6.58,2026-04-23 00:36:00,3.68,2026,4,23,00:00,36,00:36
55.46666666666667,alsogod,1019.8533333333334,6.5600000000000005,2026-04-23 00:37:00,3.626666666666667,2026,4,23,00:00,37,00:37
55.53333333333333,alsogod,1019.8466666666666,6.54,2026-04-23 00:38:00,3.5733333333333333,2026,4,23,00:00,38,00:38
55.6,alsogod,1019.84,6.5200000000000005,2026-04-23 00:39:00,3.52,2026,4,23,00:00,39,00:39
55.66666666666666,alsogod,1019.8333333333331,6.5,2026-04-23 00:40:00,3.466666666666667,2026,4,23,00:00,40,00:40
55.73333333333333,alsogod,1019.8266666666666,6.48,2026-04-23 00:41:00,3.4133333333333336,2026,4,23,00:00,41,00:41
55.8,alsogod,1019.82,6.46,2026-04-23 00:42:00,3.3600000000000003,2026,4,23,00:00,42,00:42
55.86666666666667,alsogod,1019.8133333333332,6.44,2026-04-23 00:43:00,3.306666666666666,2026,4,23,00:00,43,00:43
55.93333333333333,alsogod,1019.8066666666666,6.42,2026-04-23 00:44:00,3.2533333333333334,2026,4,23,00:00,44,00:44
56.0,alsogod,1019.8,6.4,2026-04-23 00:45:00,3.2,2026,4,23,00:00,45,00:45
56.06666666666667,alsogod,1019.8,6.3933333333333335,2026-04-23 00:46:00,3.2,2026,4,23,00:00,46,00:46
56.13333333333333,alsogod,1019.8,6.386666666666667,2026-04-23 00:47:00,3.2,2026,4,23,00:00,47,00:47
56.2,alsogod,1019.8,6.38,2026-04-23 00:48:00,3.2,2026,4,23,00:00,48,00:48
56.266666666666666,alsogod,1019.8,6.373333333333334,2026-04-23 00:49:00,3.2,2026,4,23,00:00,49,00:49
56.333333333333336,alsogod,1019.8,6.366666666666667,2026-04-23 00:50:00,3.2,2026,4,23,00:00,50,00:50
56.4,alsogod,1019.8,6.36,2026-04-23 00:51:00,3.2,2026,4,23,00:00,51,00:51
56.46666666666667,alsogod,1019.8,6.3533333333333335,2026-04-23 00:52:00,3.2,2026,4,23,00:00,52,00:52
56.53333333333333,alsogod,1019.8,6.346666666666667,2026-04-23 00:53:00,3.2,2026,4,23,00:00,53,00:53
56.6,alsogod,1019.8,6.34,2026-04-23 00:54:00,3.2,2026,4,23,00:00,54,00:54
56.66666666666666,alsogod,1019.8,6.333333333333333,2026-04-23 00:55:00,3.2,2026,4,23,00:00,55,00:55
56.73333333333333,alsogod,1019.8,6.326666666666666,2026-04-23 00:56:00,3.2,2026,4,23,00:00,56,00:56
56.8,alsogod,1019.8,6.32,2026-04-23 00:57:00,3.2,2026,4,23,00:00,57,00:57
56.86666666666667,alsogod,1019.8,6.3133333333333335,2026-04-23 00:58:00,3.2,2026,4,23,00:00,58,00:58
56.93333333333333,alsogod,1019.8,6.306666666666667,2026-04-23 00:59:00,3.2,2026,4,23,00:00,59,00:59
57.0,alsogod,1019.8,6.3,2026-04-23 01:00:00,3.2,2026,4,23,01:00,0,01:00
57.0,alsogod,1019.8,6.306666666666667,2026-04-23 01:01:00,3.226666666666667,2026,4,23,01:00,1,01:01
57.0,alsogod,1019.8,6.3133333333333335,2026-04-23 01:02:00,3.2533333333333334,2026,4,23,01:00,2,01:02
57.0,alsogod,1019.8,6.32,2026-04-23 01:03:00,3.28,2026,4,23,01:00,3,01:03
57.0,alsogod,1019.8,6.326666666666666,2026-04-23 01:04:00,3.306666666666666,2026,4,23,01:00,4,01:04
57.0,alsogod,1019.8,6.333333333333333,2026-04-23 01:05:00,3.333333333333333,2026,4,23,01:00,5,01:05
57.0,alsogod,1019.8,6.34,2026-04-23 01:06:00,3.3600000000000003,2026,4,23,01:00,6,01:06
57.0,alsogod,1019.8,6.346666666666667,2026-04-23 01:07:00,3.3866666666666667,2026,4,23,01:00,7,01:07
57.0,alsogod,1019.8,6.3533333333333335,2026-04-23 01:08:00,3.4133333333333336,2026,4,23,01:00,8,01:08
57.0,alsogod,1019.8,6.36,2026-04-23 01:09:00,3.44,2026,4,23,01:00,9,01:09
57.0,alsogod,1019.8,6.366666666666667,2026-04-23 01:10:00,3.466666666666667,2026,4,23,01:00,10,01:10
57.0,alsogod,1019.8,6.373333333333334,2026-04-23 01:11:00,3.493333333333333,2026,4,23,01:00,11,01:11
57.0,alsogod,1019.8,6.38,2026-04-23 01:12:00,3.52,2026,4,23,01:00,12,01:12
57.0,alsogod,1019.8,6.386666666666667,2026-04-23 01:13:00,3.546666666666667,2026,4,23,01:00,13,01:13
57.0,alsogod,1019.8,6.3933333333333335,2026-04-23 01:14:00,3.5733333333333333,2026,4,23,01:00,14,01:14
57.0,alsogod,1019.8,6.4,2026-04-23 01:15:00,3.6,2026,4,23,01:00,15,01:15
56.93333333333333,alsogod,1019.8,6.42,2026-04-23 01:16:00,3.646666666666667,2026,4,23,01:00,16,01:16
56.86666666666667,alsogod,1019.8,6.44,2026-04-23 01:17:00,3.693333333333333,2026,4,23,01:00,17,01:17
56.8,alsogod,1019.8,6.46,2026-04-23 01:18:00,3.74,2026,4,23,01:00,18,01:18
56.73333333333333,alsogod,1019.8,6.48,2026-04-23 01:19:00,3.786666666666666,2026,4,23,01:00,19,01:19
56.66666666666666,alsogod,1019.8,6.5,2026-04-23 01:20:00,3.8333333333333335,2026,4,23,01:00,20,01:20
56.6,alsogod,1019.8,6.5200000000000005,2026-04-23 01:21:00,3.88,2026,4,23,01:00,21,01:21
56.53333333333333,alsogod,1019.8,6.54,2026-04-23 01:22:00,3.9266666666666663,2026,4,23,01:00,22,01:22
56.46666666666667,alsogod,1019.8,6.5600000000000005,2026-04-23 01:23:00,3.973333333333333,2026,4,23,01:00,23,01:23
56.4,alsogod,1019.8,6.58,2026-04-23 01:24:00,4.02,2026,4,23,01:00,24,01:24
56.333333333333336,alsogod,1019.8,6.6000000000000005,2026-04-23 01:25:00,4.066666666666666,2026,4,23,01:00,25,01:25
56.266666666666666,alsogod,1019.8,6.62,2026-04-23 01:26:00,4.113333333333333,2026,4,23,01:00,26,01:26
56.2,alsogod,1019.8,6.640000000000001,2026-04-23 01:27:00,4.16,2026,4,23,01:00,27,01:27
56.13333333333333,alsogod,1019.8,6.66,2026-04-23 01:28:00,4.206666666666667,2026,4,23,01:00,28,01:28
56.06666666666667,alsogod,1019.8,6.680000000000001,2026-04-23 01:29:00,4.253333333333333,2026,4,23,01:00,29,01:29
56.0,alsogod,1019.8,6.7,2026-04-23 01:30:00,4.3,2026,4,23,01:00,30,01:30
55.93333333333333,alsogod,1019.8,6.726666666666667,2026-04-23 01:31:00,4.346666666666667,2026,4,23,01:00,31,01:31
55.86666666666667,alsogod,1019.8,6.753333333333334,2026-04-23 01:32:00,4.3933333333333335,2026,4,23,01:00,32,01:32
55.8,alsogod,1019.8,6.78,2026-04-23 01:33:00,4.44,2026,4,23,01:00,33,01:33
55.73333333333333,alsogod,1019.8,6.806666666666667,2026-04-23 01:34:00,4.486666666666666,2026,4,23,01:00,34,01:34
55.66666666666666,alsogod,1019.8,6.833333333333333,2026-04-23 01:35:00,4.533333333333333,2026,4,23,01:00,35,01:35
55.6,alsogod,1019.8,6.86,2026-04-23 01:36:00,4.58,2026,4,23,01:00,36,01:36
55.53333333333333,alsogod,1019.8,6.886666666666667,2026-04-23 01:37:00,4.626666666666667,2026,4,23,01:00,37,01:37
55.46666666666667,alsogod,1019.8,6.913333333333333,2026-04-23 01:38:00,4.673333333333333,2026,4,23,01:00,38,01:38
55.4,alsogod,1019.8,6.94,2026-04-23 01:39:00,4.72,2026,4,23,01:00,39,01:39
55.333333333333336,alsogod,1019.8,6.966666666666667,2026-04-23 01:40:00,4.766666666666667,2026,4,23,01:00,40,01:40
55.266666666666666,alsogod,1019.8,6.993333333333333,2026-04-23 01:41:00,4.8133333333333335,2026,4,23,01:00,41,01:41
55.2,alsogod,1019.8,7.02,2026-04-23 01:42:00,4.86,2026,4,23,01:00,42,01:42
55.13333333333333,alsogod,1019.8,7.046666666666667,2026-04-23 01:43:00,4.906666666666666,2026,4,23,01:00,43,01:43
55.06666666666667,alsogod,1019.8,7.073333333333333,2026-04-23 01:44:00,4.953333333333333,2026,4,23,01:00,44,01:44
55.0,alsogod,1019.8,7.1,2026-04-23 01:45:00,5.0,2026,4,23,01:00,45,01:45
55.0,alsogod,1019.8,7.12,2026-04-23 01:46:00,5.026666666666666,2026,4,23,01:00,46,01:46
55.0,alsogod,1019.8,7.14,2026-04-23 01:47:00,5.053333333333334,2026,4,23,01:00,47,01:47
55.0,alsogod,1019.8,7.16,2026-04-23 01:48:00,5.08,2026,4,23,01:00,48,01:48
55.0,alsogod,1019.8,7.18,2026-04-23 01:49:00,5.1066666666666665,2026,4,23,01:00,49,01:49
55.0,alsogod,1019.8,7.2,2026-04-23 01:50:00,5.133333333333334,2026,4,23,01:00,50,01:50
55.0,alsogod,1019.8,7.22,2026-04-23 01:51:00,5.16,2026,4,23,01:00,51,01:51
55.0,alsogod,1019.8,7.24,2026-04-23 01:52:00,5.1866666666666665,2026,4,23,01:00,52,01:52
55.0,alsogod,1019.8,7.26,2026-04-23 01:53:00,5.213333333333334,2026,4,23,01:00,53,01:53
55.0,alsogod,1019.8,7.28,2026-04-23 01:54:00,5.24,2026,4,23,01:00,54,01:54
55.0,alsogod,1019.8,7.3,2026-04-23 01:55:00,5.266666666666667,2026,4,23,01:00,55,01:55
55.0,alsogod,1019.8,7.32,2026-04-23 01:56:00,5.293333333333334,2026,4,23,01:00,56,01:56
55.0,alsogod,1019.8,7.34,2026-04-23 01:57:00,5.32,2026,4,23,01:00,57,01:57
55.0,alsogod,1019.8,7.36,2026-04-23 01:58:00,5.346666666666667,2026,4,23,01:00,58,01:58
55.0,alsogod,1019.8,7.380000000000001,2026-04-23 01:59:00,5.373333333333334,2026,4,23,01:00,59,01:59
55.0,alsogod,1019.8,7.4,2026-04-23 02:00:00,5.4,2026,4,23,02:00,0,02:00
55.06666666666667,alsogod,1019.8,7.42,2026-04-23 02:01:00,5.4,2026,4,23,02:00,1,02:01
55.13333333333333,alsogod,1019.8,7.44,2026-04-23 02:02:00,5.4,2026,4,23,02:00,2,02:02
55.2,alsogod,1019.8,7.46,2026-04-23 02:03:00,5.4,2026,4,23,02:00,3,02:03
55.266666666666666,alsogod,1019.8,7.48,2026-04-23 02:04:00,5.4,2026,4,23,02:00,4,02:04
55.333333333333336,alsogod,1019.8,7.5,2026-04-23 02:05:00,5.4,2026,4,23,02:00,5,02:05
55.4,alsogod,1019.8,7.52,2026-04-23 02:06:00,5.4,2026,4,23,02:00,6,02:06
55.46666666666667,alsogod,1019.8,7.54,2026-04-23 02:07:00,5.4,2026,4,23,02:00,7,02:07
55.53333333333333,alsogod,1019.8,7.56,2026-04-23 02:08:00,5.4,2026,4,23,02:00,8,02:08
55.6,alsogod,1019.8,7.58,2026-04-23 02:09:00,5.4,2026,4,23,02:00,9,02:09
55.66666666666666,alsogod,1019.8,7.6,2026-04-23 02:10:00,5.4,2026,4,23,02:00,10,02:10
55.73333333333333,alsogod,1019.8,7.62,2026-04-23 02:11:00,5.4,2026,4,23,02:00,11,02:11
55.8,alsogod,1019.8,7.640000000000001,2026-04-23 02:12:00,5.4,2026,4,23,02:00,12,02:12
55.86666666666667,alsogod,1019.8,7.66,2026-04-23 02:13:00,5.4,2026,4,23,02:00,13,02:13
55.93333333333333,alsogod,1019.8,7.680000000000001,2026-04-23 02:14:00,5.4,2026,4,23,02:00,14,02:14
56.0,alsogod,1019.8,7.7,2026-04-23 02:15:00,5.4,2026,4,23,02:00,15,02:15
56.13333333333333,alsogod,1019.8,7.713333333333334,2026-04-23 02:16:00,5.373333333333334,2026,4,23,02:00,16,02:16
56.266666666666666,alsogod,1019.8,7.726666666666667,2026-04-23 02:17:00,5.346666666666667,2026,4,23,02:00,17,02:17
56.4,alsogod,1019.8,7.74,2026-04-23 02:18:00,5.32,2026,4,23,02:00,18,02:18
56.53333333333333,alsogod,1019.8,7.753333333333334,2026-04-23 02:19:00,5.293333333333334,2026,4,23,02:00,19,02:19
56.66666666666666,alsogod,1019.8,7.766666666666667,2026-04-23 02:20:00,5.266666666666667,2026,4,23,02:00,20,02:20
56.8,alsogod,1019.8,7.78,2026-04-23 02:21:00,5.24,2026,4,23,02:00,21,02:21
56.93333333333333,alsogod,1019.8,7.793333333333334,2026-04-23 02:22:00,5.213333333333334,2026,4,23,02:00,22,02:22
57.06666666666667,alsogod,1019.8,7.806666666666667,2026-04-23 02:23:00,5.1866666666666665,2026,4,23,02:00,23,02:23
57.2,alsogod,1019.8,7.82,2026-04-23 02:24:00,5.16,2026,4,23,02:00,24,02:24
57.333333333333336,alsogod,1019.8,7.833333333333334,2026-04-23 02:25:00,5.133333333333334,2026,4,23,02:00,25,02:25
57.46666666666667,alsogod,1019.8,7.846666666666667,2026-04-23 02:26:00,5.1066666666666665,2026,4,23,02:00,26,02:26
57.6,alsogod,1019.8,7.86,2026-04-23 02:27:00,5.08,2026,4,23,02:00,27,02:27
57.73333333333333,alsogod,1019.8,7.873333333333334,2026-04-23 02:28:00,5.053333333333334,2026,4,23,02:00,28,02:28
57.86666666666667,alsogod,1019.8,7.886666666666667,2026-04-23 02:29:00,5.026666666666666,2026,4,23,02:00,29,02:29
58.0,alsogod,1019.8,7.9,2026-04-23 02:30:00,5.0,2026,4,23,02:00,30,02:30
58.13333333333333,alsogod,1019.8,7.913333333333334,2026-04-23 02:31:00,4.98,2026,4,23,02:00,31,02:31
58.266666666666666,alsogod,1019.8,7.926666666666667,2026-04-23 02:32:00,4.96,2026,4,23,02:00,32,02:32
58.4,alsogod,1019.8,7.94,2026-04-23 02:33:00,4.94,2026,4,23,02:00,33,02:33
58.53333333333333,alsogod,1019.8,7.953333333333333,2026-04-23 02:34:00,4.92,2026,4,23,02:00,34,02:34
58.66666666666666,alsogod,1019.8,7.966666666666667,2026-04-23 02:35:00,4.9,2026,4,23,02:00,35,02:35
58.8,alsogod,1019.8,7.98,2026-04-23 02:36:00,4.88,2026,4,23,02:00,36,02:36
58.93333333333333,alsogod,1019.8,7.993333333333333,2026-04-23 02:37:00,4.86,2026,4,23,02:00,37,02:37
59.06666666666667,alsogod,1019.8,8.006666666666666,2026-04-23 02:38:00,4.84,2026,4,23,02:00,38,02:38
59.2,alsogod,1019.8,8.02,2026-04-23 02:39:00,4.82,2026,4,23,02:00,39,02:39
59.333333333333336,alsogod,1019.8,8.033333333333333,2026-04-23 02:40:00,4.8,2026,4,23,02:00,40,02:40
59.46666666666667,alsogod,1019.8,8.046666666666667,2026-04-23 02:41:00,4.78,2026,4,23,02:00,41,02:41
59.6,alsogod,1019.8,8.06,2026-04-23 02:42:00,4.76,2026,4,23,02:00,42,02:42
59.73333333333333,alsogod,1019.8,8.073333333333332,2026-04-23 02:43:00,4.74,2026,4,23,02:00,43,02:43
59.86666666666667,alsogod,1019.8,8.086666666666666,2026-04-23 02:44:00,4.72,2026,4,23,02:00,44,02:44
60.0,alsogod,1019.8,8.1,2026-04-23 02:45:00,4.7,2026,4,23,02:00,45,02:45
60.0,alsogod,1019.8,8.126666666666667,2026-04-23 02:46:00,4.72,2026,4,23,02:00,46,02:46
60.0,alsogod,1019.8,8.153333333333332,2026-04-23 02:47:00,4.74,2026,4,23,02:00,47,02:47
60.0,alsogod,1019.8,8.18,2026-04-23 02:48:00,4.76,2026,4,23,02:00,48,02:48
60.0,alsogod,1019.8,8.206666666666667,2026-04-23 02:49:00,4.78,2026,4,23,02:00,49,02:49
60.0,alsogod,1019.8,8.233333333333333,2026-04-23 02:50:00,4.8,2026,4,23,02:00,50,02:50
60.0,alsogod,1019.8,8.26,2026-04-23 02:51:00,4.82,2026,4,23,02:00,51,02:51
60.0,alsogod,1019.8,8.286666666666667,2026-04-23 02:52:00,4.84,2026,4,23,02:00,52,02:52
60.0,alsogod,1019.8,8.313333333333333,2026-04-23 02:53:00,4.86,2026,4,23,02:00,53,02:53
60.0,alsogod,1019.8,8.34,2026-04-23 02:54:00,4.88,2026,4,23,02:00,54,02:54
60.0,alsogod,1019.8,8.366666666666667,2026-04-23 02:55:00,4.9,2026,4,23,02:00,55,02:55
60.0,alsogod,1019.8,8.393333333333333,2026-04-23 02:56:00,4.92,2026,4,23,02:00,56,02:56
60.0,alsogod,1019.8,8.42,2026-04-23 02:57:00,4.94,2026,4,23,02:00,57,02:57
60.0,alsogod,1019.8,8.446666666666667,2026-04-23 02:58:00,4.96,2026,4,23,02:00,58,02:58
60.0,alsogod,1019.8,8.473333333333333,2026-04-23 02:59:00,4.98,2026,4,23,02:00,59,02:59
60.0,alsogod,1019.8,8.5,2026-04-23 03:00:00,5.0,2026,4,23,03:00,0,03:00
59.93333333333333,alsogod,1019.8,8.54,2026-04-23 03:01:00,5.073333333333333,2026,4,23,03:00,1,03:01
59.86666666666667,alsogod,1019.8,8.58,2026-04-23 03:02:00,5.1466666666666665,2026,4,23,03:00,2,03:02
59.8,alsogod,1019.8,8.62,2026-04-23 03:03:00,5.22,2026,4,23,03:00,3,03:03
59.73333333333333,alsogod,1019.8,8.66,2026-04-23 03:04:00,5.293333333333333,2026,4,23,03:00,4,03:04
59.66666666666666,alsogod,1019.8,8.7,2026-04-23 03:05:00,5.366666666666666,2026,4,23,03:00,5,03:05
59.6,alsogod,1019.8,8.74,2026-04-23 03:06:00,5.44,2026,4,23,03:00,6,03:06
59.53333333333333,alsogod,1019.8,8.78,2026-04-23 03:07:00,5.513333333333334,2026,4,23,03:00,7,03:07
59.46666666666667,alsogod,1019.8,8.82,2026-04-23 03:08:00,5.586666666666666,2026,4,23,03:00,8,03:08
59.4,alsogod,1019.8,8.86,2026-04-23 03:09:00,5.66,2026,4,23,03:00,9,03:09
59.333333333333336,alsogod,1019.8,8.9,2026-04-23 03:10:00,5.733333333333333,2026,4,23,03:00,10,03:10
59.266666666666666,alsogod,1019.8,8.94,2026-04-23 03:11:00,5.806666666666667,2026,4,23,03:00,11,03:11
59.2,alsogod,1019.8,8.98,2026-04-23 03:12:00,5.88,2026,4,23,03:00,12,03:12
59.13333333333333,alsogod,1019.8,9.02,2026-04-23 03:13:00,5.953333333333333,2026,4,23,03:00,13,03:13
59.06666666666667,alsogod,1019.8,9.06,2026-04-23 03:14:00,6.026666666666666,2026,4,23,03:00,14,03:14
59.0,alsogod,1019.8,9.1,2026-04-23 03:15:00,6.1,2026,4,23,03:00,15,03:15
58.8,alsogod,1019.7933333333332,9.153333333333332,2026-04-23 03:16:00,6.199999999999999,2026,4,23,03:00,16,03:16
58.6,alsogod,1019.7866666666666,9.206666666666669,2026-04-23 03:17:00,6.3,2026,4,23,03:00,17,03:17
58.4,alsogod,1019.78,9.26,2026-04-23 03:18:00,6.4,2026,4,23,03:00,18,03:18
58.2,alsogod,1019.7733333333332,9.313333333333333,2026-04-23 03:19:00,6.5,2026,4,23,03:00,19,03:19
58.0,alsogod,1019.7666666666668,9.366666666666667,2026-04-23 03:20:00,6.6,2026,4,23,03:00,20,03:20
57.8,alsogod,1019.76,9.42,2026-04-23 03:21:00,6.699999999999999,2026,4,23,03:00,21,03:21
57.6,alsogod,1019.7533333333332,9.473333333333333,2026-04-23 03:22:00,6.8,2026,4,23,03:00,22,03:22
57.4,alsogod,1019.7466666666668,9.526666666666667,2026-04-23 03:23:00,6.9,2026,4,23,03:00,23,03:23
57.2,alsogod,1019.74,9.58,2026-04-23 03:24:00,7.0,2026,4,23,03:00,24,03:24
57.0,alsogod,1019.7333333333332,9.633333333333333,2026-04-23 03:25:00,7.1,2026,4,23,03:00,25,03:25
56.8,alsogod,1019.7266666666668,9.686666666666667,2026-04-23 03:26:00,7.199999999999999,2026,4,23,03:00,26,03:26
56.6,alsogod,1019.72,9.74,2026-04-23 03:27:00,7.3,2026,4,23,03:00,27,03:27
56.4,alsogod,1019.7133333333334,9.793333333333331,2026-04-23 03:28:00,7.399999999999999,2026,4,23,03:00,28,03:28
56.2,alsogod,1019.7066666666668,9.846666666666668,2026-04-23 03:29:00,7.5,2026,4,23,03:00,29,03:29
56.0,alsogod,1019.7,9.9,2026-04-23 03:30:00,7.6,2026,4,23,03:00,30,03:30
55.86666666666667,alsogod,1019.7,9.946666666666667,2026-04-23 03:31:00,7.72,2026,4,23,03:00,31,03:31
55.73333333333333,alsogod,1019.7,9.993333333333334,2026-04-23 03:32:00,7.84,2026,4,23,03:00,32,03:32
55.6,alsogod,1019.7,10.04,2026-04-23 03:33:00,7.96,2026,4,23,03:00,33,03:33
55.46666666666667,alsogod,1019.7,10.086666666666666,2026-04-23 03:34:00,8.08,2026,4,23,03:00,34,03:34
55.333333333333336,alsogod,1019.7,10.133333333333333,2026-04-23 03:35:00,8.2,2026,4,23,03:00,35,03:35
55.2,alsogod,1019.7,10.18,2026-04-23 03:36:00,8.32,2026,4,23,03:00,36,03:36
55.06666666666667,alsogod,1019.7,10.226666666666668,2026-04-23 03:37:00,8.44,2026,4,23,03:00,37,03:37
54.93333333333333,alsogod,1019.7,10.273333333333332,2026-04-23 03:38:00,8.56,2026,4,23,03:00,38,03:38
54.8,alsogod,1019.7,10.32,2026-04-23 03:39:00,8.68,2026,4,23,03:00,39,03:39
54.66666666666666,alsogod,1019.7,10.366666666666667,2026-04-23 03:40:00,8.8,2026,4,23,03:00,40,03:40
54.53333333333333,alsogod,1019.7,10.413333333333334,2026-04-23 03:41:00,8.92,2026,4,23,03:00,41,03:41
54.4,alsogod,1019.7,10.46,2026-04-23 03:42:00,9.04,2026,4,23,03:00,42,03:42
54.266666666666666,alsogod,1019.7,10.506666666666666,2026-04-23 03:43:00,9.16,2026,4,23,03:00,43,03:43
54.13333333333333,alsogod,1019.7,10.553333333333333,2026-04-23 03:44:00,9.28,2026,4,23,03:00,44,03:44
54.0,alsogod,1019.7,10.6,2026-04-23 03:45:00,9.4,2026,4,23,03:00,45,03:45
53.86666666666667,alsogod,1019.6933333333334,10.64,2026-04-23 03:46:00,9.493333333333334,2026,4,23,03:00,46,03:46
53.73333333333333,alsogod,1019.6866666666668,10.68,2026-04-23 03:47:00,9.586666666666668,2026,4,23,03:00,47,03:47
53.6,alsogod,1019.68,10.72,2026-04-23 03:48:00,9.68,2026,4,23,03:00,48,03:48
53.46666666666667,alsogod,1019.6733333333334,10.76,2026-04-23 03:49:00,9.773333333333332,2026,4,23,03:00,49,03:49
53.333333333333336,alsogod,1019.6666666666669,10.8,2026-04-23 03:50:00,9.866666666666667,2026,4,23,03:00,50,03:50
53.2,alsogod,1019.66,10.84,2026-04-23 03:51:00,9.96,2026,4,23,03:00,51,03:51
53.06666666666667,alsogod,1019.6533333333334,10.88,2026-04-23 03:52:00,10.053333333333336,2026,4,23,03:00,52,03:52
52.93333333333333,alsogod,1019.6466666666666,10.92,2026-04-23 03:53:00,10.146666666666668,2026,4,23,03:00,53,03:53
52.8,alsogod,1019.64,10.96,2026-04-23 03:54:00,10.24,2026,4,23,03:00,54,03:54
52.66666666666666,alsogod,1019.6333333333332,11.0,2026-04-23 03:55:00,10.333333333333334,2026,4,23,03:00,55,03:55
52.53333333333333,alsogod,1019.6266666666668,11.04,2026-04-23 03:56:00,10.426666666666668,2026,4,23,03:00,56,03:56
52.4,alsogod,1019.62,11.08,2026-04-23 03:57:00,10.52,2026,4,23,03:00,57,03:57
52.266666666666666,alsogod,1019.6133333333332,11.12,2026-04-23 03:58:00,10.613333333333332,2026,4,23,03:00,58,03:58
52.13333333333333,alsogod,1019.6066666666668,11.16,2026-04-23 03:59:00,10.706666666666669,2026,4,23,03:00,59,03:59
52.0,alsogod,1019.6,11.2,2026-04-23 04:00:00,10.8,2026,4,23,04:00,0,04:00
51.93333333333333,alsogod,1019.5933333333334,11.226666666666668,2026-04-23 04:01:00,10.893333333333334,2026,4,23,04:00,1,04:01
51.86666666666667,alsogod,1019.5866666666668,11.253333333333332,2026-04-23 04:02:00,10.986666666666666,2026,4,23,04:00,2,04:02
51.8,alsogod,1019.58,11.28,2026-04-23 04:03:00,11.08,2026,4,23,04:00,3,04:03
51.73333333333333,alsogod,1019.5733333333334,11.306666666666668,2026-04-23 04:04:00,11.173333333333334,2026,4,23,04:00,4,04:04
51.66666666666666,alsogod,1019.5666666666668,11.333333333333332,2026-04-23 04:05:00,11.266666666666667,2026,4,23,04:00,5,04:05
51.6,alsogod,1019.56,11.36,2026-04-23 04:06:00,11.36,2026,4,23,04:00,6,04:06
51.53333333333333,alsogod,1019.5533333333334,11.386666666666668,2026-04-23 04:07:00,11.453333333333331,2026,4,23,04:00,7,04:07
51.46666666666667,alsogod,1019.5466666666666,11.413333333333332,2026-04-23 04:08:00,11.546666666666669,2026,4,23,04:00,8,04:08
51.4,alsogod,1019.54,11.44,2026-04-23 04:09:00,11.64,2026,4,23,04:00,9,04:09
51.333333333333336,alsogod,1019.5333333333332,11.466666666666669,2026-04-23 04:10:00,11.733333333333333,2026,4,23,04:00,10,04:10
51.266666666666666,alsogod,1019.5266666666666,11.493333333333332,2026-04-23 04:11:00,11.826666666666666,2026,4,23,04:00,11,04:11
51.2,alsogod,1019.52,11.52,2026-04-23 04:12:00,11.92,2026,4,23,04:00,12,04:12
51.13333333333333,alsogod,1019.5133333333332,11.546666666666669,2026-04-23 04:13:00,12.013333333333332,2026,4,23,04:00,13,04:13
51.06666666666667,alsogod,1019.5066666666668,11.573333333333332,2026-04-23 04:14:00,12.106666666666666,2026,4,23,04:00,14,04:14
51.0,alsogod,1019.5,11.6,2026-04-23 04:15:00,12.2,2026,4,23,04:00,15,04:15
51.0,alsogod,1019.4933333333332,11.62,2026-04-23 04:16:00,12.32,2026,4,23,04:00,16,04:16
51.0,alsogod,1019.4866666666668,11.64,2026-04-23 04:17:00,12.44,2026,4,23,04:00,17,04:17
51.0,alsogod,1019.48,11.66,2026-04-23 04:18:00,12.56,2026,4,23,04:00,18,04:18
51.0,alsogod,1019.4733333333334,11.68,2026-04-23 04:19:00,12.68,2026,4,23,04:00,19,04:19
51.0,alsogod,1019.4666666666668,11.7,2026-04-23 04:20:00,12.8,2026,4,23,04:00,20,04:20
51.0,alsogod,1019.46,11.72,2026-04-23 04:21:00,12.92,2026,4,23,04:00,21,04:21
51.0,alsogod,1019.4533333333334,11.74,2026-04-23 04:22:00,13.04,2026,4,23,04:00,22,04:22
51.0,alsogod,1019.4466666666666,11.76,2026-04-23 04:23:00,13.16,2026,4,23,04:00,23,04:23
51.0,alsogod,1019.44,11.78,2026-04-23 04:24:00,13.28,2026,4,23,04:00,24,04:24
51.0,alsogod,1019.4333333333332,11.8,2026-04-23 04:25:00,13.4,2026,4,23,04:00,25,04:25
51.0,alsogod,1019.4266666666666,11.82,2026-04-23 04:26:00,13.52,2026,4,23,04:00,26,04:26
51.0,alsogod,1019.42,11.84,2026-04-23 04:27:00,13.64,2026,4,23,04:00,27,04:27
51.0,alsogod,1019.4133333333332,11.86,2026-04-23 04:28:00,13.76,2026,4,23,04:00,28,04:28
51.0,alsogod,1019.4066666666666,11.88,2026-04-23 04:29:00,13.88,2026,4,23,04:00,29,04:29
51.0,alsogod,1019.4,11.9,2026-04-23 04:30:00,14.0,2026,4,23,04:00,30,04:30
51.0,alsogod,1019.3933333333332,11.913333333333334,2026-04-23 04:31:00,14.1,2026,4,23,04:00,31,04:31
51.0,alsogod,1019.3866666666668,11.926666666666668,2026-04-23 04:32:00,14.2,2026,4,23,04:00,32,04:32
51.0,alsogod,1019.38,11.94,2026-04-23 04:33:00,14.3,2026,4,23,04:00,33,04:33
51.0,alsogod,1019.3733333333332,11.953333333333331,2026-04-23 04:34:00,14.4,2026,4,23,04:00,34,04:34
51.0,alsogod,1019.3666666666668,11.966666666666669,2026-04-23 04:35:00,14.5,2026,4,23,04:00,35,04:35
51.0,alsogod,1019.36,11.98,2026-04-23 04:36:00,14.6,2026,4,23,04:00,36,04:36
51.0,alsogod,1019.3533333333334,11.993333333333334,2026-04-23 04:37:00,14.7,2026,4,23,04:00,37,04:37
51.0,alsogod,1019.3466666666666,12.006666666666666,2026-04-23 04:38:00,14.8,2026,4,23,04:00,38,04:38
51.0,alsogod,1019.34,12.02,2026-04-23 04:39:00,14.9,2026,4,23,04:00,39,04:39
51.0,alsogod,1019.3333333333331,12.033333333333331,2026-04-23 04:40:00,15.0,2026,4,23,04:00,40,04:40
51.0,alsogod,1019.3266666666666,12.046666666666669,2026-04-23 04:41:00,15.1,2026,4,23,04:00,41,04:41
51.0,alsogod,1019.32,12.06,2026-04-23 04:42:00,15.2,2026,4,23,04:00,42,04:42
51.0,alsogod,1019.3133333333332,12.073333333333332,2026-04-23 04:43:00,15.3,2026,4,23,04:00,43,04:43
51.0,alsogod,1019.3066666666666,12.086666666666666,2026-04-23 04:44:00,15.4,2026,4,23,04:00,44,04:44
51.0,alsogod,1019.3,12.1,2026-04-23 04:45:00,15.5,2026,4,23,04:00,45,04:45
51.0,alsogod,1019.2933333333332,12.113333333333332,2026-04-23 04:46:00,15.593333333333334,2026,4,23,04:00,46,04:46
51.0,alsogod,1019.2866666666666,12.126666666666669,2026-04-23 04:47:00,15.686666666666666,2026,4,23,04:00,47,04:47
51.0,alsogod,1019.28,12.14,2026-04-23 04:48:00,15.78,2026,4,23,04:00,48,04:48
51.0,alsogod,1019.2733333333332,12.153333333333332,2026-04-23 04:49:00,15.873333333333331,2026,4,23,04:00,49,04:49
51.0,alsogod,1019.2666666666668,12.166666666666666,2026-04-23 04:50:00,15.966666666666669,2026,4,23,04:00,50,04:50
51.0,alsogod,1019.26,12.18,2026-04-23 04:51:00,16.06,2026,4,23,04:00,51,04:51
51.0,alsogod,1019.2533333333332,12.193333333333332,2026-04-23 04:52:00,16.153333333333332,2026,4,23,04:00,52,04:52
51.0,alsogod,1019.2466666666668,12.206666666666669,2026-04-23 04:53:00,16.246666666666666,2026,4,23,04:00,53,04:53
51.0,alsogod,1019.24,12.22,2026-04-23 04:54:00,16.34,2026,4,23,04:00,54,04:54
51.0,alsogod,1019.2333333333332,12.233333333333334,2026-04-23 04:55:00,16.433333333333334,2026,4,23,04:00,55,04:55
51.0,alsogod,1019.2266666666668,12.246666666666668,2026-04-23 04:56:00,16.526666666666664,2026,4,23,04:00,56,04:56
51.0,alsogod,1019.22,12.26,2026-04-23 04:57:00,16.619999999999997,2026,4,23,04:00,57,04:57
51.0,alsogod,1019.2133333333334,12.273333333333332,2026-04-23 04:58:00,16.71333333333333,2026,4,23,04:00,58,04:58
51.0,alsogod,1019.2066666666668,12.286666666666669,2026-04-23 04:59:00,16.806666666666665,2026,4,23,04:00,59,04:59
51.0,alsogod,1019.2,12.3,2026-04-23 05:00:00,16.9,2026,4,23,05:00,0,05:00
50.93333333333333,alsogod,1019.1933333333334,12.32,2026-04-23 05:01:00,16.973333333333333,2026,4,23,05:00,1,05:01
50.86666666666667,alsogod,1019.1866666666668,12.34,2026-04-23 05:02:00,17.046666666666667,2026,4,23,05:00,2,05:02
50.8,alsogod,1019.18,12.36,2026-04-23 05:03:00,17.119999999999997,2026,4,23,05:00,3,05:03
50.73333333333333,alsogod,1019.1733333333334,12.38,2026-04-23 05:04:00,17.19333333333333,2026,4,23,05:00,4,05:04
50.66666666666666,alsogod,1019.1666666666669,12.4,2026-04-23 05:05:00,17.266666666666666,2026,4,23,05:00,5,05:05
50.6,alsogod,1019.16,12.42,2026-04-23 05:06:00,17.34,2026,4,23,05:00,6,05:06
50.53333333333333,alsogod,1019.1533333333334,12.44,2026-04-23 05:07:00,17.413333333333334,2026,4,23,05:00,7,05:07
50.46666666666667,alsogod,1019.1466666666666,12.46,2026-04-23 05:08:00,17.486666666666665,2026,4,23,05:00,8,05:08
50.4,alsogod,1019.14,12.48,2026-04-23 05:09:00,17.56,2026,4,23,05:00,9,05:09
50.333333333333336,alsogod,1019.1333333333332,12.5,2026-04-23 05:10:00,17.633333333333333,2026,4,23,05:00,10,05:10
50.266666666666666,alsogod,1019.1266666666668,12.52,2026-04-23 05:11:00,17.706666666666667,2026,4,23,05:00,11,05:11
50.2,alsogod,1019.12,12.54,2026-04-23 05:12:00,17.78,2026,4,23,05:00,12,05:12
50.13333333333333,alsogod,1019.1133333333332,12.56,2026-04-23 05:13:00,17.85333333333333,2026,4,23,05:00,13,05:13
50.06666666666667,alsogod,1019.1066666666668,12.58,2026-04-23 05:14:00,17.926666666666666,2026,4,23,05:00,14,05:14
50.0,alsogod,1019.1,12.6,2026-04-23 05:15:00,18.0,2026,4,23,05:00,15,05:15
49.93333333333333,alsogod,1019.0933333333334,12.62,2026-04-23 05:16:00,18.07333333333333,2026,4,23,05:00,16,05:16
49.86666666666667,alsogod,1019.0866666666668,12.64,2026-04-23 05:17:00,18.14666666666667,2026,4,23,05:00,17,05:17
49.8,alsogod,1019.08,12.66,2026-04-23 05:18:00,18.22,2026,4,23,05:00,18,05:18
49.73333333333333,alsogod,1019.0733333333334,12.68,2026-04-23 05:19:00,18.293333333333333,2026,4,23,05:00,19,05:19
49.66666666666666,alsogod,1019.0666666666668,12.7,2026-04-23 05:20:00,18.366666666666667,2026,4,23,05:00,20,05:20
49.6,alsogod,1019.06,12.72,2026-04-23 05:21:00,18.44,2026,4,23,05:00,21,05:21
49.53333333333333,alsogod,1019.0533333333334,12.74,2026-04-23 05:22:00,18.513333333333332,2026,4,23,05:00,22,05:22
49.46666666666667,alsogod,1019.0466666666666,12.76,2026-04-23 05:23:00,18.586666666666662,2026,4,23,05:00,23,05:23
49.4,alsogod,1019.04,12.78,2026-04-23 05:24:00,18.66,2026,4,23,05:00,24,05:24
49.333333333333336,alsogod,1019.0333333333332,12.8,2026-04-23 05:25:00,18.73333333333333,2026,4,23,05:00,25,05:25
49.266666666666666,alsogod,1019.0266666666666,12.82,2026-04-23 05:26:00,18.80666666666667,2026,4,23,05:00,26,05:26
49.2,alsogod,1019.02,12.84,2026-04-23 05:27:00,18.880000000000003,2026,4,23,05:00,27,05:27
49.13333333333333,alsogod,1019.0133333333332,12.86,2026-04-23 05:28:00,18.953333333333333,2026,4,23,05:00,28,05:28
49.06666666666667,alsogod,1019.0066666666668,12.88,2026-04-23 05:29:00,19.026666666666667,2026,4,23,05:00,29,05:29
49.0,alsogod,1019.0,12.9,2026-04-23 05:30:00,19.1,2026,4,23,05:00,30,05:30
48.86666666666667,alsogod,1018.9866666666668,12.92,2026-04-23 05:31:00,19.14666666666667,2026,4,23,05:00,31,05:31
48.73333333333333,alsogod,1018.9733333333334,12.94,2026-04-23 05:32:00,19.19333333333333,2026,4,23,05:00,32,05:32
48.6,alsogod,1018.96,12.96,2026-04-23 05:33:00,19.24,2026,4,23,05:00,33,05:33
48.46666666666667,alsogod,1018.9466666666666,12.98,2026-04-23 05:34:00,19.28666666666667,2026,4,23,05:00,34,05:34
48.333333333333336,alsogod,1018.9333333333332,13.0,2026-04-23 05:35:00,19.333333333333336,2026,4,23,05:00,35,05:35
48.2,alsogod,1018.92,13.02,2026-04-23 05:36:00,19.380000000000003,2026,4,23,05:00,36,05:36
48.06666666666667,alsogod,1018.9066666666666,13.04,2026-04-23 05:37:00,19.42666666666667,2026,4,23,05:00,37,05:37
47.93333333333333,alsogod,1018.8933333333332,13.06,2026-04-23 05:38:00,19.473333333333333,2026,4,23,05:00,38,05:38
47.8,alsogod,1018.88,13.08,2026-04-23 05:39:00,19.52,2026,4,23,05:00,39,05:39
47.66666666666666,alsogod,1018.8666666666668,13.1,2026-04-23 05:40:00,19.566666666666663,2026,4,23,05:00,40,05:40
47.53333333333333,alsogod,1018.8533333333334,13.12,2026-04-23 05:41:00,19.613333333333333,2026,4,23,05:00,41,05:41
47.4,alsogod,1018.84,13.14,2026-04-23 05:42:00,19.66,2026,4,23,05:00,42,05:42
47.266666666666666,alsogod,1018.8266666666666,13.16,2026-04-23 05:43:00,19.706666666666667,2026,4,23,05:00,43,05:43
47.13333333333333,alsogod,1018.8133333333332,13.18,2026-04-23 05:44:00,19.75333333333333,2026,4,23,05:00,44,05:44
47.0,alsogod,1018.8,13.2,2026-04-23 05:45:00,19.8,2026,4,23,05:00,45,05:45
46.93333333333333,alsogod,1018.7933333333332,13.22,2026-04-23 05:46:00,19.846666666666668,2026,4,23,05:00,46,05:46
46.86666666666667,alsogod,1018.7866666666666,13.24,2026-04-23 05:47:00,19.89333333333333,2026,4,23,05:00,47,05:47
46.8,alsogod,1018.78,13.26,2026-04-23 05:48:00,19.94,2026,4,23,05:00,48,05:48
46.73333333333333,alsogod,1018.7733333333332,13.28,2026-04-23 05:49:00,19.986666666666668,2026,4,23,05:00,49,05:49
46.66666666666666,alsogod,1018.7666666666668,13.3,2026-04-23 05:50:00,20.03333333333333,2026,4,23,05:00,50,05:50
46.6,alsogod,1018.76,13.32,2026-04-23 05:51:00,20.08,2026,4,23,05:00,51,05:51
46.53333333333333,alsogod,1018.7533333333332,13.34,2026-04-23 05:52:00,20.12666666666667,2026,4,23,05:00,52,05:52
46.46666666666667,alsogod,1018.7466666666668,13.36,2026-04-23 05:53:00,20.17333333333333,2026,4,23,05:00,53,05:53
46.4,alsogod,1018.74,13.38,2026-04-23 05:54:00,20.22,2026,4,23,05:00,54,05:54
46.333333333333336,alsogod,1018.7333333333332,13.4,2026-04-23 05:55:00,20.266666666666666,2026,4,23,05:00,55,05:55
46.266666666666666,alsogod,1018.7266666666668,13.42,2026-04-23 05:56:00,20.313333333333333,2026,4,23,05:00,56,05:56
46.2,alsogod,1018.72,13.44,2026-04-23 05:57:00,20.36,2026,4,23,05:00,57,05:57
46.13333333333333,alsogod,1018.7133333333334,13.46,2026-04-23 05:58:00,20.406666666666663,2026,4,23,05:00,58,05:58
46.06666666666667,alsogod,1018.7066666666668,13.48,2026-04-23 05:59:00,20.453333333333333,2026,4,23,05:00,59,05:59
46.0,alsogod,1018.7,13.5,2026-04-23 06:00:00,20.5,2026,4,23,06:00,0,06:00
45.86666666666667,alsogod,1018.6866666666668,13.533333333333331,2026-04-23 06:01:00,20.57333333333333,2026,4,23,06:00,1,06:01
45.73333333333333,alsogod,1018.6733333333334,13.566666666666666,2026-04-23 06:02:00,20.64666666666667,2026,4,23,06:00,2,06:02
45.6,alsogod,1018.66,13.6,2026-04-23 06:03:00,20.72,2026,4,23,06:00,3,06:03
45.46666666666667,alsogod,1018.6466666666666,13.633333333333333,2026-04-23 06:04:00,20.793333333333333,2026,4,23,06:00,4,06:04
45.333333333333336,alsogod,1018.6333333333332,13.666666666666666,2026-04-23 06:05:00,20.866666666666667,2026,4,23,06:00,5,06:05
45.2,alsogod,1018.62,13.7,2026-04-23 06:06:00,20.94,2026,4,23,06:00,6,06:06
45.06666666666667,alsogod,1018.6066666666668,13.733333333333333,2026-04-23 06:07:00,21.013333333333332,2026,4,23,06:00,7,06:07
44.93333333333333,alsogod,1018.5933333333334,13.766666666666667,2026-04-23 06:08:00,21.086666666666662,2026,4,23,06:00,8,06:08
44.8,alsogod,1018.58,13.8,2026-04-23 06:09:00,21.16,2026,4,23,06:00,9,06:09
44.66666666666666,alsogod,1018.5666666666668,13.833333333333334,2026-04-23 06:10:00,21.23333333333333,2026,4,23,06:00,10,06:10
44.53333333333333,alsogod,1018.5533333333334,13.866666666666667,2026-04-23 06:11:00,21.30666666666667,2026,4,23,06:00,11,06:11
44.4,alsogod,1018.54,13.9,2026-04-23 06:12:00,21.380000000000003,2026,4,23,06:00,12,06:12
44.266666666666666,alsogod,1018.5266666666666,13.933333333333334,2026-04-23 06:13:00,21.453333333333333,2026,4,23,06:00,13,06:13
44.13333333333333,alsogod,1018.5133333333332,13.966666666666669,2026-04-23 06:14:00,21.526666666666667,2026,4,23,06:00,14,06:14
44.0,alsogod,1018.5,14.0,2026-04-23 06:15:00,21.6,2026,4,23,06:00,15,06:15
43.86666666666667,alsogod,1018.4866666666668,14.033333333333331,2026-04-23 06:16:00,21.673333333333336,2026,4,23,06:00,16,06:16
43.73333333333333,alsogod,1018.4733333333334,14.066666666666666,2026-04-23 06:17:00,21.746666666666663,2026,4,23,06:00,17,06:17
43.6,alsogod,1018.46,14.1,2026-04-23 06:18:00,21.82,2026,4,23,06:00,18,06:18
43.46666666666667,alsogod,1018.4466666666666,14.133333333333333,2026-04-23 06:19:00,21.89333333333333,2026,4,23,06:00,19,06:19
43.333333333333336,alsogod,1018.4333333333332,14.166666666666666,2026-04-23 06:20:00,21.96666666666667,2026,4,23,06:00,20,06:20
43.2,alsogod,1018.42,14.2,2026-04-23 06:21:00,22.04,2026,4,23,06:00,21,06:21
43.06666666666667,alsogod,1018.4066666666666,14.233333333333333,2026-04-23 06:22:00,22.113333333333333,2026,4,23,06:00,22,06:22
42.93333333333333,alsogod,1018.3933333333332,14.266666666666667,2026-04-23 06:23:00,22.186666666666667,2026,4,23,06:00,23,06:23
42.8,alsogod,1018.38,14.3,2026-04-23 06:24:00,22.26,2026,4,23,06:00,24,06:24
42.66666666666666,alsogod,1018.3666666666668,14.333333333333334,2026-04-23 06:25:00,22.33333333333333,2026,4,23,06:00,25,06:25
42.53333333333333,alsogod,1018.3533333333334,14.366666666666667,2026-04-23 06:26:00,22.406666666666663,2026,4,23,06:00,26,06:26
42.4,alsogod,1018.34,14.4,2026-04-23 06:27:00,22.48,2026,4,23,06:00,27,06:27
42.266666666666666,alsogod,1018.3266666666666,14.433333333333334,2026-04-23 06:28:00,22.55333333333333,2026,4,23,06:00,28,06:28
42.13333333333333,alsogod,1018.3133333333332,14.466666666666669,2026-04-23 06:29:00,22.626666666666665,2026,4,23,06:00,29,06:29
42.0,alsogod,1018.3,14.5,2026-04-23 06:30:00,22.7,2026,4,23,06:00,30,06:30
41.93333333333333,alsogod,1018.2933333333332,14.526666666666667,2026-04-23 06:31:00,22.746666666666663,2026,4,23,06:00,31,06:31
41.86666666666667,alsogod,1018.2866666666666,14.553333333333333,2026-04-23 06:32:00,22.793333333333333,2026,4,23,06:00,32,06:32
41.8,alsogod,1018.28,14.58,2026-04-23 06:33:00,22.84,2026,4,23,06:00,33,06:33
41.73333333333333,alsogod,1018.2733333333332,14.606666666666667,2026-04-23 06:34:00,22.886666666666667,2026,4,23,06:00,34,06:34
41.66666666666666,alsogod,1018.2666666666668,14.633333333333333,2026-04-23 06:35:00,22.933333333333334,2026,4,23,06:00,35,06:35
41.6,alsogod,1018.26,14.66,2026-04-23 06:36:00,22.98,2026,4,23,06:00,36,06:36
41.53333333333333,alsogod,1018.2533333333332,14.686666666666667,2026-04-23 06:37:00,23.026666666666667,2026,4,23,06:00,37,06:37
41.46666666666667,alsogod,1018.2466666666668,14.713333333333331,2026-04-23 06:38:00,23.07333333333333,2026,4,23,06:00,38,06:38
41.4,alsogod,1018.24,14.74,2026-04-23 06:39:00,23.12,2026,4,23,06:00,39,06:39
41.333333333333336,alsogod,1018.2333333333332,14.766666666666667,2026-04-23 06:40:00,23.166666666666664,2026,4,23,06:00,40,06:40
41.266666666666666,alsogod,1018.2266666666668,14.793333333333331,2026-04-23 06:41:00,23.21333333333333,2026,4,23,06:00,41,06:41
41.2,alsogod,1018.22,14.82,2026-04-23 06:42:00,23.26,2026,4,23,06:00,42,06:42
41.13333333333333,alsogod,1018.2133333333334,14.846666666666668,2026-04-23 06:43:00,23.306666666666665,2026,4,23,06:00,43,06:43
41.06666666666667,alsogod,1018.2066666666668,14.873333333333331,2026-04-23 06:44:00,23.35333333333333,2026,4,23,06:00,44,06:44
41.0,alsogod,1018.2,14.9,2026-04-23 06:45:00,23.4,2026,4,23,06:00,45,06:45
40.86666666666667,alsogod,1018.1866666666668,14.933333333333334,2026-04-23 06:46:00,23.426666666666662,2026,4,23,06:00,46,06:46
40.73333333333333,alsogod,1018.1733333333334,14.966666666666669,2026-04-23 06:47:00,23.453333333333333,2026,4,23,06:00,47,06:47
40.6,alsogod,1018.16,15.0,2026-04-23 06:48:00,23.48,2026,4,23,06:00,48,06:48
40.46666666666667,alsogod,1018.1466666666666,15.033333333333331,2026-04-23 06:49:00,23.506666666666664,2026,4,23,06:00,49,06:49
40.333333333333336,alsogod,1018.1333333333332,15.066666666666666,2026-04-23 06:50:00,23.53333333333333,2026,4,23,06:00,50,06:50
40.2,alsogod,1018.12,15.1,2026-04-23 06:51:00,23.56,2026,4,23,06:00,51,06:51
40.06666666666667,alsogod,1018.1066666666668,15.133333333333333,2026-04-23 06:52:00,23.586666666666662,2026,4,23,06:00,52,06:52
39.93333333333333,alsogod,1018.0933333333334,15.166666666666668,2026-04-23 06:53:00,23.613333333333333,2026,4,23,06:00,53,06:53
39.8,alsogod,1018.08,15.2,2026-04-23 06:54:00,23.64,2026,4,23,06:00,54,06:54
39.66666666666666,alsogod,1018.0666666666668,15.233333333333334,2026-04-23 06:55:00,23.666666666666668,2026,4,23,06:00,55,06:55
39.53333333333333,alsogod,1018.0533333333334,15.266666666666667,2026-04-23 06:56:00,23.69333333333333,2026,4,23,06:00,56,06:56
39.4,alsogod,1018.04,15.3,2026-04-23 06:57:00,23.72,2026,4,23,06:00,57,06:57
39.266666666666666,alsogod,1018.0266666666666,15.333333333333334,2026-04-23 06:58:00,23.746666666666663,2026,4,23,06:00,58,06:58
39.13333333333333,alsogod,1018.0133333333332,15.366666666666667,2026-04-23 06:59:00,23.773333333333333,2026,4,23,06:00,59,06:59
39.0,alsogod,1018.0,15.4,2026-04-23 07:00:00,23.8,2026,4,23,07:00,0,07:00
38.93333333333333,alsogod,1017.9933333333332,15.42,2026-04-23 07:01:00,23.773333333333333,2026,4,23,07:00,1,07:01
38.86666666666667,alsogod,1017.9866666666668,15.44,2026-04-23 07:02:00,23.746666666666663,2026,4,23,07:00,2,07:02
38.8,alsogod,1017.98,15.46,2026-04-23 07:03:00,23.72,2026,4,23,07:00,3,07:03
38.73333333333333,alsogod,1017.9733333333334,15.48,2026-04-23 07:04:00,23.69333333333333,2026,4,23,07:00,4,07:04
38.66666666666666,alsogod,1017.9666666666668,15.5,2026-04-23 07:05:00,23.666666666666668,2026,4,23,07:00,5,07:05
38.6,alsogod,1017.96,15.52,2026-04-23 07:06:00,23.64,2026,4,23,07:00,6,07:06
38.53333333333333,alsogod,1017.9533333333334,15.54,2026-04-23 07:07:00,23.613333333333333,2026,4,23,07:00,7,07:07
38.46666666666667,alsogod,1017.9466666666666,15.56,2026-04-23 07:08:00,23.586666666666662,2026,4,23,07:00,8,07:08
38.4,alsogod,1017.94,15.58,2026-04-23 07:09:00,23.56,2026,4,23,07:00,9,07:09
38.333333333333336,alsogod,1017.9333333333332,15.6,2026-04-23 07:10:00,23.53333333333333,2026,4,23,07:00,10,07:10
38.266666666666666,alsogod,1017.9266666666666,15.62,2026-04-23 07:11:00,23.506666666666664,2026,4,23,07:00,11,07:11
38.2,alsogod,1017.92,15.64,2026-04-23 07:12:00,23.48,2026,4,23,07:00,12,07:12
38.13333333333333,alsogod,1017.9133333333332,15.66,2026-04-23 07:13:00,23.453333333333333,2026,4,23,07:00,13,07:13
38.06666666666667,alsogod,1017.9066666666666,15.68,2026-04-23 07:14:00,23.426666666666662,2026,4,23,07:00,14,07:14
38.0,alsogod,1017.9,15.7,2026-04-23 07:15:00,23.4,2026,4,23,07:00,15,07:15
37.93333333333333,alsogod,1017.8933333333332,15.72,2026-04-23 07:16:00,23.35333333333333,2026,4,23,07:00,16,07:16
37.86666666666667,alsogod,1017.8866666666668,15.74,2026-04-23 07:17:00,23.306666666666665,2026,4,23,07:00,17,07:17
37.8,alsogod,1017.88,15.76,2026-04-23 07:18:00,23.26,2026,4,23,07:00,18,07:18
37.73333333333333,alsogod,1017.8733333333332,15.78,2026-04-23 07:19:00,23.21333333333333,2026,4,23,07:00,19,07:19
37.66666666666666,alsogod,1017.8666666666668,15.8,2026-04-23 07:20:00,23.166666666666664,2026,4,23,07:00,20,07:20
37.6,alsogod,1017.86,15.82,2026-04-23 07:21:00,23.12,2026,4,23,07:00,21,07:21
37.53333333333333,alsogod,1017.8533333333334,15.84,2026-04-23 07:22:00,23.07333333333333,2026,4,23,07:00,22,07:22
37.46666666666667,alsogod,1017.8466666666666,15.86,2026-04-23 07:23:00,23.026666666666667,2026,4,23,07:00,23,07:23
37.4,alsogod,1017.84,15.88,2026-04-23 07:24:00,22.98,2026,4,23,07:00,24,07:24
37.333333333333336,alsogod,1017.8333333333331,15.9,2026-04-23 07:25:00,22.933333333333334,2026,4,23,07:00,25,07:25
37.266666666666666,alsogod,1017.8266666666666,15.92,2026-04-23 07:26:00,22.886666666666667,2026,4,23,07:00,26,07:26
37.2,alsogod,1017.82,15.94,2026-04-23 07:27:00,22.84,2026,4,23,07:00,27,07:27
37.13333333333333,alsogod,1017.8133333333332,15.96,2026-04-23 07:28:00,22.793333333333333,2026,4,23,07:00,28,07:28
37.06666666666667,alsogod,1017.8066666666666,15.98,2026-04-23 07:29:00,22.746666666666663,2026,4,23,07:00,29,07:29
37.0,alsogod,1017.8,16.0,2026-04-23 07:30:00,22.7,2026,4,23,07:00,30,07:30
36.93333333333333,alsogod,1017.7933333333332,16.013333333333332,2026-04-23 07:31:00,22.65333333333333,2026,4,23,07:00,31,07:31
36.86666666666667,alsogod,1017.7866666666666,16.026666666666667,2026-04-23 07:32:00,22.606666666666666,2026,4,23,07:00,32,07:32
36.8,alsogod,1017.78,16.04,2026-04-23 07:33:00,22.56,2026,4,23,07:00,33,07:33
36.73333333333333,alsogod,1017.7733333333332,16.053333333333335,2026-04-23 07:34:00,22.51333333333333,2026,4,23,07:00,34,07:34
36.66666666666666,alsogod,1017.7666666666668,16.066666666666666,2026-04-23 07:35:00,22.466666666666665,2026,4,23,07:00,35,07:35
36.6,alsogod,1017.76,16.08,2026-04-23 07:36:00,22.42,2026,4,23,07:00,36,07:36
36.53333333333333,alsogod,1017.7533333333332,16.093333333333334,2026-04-23 07:37:00,22.37333333333333,2026,4,23,07:00,37,07:37
36.46666666666667,alsogod,1017.7466666666668,16.106666666666666,2026-04-23 07:38:00,22.326666666666668,2026,4,23,07:00,38,07:38
36.4,alsogod,1017.74,16.12,2026-04-23 07:39:00,22.28,2026,4,23,07:00,39,07:39
36.333333333333336,alsogod,1017.7333333333332,16.133333333333333,2026-04-23 07:40:00,22.23333333333333,2026,4,23,07:00,40,07:40
36.266666666666666,alsogod,1017.7266666666668,16.146666666666665,2026-04-23 07:41:00,22.186666666666667,2026,4,23,07:00,41,07:41
36.2,alsogod,1017.72,16.16,2026-04-23 07:42:00,22.14,2026,4,23,07:00,42,07:42
36.13333333333333,alsogod,1017.7133333333334,16.173333333333332,2026-04-23 07:43:00,22.093333333333334,2026,4,23,07:00,43,07:43
36.06666666666667,alsogod,1017.7066666666668,16.186666666666667,2026-04-23 07:44:00,22.046666666666667,2026,4,23,07:00,44,07:44
36.0,alsogod,1017.7,16.2,2026-04-23 07:45:00,22.0,2026,4,23,07:00,45,07:45
35.93333333333333,alsogod,1017.6933333333334,16.22,2026-04-23 07:46:00,21.946666666666665,2026,4,23,07:00,46,07:46
35.86666666666667,alsogod,1017.6866666666668,16.24,2026-04-23 07:47:00,21.89333333333333,2026,4,23,07:00,47,07:47
35.8,alsogod,1017.68,16.259999999999998,2026-04-23 07:48:00,21.84,2026,4,23,07:00,48,07:48
35.733333333333334,alsogod,1017.6733333333334,16.28,2026-04-23 07:49:00,21.786666666666665,2026,4,23,07:00,49,07:49
35.666666666666664,alsogod,1017.6666666666669,16.3,2026-04-23 07:50:00,21.73333333333333,2026,4,23,07:00,50,07:50
35.6,alsogod,1017.66,16.32,2026-04-23 07:51:00,21.68,2026,4,23,07:00,51,07:51
35.53333333333333,alsogod,1017.6533333333334,16.34,2026-04-23 07:52:00,21.626666666666665,2026,4,23,07:00,52,07:52
35.46666666666667,alsogod,1017.6466666666666,16.36,2026-04-23 07:53:00,21.57333333333333,2026,4,23,07:00,53,07:53
35.4,alsogod,1017.64,16.38,2026-04-23 07:54:00,21.52,2026,4,23,07:00,54,07:54
35.333333333333336,alsogod,1017.6333333333332,16.4,2026-04-23 07:55:00,21.466666666666665,2026,4,23,07:00,55,07:55
35.266666666666666,alsogod,1017.6266666666668,16.419999999999998,2026-04-23 07:56:00,21.41333333333333,2026,4,23,07:00,56,07:56
35.2,alsogod,1017.62,16.44,2026-04-23 07:57:00,21.36,2026,4,23,07:00,57,07:57
35.13333333333333,alsogod,1017.6133333333332,16.46,2026-04-23 07:58:00,21.306666666666665,2026,4,23,07:00,58,07:58
35.06666666666667,alsogod,1017.6066666666668,16.48,2026-04-23 07:59:00,21.25333333333333,2026,4,23,07:00,59,07:59
35.0,alsogod,1017.6,16.5,2026-04-23 08:00:00,21.2,2026,4,23,08:00,0,08:00
34.93333333333333,alsogod,1017.5933333333334,16.52,2026-04-23 08:01:00,21.18,2026,4,23,08:00,1,08:01
34.86666666666667,alsogod,1017.5866666666668,16.54,2026-04-23 08:02:00,21.16,2026,4,23,08:00,2,08:02
34.8,alsogod,1017.58,16.56,2026-04-23 08:03:00,21.14,2026,4,23,08:00,3,08:03
34.733333333333334,alsogod,1017.5733333333334,16.580000000000002,2026-04-23 08:04:00,21.12,2026,4,23,08:00,4,08:04
34.666666666666664,alsogod,1017.5666666666668,16.6,2026-04-23 08:05:00,21.1,2026,4,23,08:00,5,08:05
34.6,alsogod,1017.56,16.62,2026-04-23 08:06:00,21.08,2026,4,23,08:00,6,08:06
34.53333333333333,alsogod,1017.5533333333334,16.64,2026-04-23 08:07:00,21.06,2026,4,23,08:00,7,08:07
34.46666666666667,alsogod,1017.5466666666666,16.66,2026-04-23 08:08:00,21.04,2026,4,23,08:00,8,08:08
34.4,alsogod,1017.54,16.68,2026-04-23 08:09:00,21.02,2026,4,23,08:00,9,08:09
34.333333333333336,alsogod,1017.5333333333332,16.7,2026-04-23 08:10:00,21.0,2026,4,23,08:00,10,08:10
34.266666666666666,alsogod,1017.5266666666666,16.72,2026-04-23 08:11:00,20.98,2026,4,23,08:00,11,08:11
34.2,alsogod,1017.52,16.740000000000002,2026-04-23 08:12:00,20.96,2026,4,23,08:00,12,08:12
34.13333333333333,alsogod,1017.5133333333332,16.76,2026-04-23 08:13:00,20.94,2026,4,23,08:00,13,08:13
34.06666666666667,alsogod,1017.5066666666668,16.78,2026-04-23 08:14:00,20.92,2026,4,23,08:00,14,08:14
34.0,alsogod,1017.5,16.8,2026-04-23 08:15:00,20.9,2026,4,23,08:00,15,08:15
33.93333333333333,alsogod,1017.4866666666668,16.826666666666668,2026-04-23 08:16:00,20.87333333333333,2026,4,23,08:00,16,08:16
33.86666666666667,alsogod,1017.4733333333334,16.853333333333335,2026-04-23 08:17:00,20.846666666666664,2026,4,23,08:00,17,08:17
33.8,alsogod,1017.46,16.88,2026-04-23 08:18:00,20.82,2026,4,23,08:00,18,08:18
33.733333333333334,alsogod,1017.4466666666666,16.906666666666666,2026-04-23 08:19:00,20.793333333333333,2026,4,23,08:00,19,08:19
33.666666666666664,alsogod,1017.4333333333332,16.933333333333334,2026-04-23 08:20:00,20.766666666666666,2026,4,23,08:00,20,08:20
33.6,alsogod,1017.42,16.96,2026-04-23 08:21:00,20.74,2026,4,23,08:00,21,08:21
33.53333333333333,alsogod,1017.4066666666666,16.986666666666668,2026-04-23 08:22:00,20.71333333333333,2026,4,23,08:00,22,08:22
33.46666666666667,alsogod,1017.3933333333332,17.013333333333332,2026-04-23 08:23:00,20.686666666666667,2026,4,23,08:00,23,08:23
33.4,alsogod,1017.38,17.04,2026-04-23 08:24:00,20.66,2026,4,23,08:00,24,08:24
33.333333333333336,alsogod,1017.3666666666668,17.066666666666666,2026-04-23 08:25:00,20.633333333333333,2026,4,23,08:00,25,08:25
33.266666666666666,alsogod,1017.3533333333334,17.093333333333334,2026-04-23 08:26:00,20.606666666666666,2026,4,23,08:00,26,08:26
33.2,alsogod,1017.34,17.12,2026-04-23 08:27:00,20.58,2026,4,23,08:00,27,08:27
33.13333333333333,alsogod,1017.3266666666666,17.146666666666665,2026-04-23 08:28:00,20.55333333333333,2026,4,23,08:00,28,08:28
33.06666666666667,alsogod,1017.3133333333332,17.173333333333332,2026-04-23 08:29:00,20.526666666666667,2026,4,23,08:00,29,08:29
33.0,alsogod,1017.3,17.2,2026-04-23 08:30:00,20.5,2026,4,23,08:00,30,08:30
33.0,alsogod,1017.2933333333332,17.22,2026-04-23 08:31:00,20.5,2026,4,23,08:00,31,08:31
33.0,alsogod,1017.2866666666666,17.24,2026-04-23 08:32:00,20.5,2026,4,23,08:00,32,08:32
33.0,alsogod,1017.28,17.259999999999998,2026-04-23 08:33:00,20.5,2026,4,23,08:00,33,08:33
33.0,alsogod,1017.2733333333332,17.28,2026-04-23 08:34:00,20.5,2026,4,23,08:00,34,08:34
33.0,alsogod,1017.2666666666668,17.3,2026-04-23 08:35:00,20.5,2026,4,23,08:00,35,08:35
33.0,alsogod,1017.26,17.32,2026-04-23 08:36:00,20.5,2026,4,23,08:00,36,08:36
33.0,alsogod,1017.2533333333332,17.34,2026-04-23 08:37:00,20.5,2026,4,23,08:00,37,08:37
33.0,alsogod,1017.2466666666668,17.36,2026-04-23 08:38:00,20.5,2026,4,23,08:00,38,08:38
33.0,alsogod,1017.24,17.38,2026-04-23 08:39:00,20.5,2026,4,23,08:00,39,08:39
33.0,alsogod,1017.2333333333332,17.4,2026-04-23 08:40:00,20.5,2026,4,23,08:00,40,08:40
33.0,alsogod,1017.2266666666668,17.419999999999998,2026-04-23 08:41:00,20.5,2026,4,23,08:00,41,08:41
33.0,alsogod,1017.22,17.44,2026-04-23 08:42:00,20.5,2026,4,23,08:00,42,08:42
33.0,alsogod,1017.2133333333334,17.46,2026-04-23 08:43:00,20.5,2026,4,23,08:00,43,08:43
33.0,alsogod,1017.2066666666668,17.48,2026-04-23 08:44:00,20.5,2026,4,23,08:00,44,08:44
33.0,alsogod,1017.2,17.5,2026-04-23 08:45:00,20.5,2026,4,23,08:00,45,08:45
32.93333333333333,alsogod,1017.1866666666668,17.52,2026-04-23 08:46:00,20.48,2026,4,23,08:00,46,08:46
32.86666666666667,alsogod,1017.1733333333334,17.54,2026-04-23 08:47:00,20.46,2026,4,23,08:00,47,08:47
32.8,alsogod,1017.16,17.56,2026-04-23 08:48:00,20.44,2026,4,23,08:00,48,08:48
32.733333333333334,alsogod,1017.1466666666666,17.580000000000002,2026-04-23 08:49:00,20.42,2026,4,23,08:00,49,08:49
32.666666666666664,alsogod,1017.1333333333332,17.6,2026-04-23 08:50:00,20.4,2026,4,23,08:00,50,08:50
32.6,alsogod,1017.12,17.62,2026-04-23 08:51:00,20.38,2026,4,23,08:00,51,08:51
32.53333333333333,alsogod,1017.1066666666668,17.64,2026-04-23 08:52:00,20.36,2026,4,23,08:00,52,08:52
32.46666666666667,alsogod,1017.0933333333334,17.66,2026-04-23 08:53:00,20.34,2026,4,23,08:00,53,08:53
32.4,alsogod,1017.08,17.68,2026-04-23 08:54:00,20.32,2026,4,23,08:00,54,08:54
32.333333333333336,alsogod,1017.0666666666668,17.7,2026-04-23 08:55:00,20.3,2026,4,23,08:00,55,08:55
32.266666666666666,alsogod,1017.0533333333334,17.72,2026-04-23 08:56:00,20.28,2026,4,23,08:00,56,08:56
32.2,alsogod,1017.04,17.740000000000002,2026-04-23 08:57:00,20.26,2026,4,23,08:00,57,08:57
32.13333333333333,alsogod,1017.0266666666666,17.76,2026-04-23 08:58:00,20.24,2026,4,23,08:00,58,08:58
32.06666666666667,alsogod,1017.0133333333332,17.78,2026-04-23 08:59:00,20.22,2026,4,23,08:00,59,08:59
32.0,alsogod,1017.0,17.8,2026-04-23 09:00:00,20.2,2026,4,23,09:00,0,09:00
31.933333333333334,alsogod,1016.9866666666668,17.82,2026-04-23 09:01:00,20.17333333333333,2026,4,23,09:00,1,09:01
31.866666666666667,alsogod,1016.9733333333334,17.84,2026-04-23 09:02:00,20.146666666666665,2026,4,23,09:00,2,09:02
31.8,alsogod,1016.96,17.86,2026-04-23 09:03:00,20.12,2026,4,23,09:00,3,09:03
31.73333333333333,alsogod,1016.9466666666666,17.880000000000003,2026-04-23 09:04:00,20.093333333333334,2026,4,23,09:00,4,09:04
31.666666666666668,alsogod,1016.9333333333332,17.900000000000002,2026-04-23 09:05:00,20.066666666666663,2026,4,23,09:00,5,09:05
31.6,alsogod,1016.92,17.92,2026-04-23 09:06:00,20.04,2026,4,23,09:00,6,09:06
31.53333333333333,alsogod,1016.9066666666666,17.94,2026-04-23 09:07:00,20.01333333333333,2026,4,23,09:00,7,09:07
31.466666666666665,alsogod,1016.8933333333332,17.96,2026-04-23 09:08:00,19.986666666666668,2026,4,23,09:00,8,09:08
31.4,alsogod,1016.88,17.98,2026-04-23 09:09:00,19.96,2026,4,23,09:00,9,09:09
31.33333333333333,alsogod,1016.8666666666668,18.0,2026-04-23 09:10:00,19.933333333333334,2026,4,23,09:00,10,09:10
31.266666666666666,alsogod,1016.8533333333334,18.02,2026-04-23 09:11:00,19.906666666666663,2026,4,23,09:00,11,09:11
31.2,alsogod,1016.84,18.040000000000003,2026-04-23 09:12:00,19.88,2026,4,23,09:00,12,09:12
31.133333333333333,alsogod,1016.8266666666666,18.06,2026-04-23 09:13:00,19.85333333333333,2026,4,23,09:00,13,09:13
31.066666666666663,alsogod,1016.8133333333332,18.08,2026-04-23 09:14:00,19.826666666666668,2026,4,23,09:00,14,09:14
31.0,alsogod,1016.8,18.1,2026-04-23 09:15:00,19.8,2026,4,23,09:00,15,09:15
30.933333333333334,alsogod,1016.7933333333332,18.113333333333333,2026-04-23 09:16:00,19.8,2026,4,23,09:00,16,09:16
30.866666666666667,alsogod,1016.7866666666666,18.12666666666667,2026-04-23 09:17:00,19.8,2026,4,23,09:00,17,09:17
30.8,alsogod,1016.78,18.14,2026-04-23 09:18:00,19.8,2026,4,23,09:00,18,09:18
30.73333333333333,alsogod,1016.7733333333332,18.153333333333336,2026-04-23 09:19:00,19.8,2026,4,23,09:00,19,09:19
30.666666666666668,alsogod,1016.7666666666668,18.166666666666668,2026-04-23 09:20:00,19.8,2026,4,23,09:00,20,09:20
30.6,alsogod,1016.76,18.18,2026-04-23 09:21:00,19.8,2026,4,23,09:00,21,09:21
30.53333333333333,alsogod,1016.7533333333332,18.19333333333333,2026-04-23 09:22:00,19.8,2026,4,23,09:00,22,09:22
30.466666666666665,alsogod,1016.7466666666668,18.206666666666667,2026-04-23 09:23:00,19.8,2026,4,23,09:00,23,09:23
30.4,alsogod,1016.74,18.22,2026-04-23 09:24:00,19.8,2026,4,23,09:00,24,09:24
30.33333333333333,alsogod,1016.7333333333332,18.23333333333333,2026-04-23 09:25:00,19.8,2026,4,23,09:00,25,09:25
30.266666666666666,alsogod,1016.7266666666668,18.246666666666663,2026-04-23 09:26:00,19.8,2026,4,23,09:00,26,09:26
30.2,alsogod,1016.72,18.26,2026-04-23 09:27:00,19.8,2026,4,23,09:00,27,09:27
30.133333333333333,alsogod,1016.7133333333334,18.273333333333333,2026-04-23 09:28:00,19.8,2026,4,23,09:00,28,09:28
30.066666666666663,alsogod,1016.7066666666668,18.28666666666667,2026-04-23 09:29:00,19.8,2026,4,23,09:00,29,09:29
30.0,alsogod,1016.7,18.3,2026-04-23 09:30:00,19.8,2026,4,23,09:00,30,09:30
30.0,alsogod,1016.6866666666668,18.32,2026-04-23 09:31:00,19.773333333333333,2026,4,23,09:00,31,09:31
30.0,alsogod,1016.6733333333334,18.34,2026-04-23 09:32:00,19.746666666666663,2026,4,23,09:00,32,09:32
30.0,alsogod,1016.66,18.36,2026-04-23 09:33:00,19.72,2026,4,23,09:00,33,09:33
30.0,alsogod,1016.6466666666666,18.380000000000003,2026-04-23 09:34:00,19.69333333333333,2026,4,23,09:00,34,09:34
30.0,alsogod,1016.6333333333332,18.4,2026-04-23 09:35:00,19.666666666666668,2026,4,23,09:00,35,09:35
30.0,alsogod,1016.62,18.42,2026-04-23 09:36:00,19.64,2026,4,23,09:00,36,09:36
30.0,alsogod,1016.6066666666668,18.44,2026-04-23 09:37:00,19.613333333333333,2026,4,23,09:00,37,09:37
30.0,alsogod,1016.5933333333334,18.46,2026-04-23 09:38:00,19.586666666666662,2026,4,23,09:00,38,09:38
30.0,alsogod,1016.58,18.48,2026-04-23 09:39:00,19.56,2026,4,23,09:00,39,09:39
30.0,alsogod,1016.5666666666668,18.5,2026-04-23 09:40:00,19.53333333333333,2026,4,23,09:00,40,09:40
30.0,alsogod,1016.5533333333334,18.52,2026-04-23 09:41:00,19.506666666666664,2026,4,23,09:00,41,09:41
30.0,alsogod,1016.54,18.540000000000003,2026-04-23 09:42:00,19.48,2026,4,23,09:00,42,09:42
30.0,alsogod,1016.5266666666666,18.56,2026-04-23 09:43:00,19.453333333333333,2026,4,23,09:00,43,09:43
30.0,alsogod,1016.5133333333332,18.58,2026-04-23 09:44:00,19.426666666666662,2026,4,23,09:00,44,09:44
30.0,alsogod,1016.5,18.6,2026-04-23 09:45:00,19.4,2026,4,23,09:00,45,09:45
29.933333333333334,alsogod,1016.4866666666668,18.613333333333333,2026-04-23 09:46:00,19.4,2026,4,23,09:00,46,09:46
29.866666666666667,alsogod,1016.4733333333334,18.62666666666667,2026-04-23 09:47:00,19.4,2026,4,23,09:00,47,09:47
29.8,alsogod,1016.46,18.64,2026-04-23 09:48:00,19.4,2026,4,23,09:00,48,09:48
29.73333333333333,alsogod,1016.4466666666666,18.653333333333336,2026-04-23 09:49:00,19.4,2026,4,23,09:00,49,09:49
29.666666666666668,alsogod,1016.4333333333332,18.666666666666668,2026-04-23 09:50:00,19.4,2026,4,23,09:00,50,09:50
29.6,alsogod,1016.42,18.68,2026-04-23 09:51:00,19.4,2026,4,23,09:00,51,09:51
29.53333333333333,alsogod,1016.4066666666666,18.69333333333333,2026-04-23 09:52:00,19.4,2026,4,23,09:00,52,09:52
29.466666666666665,alsogod,1016.3933333333332,18.706666666666667,2026-04-23 09:53:00,19.4,2026,4,23,09:00,53,09:53
29.4,alsogod,1016.38,18.72,2026-04-23 09:54:00,19.4,2026,4,23,09:00,54,09:54
29.33333333333333,alsogod,1016.3666666666668,18.73333333333333,2026-04-23 09:55:00,19.4,2026,4,23,09:00,55,09:55
29.266666666666666,alsogod,1016.3533333333334,18.746666666666663,2026-04-23 09:56:00,19.4,2026,4,23,09:00,56,09:56
29.2,alsogod,1016.34,18.76,2026-04-23 09:57:00,19.4,2026,4,23,09:00,57,09:57
29.133333333333333,alsogod,1016.3266666666666,18.773333333333333,2026-04-23 09:58:00,19.4,2026,4,23,09:00,58,09:58
29.066666666666663,alsogod,1016.3133333333332,18.78666666666667,2026-04-23 09:59:00,19.4,2026,4,23,09:00,59,09:59
29.0,alsogod,1016.3,18.8,2026-04-23 10:00:00,19.4,2026,4,23,10:00,0,10:00
29.0,alsogod,1016.2866666666666,18.813333333333333,2026-04-23 10:01:00,19.4,2026,4,23,10:00,1,10:01
29.0,alsogod,1016.2733333333332,18.826666666666668,2026-04-23 10:02:00,19.4,2026,4,23,10:00,2,10:02
29.0,alsogod,1016.26,18.84,2026-04-23 10:03:00,19.4,2026,4,23,10:00,3,10:03
29.0,alsogod,1016.2466666666668,18.85333333333333,2026-04-23 10:04:00,19.4,2026,4,23,10:00,4,10:04
29.0,alsogod,1016.2333333333332,18.866666666666667,2026-04-23 10:05:00,19.4,2026,4,23,10:00,5,10:05
29.0,alsogod,1016.22,18.88,2026-04-23 10:06:00,19.4,2026,4,23,10:00,6,10:06
29.0,alsogod,1016.2066666666668,18.89333333333333,2026-04-23 10:07:00,19.4,2026,4,23,10:00,7,10:07
29.0,alsogod,1016.1933333333332,18.906666666666663,2026-04-23 10:08:00,19.4,2026,4,23,10:00,8,10:08
29.0,alsogod,1016.18,18.92,2026-04-23 10:09:00,19.4,2026,4,23,10:00,9,10:09
29.0,alsogod,1016.1666666666666,18.933333333333334,2026-04-23 10:10:00,19.4,2026,4,23,10:00,10,10:10
29.0,alsogod,1016.1533333333332,18.946666666666665,2026-04-23 10:11:00,19.4,2026,4,23,10:00,11,10:11
29.0,alsogod,1016.14,18.96,2026-04-23 10:12:00,19.4,2026,4,23,10:00,12,10:12
29.0,alsogod,1016.1266666666668,18.973333333333333,2026-04-23 10:13:00,19.4,2026,4,23,10:00,13,10:13
29.0,alsogod,1016.1133333333332,18.986666666666668,2026-04-23 10:14:00,19.4,2026,4,23,10:00,14,10:14
29.0,alsogod,1016.1,19.0,2026-04-23 10:15:00,19.4,2026,4,23,10:00,15,10:15
28.933333333333334,alsogod,1016.0933333333334,19.006666666666668,2026-04-23 10:16:00,19.4,2026,4,23,10:00,16,10:16
28.866666666666667,alsogod,1016.0866666666668,19.01333333333333,2026-04-23 10:17:00,19.4,2026,4,23,10:00,17,10:17
28.8,alsogod,1016.08,19.02,2026-04-23 10:18:00,19.4,2026,4,23,10:00,18,10:18
28.73333333333333,alsogod,1016.0733333333334,19.026666666666667,2026-04-23 10:19:00,19.4,2026,4,23,10:00,19,10:19
28.666666666666668,alsogod,1016.0666666666668,19.03333333333333,2026-04-23 10:20:00,19.4,2026,4,23,10:00,20,10:20
28.6,alsogod,1016.06,19.04,2026-04-23 10:21:00,19.4,2026,4,23,10:00,21,10:21
28.53333333333333,alsogod,1016.0533333333334,19.046666666666667,2026-04-23 10:22:00,19.4,2026,4,23,10:00,22,10:22
28.466666666666665,alsogod,1016.0466666666666,19.05333333333333,2026-04-23 10:23:00,19.4,2026,4,23,10:00,23,10:23
28.4,alsogod,1016.04,19.06,2026-04-23 10:24:00,19.4,2026,4,23,10:00,24,10:24
28.33333333333333,alsogod,1016.0333333333332,19.066666666666663,2026-04-23 10:25:00,19.4,2026,4,23,10:00,25,10:25
28.266666666666666,alsogod,1016.0266666666666,19.07333333333333,2026-04-23 10:26:00,19.4,2026,4,23,10:00,26,10:26
28.2,alsogod,1016.02,19.08,2026-04-23 10:27:00,19.4,2026,4,23,10:00,27,10:27
28.133333333333333,alsogod,1016.0133333333332,19.08666666666667,2026-04-23 10:28:00,19.4,2026,4,23,10:00,28,10:28
28.066666666666663,alsogod,1016.0066666666668,19.093333333333334,2026-04-23 10:29:00,19.4,2026,4,23,10:00,29,10:29
28.0,alsogod,1016.0,19.1,2026-04-23 10:30:00,19.4,2026,4,23,10:00,30,10:30
28.0,alsogod,1015.9866666666668,19.10666666666667,2026-04-23 10:31:00,19.4,2026,4,23,10:00,31,10:31
28.0,alsogod,1015.9733333333334,19.113333333333333,2026-04-23 10:32:00,19.4,2026,4,23,10:00,32,10:32
28.0,alsogod,1015.96,19.12,2026-04-23 10:33:00,19.4,2026,4,23,10:00,33,10:33
28.0,alsogod,1015.9466666666666,19.12666666666667,2026-04-23 10:34:00,19.4,2026,4,23,10:00,34,10:34
28.0,alsogod,1015.9333333333332,19.133333333333333,2026-04-23 10:35:00,19.4,2026,4,23,10:00,35,10:35
28.0,alsogod,1015.92,19.14,2026-04-23 10:36:00,19.4,2026,4,23,10:00,36,10:36
28.0,alsogod,1015.9066666666666,19.14666666666667,2026-04-23 10:37:00,19.4,2026,4,23,10:00,37,10:37
28.0,alsogod,1015.8933333333332,19.15333333333333,2026-04-23 10:38:00,19.4,2026,4,23,10:00,38,10:38
28.0,alsogod,1015.88,19.16,2026-04-23 10:39:00,19.4,2026,4,23,10:00,39,10:39
28.0,alsogod,1015.8666666666668,19.166666666666668,2026-04-23 10:40:00,19.4,2026,4,23,10:00,40,10:40
28.0,alsogod,1015.8533333333334,19.17333333333333,2026-04-23 10:41:00,19.4,2026,4,23,10:00,41,10:41
28.0,alsogod,1015.84,19.18,2026-04-23 10:42:00,19.4,2026,4,23,10:00,42,10:42
28.0,alsogod,1015.8266666666666,19.186666666666667,2026-04-23 10:43:00,19.4,2026,4,23,10:00,43,10:43
28.0,alsogod,1015.8133333333332,19.19333333333333,2026-04-23 10:44:00,19.4,2026,4,23,10:00,44,10:44
28.0,alsogod,1015.8,19.2,2026-04-23 10:45:00,19.4,2026,4,23,10:00,45,10:45
28.0,alsogod,1015.7933333333332,19.206666666666667,2026-04-23 10:46:00,19.426666666666662,2026,4,23,10:00,46,10:46
28.0,alsogod,1015.7866666666666,19.21333333333333,2026-04-23 10:47:00,19.453333333333333,2026,4,23,10:00,47,10:47
28.0,alsogod,1015.78,19.22,2026-04-23 10:48:00,19.48,2026,4,23,10:00,48,10:48
28.0,alsogod,1015.7733333333332,19.226666666666667,2026-04-23 10:49:00,19.506666666666664,2026,4,23,10:00,49,10:49
28.0,alsogod,1015.7666666666668,19.23333333333333,2026-04-23 10:50:00,19.53333333333333,2026,4,23,10:00,50,10:50
28.0,alsogod,1015.76,19.24,2026-04-23 10:51:00,19.56,2026,4,23,10:00,51,10:51
28.0,alsogod,1015.7533333333332,19.246666666666663,2026-04-23 10:52:00,19.586666666666662,2026,4,23,10:00,52,10:52
28.0,alsogod,1015.7466666666668,19.25333333333333,2026-04-23 10:53:00,19.613333333333333,2026,4,23,10:00,53,10:53
28.0,alsogod,1015.74,19.26,2026-04-23 10:54:00,19.64,2026,4,23,10:00,54,10:54
28.0,alsogod,1015.7333333333332,19.266666666666666,2026-04-23 10:55:00,19.666666666666668,2026,4,23,10:00,55,10:55
28.0,alsogod,1015.7266666666668,19.273333333333333,2026-04-23 10:56:00,19.69333333333333,2026,4,23,10:00,56,10:56
28.0,alsogod,1015.72,19.28,2026-04-23 10:57:00,19.72,2026,4,23,10:00,57,10:57
28.0,alsogod,1015.7133333333334,19.28666666666667,2026-04-23 10:58:00,19.746666666666663,2026,4,23,10:00,58,10:58
28.0,alsogod,1015.7066666666668,19.293333333333333,2026-04-23 10:59:00,19.773333333333333,2026,4,23,10:00,59,10:59
28.0,alsogod,1015.7,19.3,2026-04-23 11:00:00,19.8,2026,4,23,11:00,0,11:00
28.0,alsogod,1015.6866666666668,19.3,2026-04-23 11:01:00,19.826666666666668,2026,4,23,11:00,1,11:01
28.0,alsogod,1015.6733333333334,19.3,2026-04-23 11:02:00,19.85333333333333,2026,4,23,11:00,2,11:02
28.0,alsogod,1015.66,19.3,2026-04-23 11:03:00,19.88,2026,4,23,11:00,3,11:03
28.0,alsogod,1015.6466666666666,19.3,2026-04-23 11:04:00,19.906666666666663,2026,4,23,11:00,4,11:04
28.0,alsogod,1015.6333333333332,19.3,2026-04-23 11:05:00,19.933333333333334,2026,4,23,11:00,5,11:05
28.0,alsogod,1015.62,19.3,2026-04-23 11:06:00,19.96,2026,4,23,11:00,6,11:06
28.0,alsogod,1015.6066666666668,19.3,2026-04-23 11:07:00,19.986666666666668,2026,4,23,11:00,7,11:07
28.0,alsogod,1015.5933333333334,19.3,2026-04-23 11:08:00,20.01333333333333,2026,4,23,11:00,8,11:08
28.0,alsogod,1015.58,19.3,2026-04-23 11:09:00,20.04,2026,4,23,11:00,9,11:09
28.0,alsogod,1015.5666666666668,19.3,2026-04-23 11:10:00,20.066666666666663,2026,4,23,11:00,10,11:10
28.0,alsogod,1015.5533333333334,19.3,2026-04-23 11:11:00,20.093333333333334,2026,4,23,11:00,11,11:11
28.0,alsogod,1015.54,19.3,2026-04-23 11:12:00,20.12,2026,4,23,11:00,12,11:12
28.0,alsogod,1015.5266666666666,19.3,2026-04-23 11:13:00,20.146666666666665,2026,4,23,11:00,13,11:13
28.0,alsogod,1015.5133333333332,19.3,2026-04-23 11:14:00,20.17333333333333,2026,4,23,11:00,14,11:14
28.0,alsogod,1015.5,19.3,2026-04-23 11:15:00,20.2,2026,4,23,11:00,15,11:15
28.0,alsogod,1015.4933333333332,19.3,2026-04-23 11:16:00,20.22,2026,4,23,11:00,16,11:16
28.0,alsogod,1015.4866666666668,19.3,2026-04-23 11:17:00,20.24,2026,4,23,11:00,17,11:17
28.0,alsogod,1015.48,19.3,2026-04-23 11:18:00,20.26,2026,4,23,11:00,18,11:18
28.0,alsogod,1015.4733333333334,19.3,2026-04-23 11:19:00,20.28,2026,4,23,11:00,19,11:19
28.0,alsogod,1015.4666666666668,19.3,2026-04-23 11:20:00,20.3,2026,4,23,11:00,20,11:20
28.0,alsogod,1015.46,19.3,2026-04-23 11:21:00,20.32,2026,4,23,11:00,21,11:21
28.0,alsogod,1015.4533333333334,19.3,2026-04-23 11:22:00,20.34,2026,4,23,11:00,22,11:22
28.0,alsogod,1015.4466666666666,19.3,2026-04-23 11:23:00,20.36,2026,4,23,11:00,23,11:23
28.0,alsogod,1015.44,19.3,2026-04-23 11:24:00,20.38,2026,4,23,11:00,24,11:24
28.0,alsogod,1015.4333333333332,19.3,2026-04-23 11:25:00,20.4,2026,4,23,11:00,25,11:25
28.0,alsogod,1015.4266666666666,19.3,2026-04-23 11:26:00,20.42,2026,4,23,11:00,26,11:26
28.0,alsogod,1015.42,19.3,2026-04-23 11:27:00,20.44,2026,4,23,11:00,27,11:27
28.0,alsogod,1015.4133333333332,19.3,2026-04-23 11:28:00,20.46,2026,4,23,11:00,28,11:28
28.0,alsogod,1015.4066666666666,19.3,2026-04-23 11:29:00,20.48,2026,4,23,11:00,29,11:29
28.0,alsogod,1015.4,19.3,2026-04-23 11:30:00,20.5,2026,4,23,11:00,30,11:30
28.066666666666663,alsogod,1015.3866666666668,19.3,2026-04-23 11:31:00,20.526666666666667,2026,4,23,11:00,31,11:31
28.133333333333333,alsogod,1015.3733333333332,19.3,2026-04-23 11:32:00,20.55333333333333,2026,4,23,11:00,32,11:32
28.2,alsogod,1015.36,19.3,2026-04-23 11:33:00,20.58,2026,4,23,11:00,33,11:33
28.266666666666666,alsogod,1015.3466666666668,19.3,2026-04-23 11:34:00,20.606666666666666,2026,4,23,11:00,34,11:34
28.33333333333333,alsogod,1015.3333333333334,19.3,2026-04-23 11:35:00,20.633333333333333,2026,4,23,11:00,35,11:35
28.4,alsogod,1015.32,19.3,2026-04-23 11:36:00,20.66,2026,4,23,11:00,36,11:36
28.466666666666665,alsogod,1015.3066666666668,19.3,2026-04-23 11:37:00,20.686666666666667,2026,4,23,11:00,37,11:37
28.53333333333333,alsogod,1015.2933333333332,19.3,2026-04-23 11:38:00,20.71333333333333,2026,4,23,11:00,38,11:38
28.6,alsogod,1015.28,19.3,2026-04-23 11:39:00,20.74,2026,4,23,11:00,39,11:39
28.666666666666668,alsogod,1015.2666666666668,19.3,2026-04-23 11:40:00,20.766666666666666,2026,4,23,11:00,40,11:40
28.73333333333333,alsogod,1015.2533333333332,19.3,2026-04-23 11:41:00,20.793333333333333,2026,4,23,11:00,41,11:41
28.8,alsogod,1015.24,19.3,2026-04-23 11:42:00,20.82,2026,4,23,11:00,42,11:42
28.866666666666667,alsogod,1015.2266666666668,19.3,2026-04-23 11:43:00,20.846666666666664,2026,4,23,11:00,43,11:43
28.933333333333334,alsogod,1015.2133333333334,19.3,2026-04-23 11:44:00,20.87333333333333,2026,4,23,11:00,44,11:44
29.0,alsogod,1015.2,19.3,2026-04-23 11:45:00,20.9,2026,4,23,11:00,45,11:45
29.0,alsogod,1015.1933333333334,19.3,2026-04-23 11:46:00,20.92,2026,4,23,11:00,46,11:46
29.0,alsogod,1015.1866666666668,19.3,2026-04-23 11:47:00,20.94,2026,4,23,11:00,47,11:47
29.0,alsogod,1015.18,19.3,2026-04-23 11:48:00,20.96,2026,4,23,11:00,48,11:48
29.0,alsogod,1015.1733333333334,19.3,2026-04-23 11:49:00,20.98,2026,4,23,11:00,49,11:49
29.0,alsogod,1015.1666666666669,19.3,2026-04-23 11:50:00,21.0,2026,4,23,11:00,50,11:50
29.0,alsogod,1015.16,19.3,2026-04-23 11:51:00,21.02,2026,4,23,11:00,51,11:51
29.0,alsogod,1015.1533333333334,19.3,2026-04-23 11:52:00,21.04,2026,4,23,11:00,52,11:52
29.0,alsogod,1015.1466666666666,19.3,2026-04-23 11:53:00,21.06,2026,4,23,11:00,53,11:53
29.0,alsogod,1015.14,19.3,2026-04-23 11:54:00,21.08,2026,4,23,11:00,54,11:54
29.0,alsogod,1015.1333333333332,19.3,2026-04-23 11:55:00,21.1,2026,4,23,11:00,55,11:55
29.0,alsogod,1015.1266666666668,19.3,2026-04-23 11:56:00,21.12,2026,4,23,11:00,56,11:56
29.0,alsogod,1015.12,19.3,2026-04-23 11:57:00,21.14,2026,4,23,11:00,57,11:57
29.0,alsogod,1015.1133333333332,19.3,2026-04-23 11:58:00,21.16,2026,4,23,11:00,58,11:58
29.0,alsogod,1015.1066666666668,19.3,2026-04-23 11:59:00,21.18,2026,4,23,11:00,59,11:59
29.0,alsogod,1015.1,19.3,2026-04-23 12:00:00,21.2,2026,4,23,12:00,0,12:00
29.0,alsogod,1015.0933333333334,19.293333333333333,2026-04-23 12:01:00,21.2,2026,4,23,12:00,1,12:01
29.0,alsogod,1015.0866666666668,19.28666666666667,2026-04-23 12:02:00,21.2,2026,4,23,12:00,2,12:02
29.0,alsogod,1015.08,19.28,2026-04-23 12:03:00,21.2,2026,4,23,12:00,3,12:03
29.0,alsogod,1015.0733333333334,19.273333333333333,2026-04-23 12:04:00,21.2,2026,4,23,12:00,4,12:04
29.0,alsogod,1015.0666666666668,19.266666666666666,2026-04-23 12:05:00,21.2,2026,4,23,12:00,5,12:05
29.0,alsogod,1015.06,19.26,2026-04-23 12:06:00,21.2,2026,4,23,12:00,6,12:06
29.0,alsogod,1015.0533333333334,19.25333333333333,2026-04-23 12:07:00,21.2,2026,4,23,12:00,7,12:07
29.0,alsogod,1015.0466666666666,19.246666666666663,2026-04-23 12:08:00,21.2,2026,4,23,12:00,8,12:08
29.0,alsogod,1015.04,19.24,2026-04-23 12:09:00,21.2,2026,4,23,12:00,9,12:09
29.0,alsogod,1015.0333333333332,19.23333333333333,2026-04-23 12:10:00,21.2,2026,4,23,12:00,10,12:10
29.0,alsogod,1015.0266666666666,19.226666666666667,2026-04-23 12:11:00,21.2,2026,4,23,12:00,11,12:11
29.0,alsogod,1015.02,19.22,2026-04-23 12:12:00,21.2,2026,4,23,12:00,12,12:12
29.0,alsogod,1015.0133333333332,19.21333333333333,2026-04-23 12:13:00,21.2,2026,4,23,12:00,13,12:13
29.0,alsogod,1015.0066666666668,19.206666666666667,2026-04-23 12:14:00,21.2,2026,4,23,12:00,14,12:14
29.0,alsogod,1015.0,19.2,2026-04-23 12:15:00,21.2,2026,4,23,12:00,15,12:15
29.0,alsogod,1015.0,19.19333333333333,2026-04-23 12:16:00,21.18,2026,4,23,12:00,16,12:16
29.0,alsogod,1015.0,19.186666666666667,2026-04-23 12:17:00,21.16,2026,4,23,12:00,17,12:17
29.0,alsogod,1015.0,19.18,2026-04-23 12:18:00,21.14,2026,4,23,12:00,18,12:18
29.0,alsogod,1015.0,19.17333333333333,2026-04-23 12:19:00,21.12,2026,4,23,12:00,19,12:19
29.0,alsogod,1015.0,19.166666666666668,2026-04-23 12:20:00,21.1,2026,4,23,12:00,20,12:20
29.0,alsogod,1015.0,19.16,2026-04-23 12:21:00,21.08,2026,4,23,12:00,21,12:21
29.0,alsogod,1015.0,19.15333333333333,2026-04-23 12:22:00,21.06,2026,4,23,12:00,22,12:22
29.0,alsogod,1015.0,19.14666666666667,2026-04-23 12:23:00,21.04,2026,4,23,12:00,23,12:23
29.0,alsogod,1015.0,19.14,2026-04-23 12:24:00,21.02,2026,4,23,12:00,24,12:24
29.0,alsogod,1015.0,19.133333333333333,2026-04-23 12:25:00,21.0,2026,4,23,12:00,25,12:25
29.0,alsogod,1015.0,19.12666666666667,2026-04-23 12:26:00,20.98,2026,4,23,12:00,26,12:26
29.0,alsogod,1015.0,19.12,2026-04-23 12:27:00,20.96,2026,4,23,12:00,27,12:27
29.0,alsogod,1015.0,19.113333333333333,2026-04-23 12:28:00,20.94,2026,4,23,12:00,28,12:28
29.0,alsogod,1015.0,19.10666666666667,2026-04-23 12:29:00,20.92,2026,4,23,12:00,29,12:29
29.0,alsogod,1015.0,19.1,2026-04-23 12:30:00,20.9,2026,4,23,12:00,30,12:30
29.066666666666663,alsogod,1014.9933333333332,19.093333333333334,2026-04-23 12:31:00,20.87333333333333,2026,4,23,12:00,31,12:31
29.133333333333333,alsogod,1014.9866666666668,19.08666666666667,2026-04-23 12:32:00,20.846666666666664,2026,4,23,12:00,32,12:32
29.2,alsogod,1014.98,19.08,2026-04-23 12:33:00,20.82,2026,4,23,12:00,33,12:33
29.266666666666666,alsogod,1014.9733333333334,19.07333333333333,2026-04-23 12:34:00,20.793333333333333,2026,4,23,12:00,34,12:34
29.33333333333333,alsogod,1014.9666666666668,19.066666666666663,2026-04-23 12:35:00,20.766666666666666,2026,4,23,12:00,35,12:35
29.4,alsogod,1014.96,19.06,2026-04-23 12:36:00,20.74,2026,4,23,12:00,36,12:36
29.466666666666665,alsogod,1014.9533333333334,19.05333333333333,2026-04-23 12:37:00,20.71333333333333,2026,4,23,12:00,37,12:37
29.53333333333333,alsogod,1014.9466666666666,19.046666666666667,2026-04-23 12:38:00,20.686666666666667,2026,4,23,12:00,38,12:38
29.6,alsogod,1014.94,19.04,2026-04-23 12:39:00,20.66,2026,4,23,12:00,39,12:39
29.666666666666668,alsogod,1014.9333333333332,19.03333333333333,2026-04-23 12:40:00,20.633333333333333,2026,4,23,12:00,40,12:40
29.73333333333333,alsogod,1014.9266666666666,19.026666666666667,2026-04-23 12:41:00,20.606666666666666,2026,4,23,12:00,41,12:41
29.8,alsogod,1014.92,19.02,2026-04-23 12:42:00,20.58,2026,4,23,12:00,42,12:42
29.866666666666667,alsogod,1014.9133333333332,19.01333333333333,2026-04-23 12:43:00,20.55333333333333,2026,4,23,12:00,43,12:43
29.933333333333334,alsogod,1014.9066666666666,19.006666666666668,2026-04-23 12:44:00,20.526666666666667,2026,4,23,12:00,44,12:44
30.0,alsogod,1014.9,19.0,2026-04-23 12:45:00,20.5,2026,4,23,12:00,45,12:45
30.0,alsogod,1014.9,18.99333333333333,2026-04-23 12:46:00,20.48,2026,4,23,12:00,46,12:46
30.0,alsogod,1014.9,18.986666666666668,2026-04-23 12:47:00,20.46,2026,4,23,12:00,47,12:47
30.0,alsogod,1014.9,18.98,2026-04-23 12:48:00,20.44,2026,4,23,12:00,48,12:48
30.0,alsogod,1014.9,18.973333333333333,2026-04-23 12:49:00,20.42,2026,4,23,12:00,49,12:49
30.0,alsogod,1014.9,18.966666666666665,2026-04-23 12:50:00,20.4,2026,4,23,12:00,50,12:50
30.0,alsogod,1014.9,18.96,2026-04-23 12:51:00,20.38,2026,4,23,12:00,51,12:51
30.0,alsogod,1014.9,18.953333333333333,2026-04-23 12:52:00,20.36,2026,4,23,12:00,52,12:52
30.0,alsogod,1014.9,18.946666666666665,2026-04-23 12:53:00,20.34,2026,4,23,12:00,53,12:53
30.0,alsogod,1014.9,18.94,2026-04-23 12:54:00,20.32,2026,4,23,12:00,54,12:54
30.0,alsogod,1014.9,18.933333333333334,2026-04-23 12:55:00,20.3,2026,4,23,12:00,55,12:55
30.0,alsogod,1014.9,18.926666666666662,2026-04-23 12:56:00,20.28,2026,4,23,12:00,56,12:56
30.0,alsogod,1014.9,18.92,2026-04-23 12:57:00,20.26,2026,4,23,12:00,57,12:57
30.0,alsogod,1014.9,18.91333333333333,2026-04-23 12:58:00,20.24,2026,4,23,12:00,58,12:58
30.0,alsogod,1014.9,18.906666666666663,2026-04-23 12:59:00,20.22,2026,4,23,12:00,59,12:59
30.0,alsogod,1014.9,18.9,2026-04-23 13:00:00,20.2,2026,4,23,13:00,0,13:00
30.0,alsogod,1014.8933333333332,18.89333333333333,2026-04-23 13:01:00,20.17333333333333,2026,4,23,13:00,1,13:01
30.0,alsogod,1014.8866666666668,18.886666666666667,2026-04-23 13:02:00,20.146666666666665,2026,4,23,13:00,2,13:02
30.0,alsogod,1014.88,18.88,2026-04-23 13:03:00,20.12,2026,4,23,13:00,3,13:03
30.0,alsogod,1014.8733333333332,18.87333333333333,2026-04-23 13:04:00,20.093333333333334,2026,4,23,13:00,4,13:04
30.0,alsogod,1014.8666666666668,18.866666666666667,2026-04-23 13:05:00,20.066666666666663,2026,4,23,13:00,5,13:05
30.0,alsogod,1014.86,18.86,2026-04-23 13:06:00,20.04,2026,4,23,13:00,6,13:06
30.0,alsogod,1014.8533333333334,18.85333333333333,2026-04-23 13:07:00,20.01333333333333,2026,4,23,13:00,7,13:07
30.0,alsogod,1014.8466666666666,18.846666666666668,2026-04-23 13:08:00,19.986666666666668,2026,4,23,13:00,8,13:08
30.0,alsogod,1014.84,18.84,2026-04-23 13:09:00,19.96,2026,4,23,13:00,9,13:09
30.0,alsogod,1014.8333333333331,18.83333333333333,2026-04-23 13:10:00,19.933333333333334,2026,4,23,13:00,10,13:10
30.0,alsogod,1014.8266666666666,18.826666666666668,2026-04-23 13:11:00,19.906666666666663,2026,4,23,13:00,11,13:11
30.0,alsogod,1014.82,18.82,2026-04-23 13:12:00,19.88,2026,4,23,13:00,12,13:12
30.0,alsogod,1014.8133333333332,18.813333333333333,2026-04-23 13:13:00,19.85333333333333,2026,4,23,13:00,13,13:13
30.0,alsogod,1014.8066666666666,18.80666666666667,2026-04-23 13:14:00,19.826666666666668,2026,4,23,13:00,14,13:14
30.0,alsogod,1014.8,18.8,2026-04-23 13:15:00,19.8,2026,4,23,13:00,15,13:15
30.066666666666663,alsogod,1014.8,18.78666666666667,2026-04-23 13:16:00,19.8,2026,4,23,13:00,16,13:16
30.133333333333333,alsogod,1014.8,18.773333333333333,2026-04-23 13:17:00,19.8,2026,4,23,13:00,17,13:17
30.2,alsogod,1014.8,18.76,2026-04-23 13:18:00,19.8,2026,4,23,13:00,18,13:18
30.266666666666666,alsogod,1014.8,18.746666666666663,2026-04-23 13:19:00,19.8,2026,4,23,13:00,19,13:19
30.33333333333333,alsogod,1014.8,18.73333333333333,2026-04-23 13:20:00,19.8,2026,4,23,13:00,20,13:20
30.4,alsogod,1014.8,18.72,2026-04-23 13:21:00,19.8,2026,4,23,13:00,21,13:21
30.466666666666665,alsogod,1014.8,18.706666666666667,2026-04-23 13:22:00,19.8,2026,4,23,13:00,22,13:22
30.53333333333333,alsogod,1014.8,18.69333333333333,2026-04-23 13:23:00,19.8,2026,4,23,13:00,23,13:23
30.6,alsogod,1014.8,18.68,2026-04-23 13:24:00,19.8,2026,4,23,13:00,24,13:24
30.666666666666668,alsogod,1014.8,18.666666666666668,2026-04-23 13:25:00,19.8,2026,4,23,13:00,25,13:25
30.73333333333333,alsogod,1014.8,18.653333333333336,2026-04-23 13:26:00,19.8,2026,4,23,13:00,26,13:26
30.8,alsogod,1014.8,18.64,2026-04-23 13:27:00,19.8,2026,4,23,13:00,27,13:27
30.866666666666667,alsogod,1014.8,18.62666666666667,2026-04-23 13:28:00,19.8,2026,4,23,13:00,28,13:28
30.933333333333334,alsogod,1014.8,18.613333333333333,2026-04-23 13:29:00,19.8,2026,4,23,13:00,29,13:29
31.0,alsogod,1014.8,18.6,2026-04-23 13:30:00,19.8,2026,4,23,13:00,30,13:30
31.0,alsogod,1014.7933333333332,18.593333333333334,2026-04-23 13:31:00,19.773333333333333,2026,4,23,13:00,31,13:31
31.0,alsogod,1014.7866666666666,18.58666666666667,2026-04-23 13:32:00,19.746666666666663,2026,4,23,13:00,32,13:32
31.0,alsogod,1014.78,18.58,2026-04-23 13:33:00,19.72,2026,4,23,13:00,33,13:33
31.0,alsogod,1014.7733333333332,18.57333333333333,2026-04-23 13:34:00,19.69333333333333,2026,4,23,13:00,34,13:34
31.0,alsogod,1014.7666666666668,18.566666666666663,2026-04-23 13:35:00,19.666666666666668,2026,4,23,13:00,35,13:35
31.0,alsogod,1014.76,18.56,2026-04-23 13:36:00,19.64,2026,4,23,13:00,36,13:36
31.0,alsogod,1014.7533333333332,18.55333333333333,2026-04-23 13:37:00,19.613333333333333,2026,4,23,13:00,37,13:37
31.0,alsogod,1014.7466666666668,18.546666666666667,2026-04-23 13:38:00,19.586666666666662,2026,4,23,13:00,38,13:38
31.0,alsogod,1014.74,18.54,2026-04-23 13:39:00,19.56,2026,4,23,13:00,39,13:39
31.0,alsogod,1014.7333333333332,18.53333333333333,2026-04-23 13:40:00,19.53333333333333,2026,4,23,13:00,40,13:40
31.0,alsogod,1014.7266666666668,18.526666666666667,2026-04-23 13:41:00,19.506666666666664,2026,4,23,13:00,41,13:41
31.0,alsogod,1014.72,18.52,2026-04-23 13:42:00,19.48,2026,4,23,13:00,42,13:42
31.0,alsogod,1014.7133333333334,18.51333333333333,2026-04-23 13:43:00,19.453333333333333,2026,4,23,13:00,43,13:43
31.0,alsogod,1014.7066666666668,18.506666666666668,2026-04-23 13:44:00,19.426666666666662,2026,4,23,13:00,44,13:44
31.0,alsogod,1014.7,18.5,2026-04-23 13:45:00,19.4,2026,4,23,13:00,45,13:45
31.066666666666663,alsogod,1014.6933333333334,18.486666666666668,2026-04-23 13:46:00,19.38,2026,4,23,13:00,46,13:46
31.133333333333333,alsogod,1014.6866666666668,18.473333333333333,2026-04-23 13:47:00,19.36,2026,4,23,13:00,47,13:47
31.2,alsogod,1014.68,18.46,2026-04-23 13:48:00,19.34,2026,4,23,13:00,48,13:48
31.266666666666666,alsogod,1014.6733333333334,18.446666666666665,2026-04-23 13:49:00,19.32,2026,4,23,13:00,49,13:49
31.33333333333333,alsogod,1014.6666666666669,18.433333333333334,2026-04-23 13:50:00,19.3,2026,4,23,13:00,50,13:50
31.4,alsogod,1014.66,18.42,2026-04-23 13:51:00,19.28,2026,4,23,13:00,51,13:51
31.466666666666665,alsogod,1014.6533333333334,18.406666666666663,2026-04-23 13:52:00,19.26,2026,4,23,13:00,52,13:52
31.53333333333333,alsogod,1014.6466666666666,18.39333333333333,2026-04-23 13:53:00,19.24,2026,4,23,13:00,53,13:53
31.6,alsogod,1014.64,18.38,2026-04-23 13:54:00,19.22,2026,4,23,13:00,54,13:54
31.666666666666668,alsogod,1014.6333333333332,18.366666666666667,2026-04-23 13:55:00,19.2,2026,4,23,13:00,55,13:55
31.73333333333333,alsogod,1014.6266666666668,18.35333333333333,2026-04-23 13:56:00,19.18,2026,4,23,13:00,56,13:56
31.8,alsogod,1014.62,18.34,2026-04-23 13:57:00,19.16,2026,4,23,13:00,57,13:57
31.866666666666667,alsogod,1014.6133333333332,18.326666666666668,2026-04-23 13:58:00,19.14,2026,4,23,13:00,58,13:58
31.933333333333334,alsogod,1014.6066666666668,18.313333333333333,2026-04-23 13:59:00,19.12,2026,4,23,13:00,59,13:59
32.0,alsogod,1014.6,18.3,2026-04-23 14:00:00,19.1,2026,4,23,14:00,0,14:00
32.0,alsogod,1014.5933333333334,18.28666666666667,2026-04-23 14:01:00,19.07333333333333,2026,4,23,14:00,1,14:01
32.0,alsogod,1014.5866666666668,18.273333333333333,2026-04-23 14:02:00,19.046666666666667,2026,4,23,14:00,2,14:02
32.0,alsogod,1014.58,18.26,2026-04-23 14:03:00,19.02,2026,4,23,14:00,3,14:03
32.0,alsogod,1014.5733333333334,18.246666666666663,2026-04-23 14:04:00,18.993333333333336,2026,4,23,14:00,4,14:04
32.0,alsogod,1014.5666666666668,18.23333333333333,2026-04-23 14:05:00,18.96666666666667,2026,4,23,14:00,5,14:05
32.0,alsogod,1014.56,18.22,2026-04-23 14:06:00,18.94,2026,4,23,14:00,6,14:06
32.0,alsogod,1014.5533333333334,18.206666666666667,2026-04-23 14:07:00,18.91333333333333,2026,4,23,14:00,7,14:07
32.0,alsogod,1014.5466666666666,18.19333333333333,2026-04-23 14:08:00,18.886666666666667,2026,4,23,14:00,8,14:08
32.0,alsogod,1014.54,18.18,2026-04-23 14:09:00,18.86,2026,4,23,14:00,9,14:09
32.0,alsogod,1014.5333333333332,18.166666666666668,2026-04-23 14:10:00,18.83333333333333,2026,4,23,14:00,10,14:10
32.0,alsogod,1014.5266666666666,18.153333333333336,2026-04-23 14:11:00,18.806666666666665,2026,4,23,14:00,11,14:11
32.0,alsogod,1014.52,18.14,2026-04-23 14:12:00,18.78,2026,4,23,14:00,12,14:12
32.0,alsogod,1014.5133333333332,18.12666666666667,2026-04-23 14:13:00,18.75333333333333,2026,4,23,14:00,13,14:13
32.0,alsogod,1014.5066666666668,18.113333333333333,2026-04-23 14:14:00,18.726666666666667,2026,4,23,14:00,14,14:14
32.0,alsogod,1014.5,18.1,2026-04-23 14:15:00,18.7,2026,4,23,14:00,15,14:15
32.06666666666667,alsogod,1014.4933333333332,18.08666666666667,2026-04-23 14:16:00,18.65333333333333,2026,4,23,14:00,16,14:16
32.13333333333333,alsogod,1014.4866666666668,18.07333333333333,2026-04-23 14:17:00,18.606666666666666,2026,4,23,14:00,17,14:17
32.2,alsogod,1014.48,18.06,2026-04-23 14:18:00,18.56,2026,4,23,14:00,18,14:18
32.266666666666666,alsogod,1014.4733333333334,18.046666666666667,2026-04-23 14:19:00,18.51333333333333,2026,4,23,14:00,19,14:19
32.333333333333336,alsogod,1014.4666666666668,18.03333333333333,2026-04-23 14:20:00,18.466666666666665,2026,4,23,14:00,20,14:20
32.4,alsogod,1014.46,18.02,2026-04-23 14:21:00,18.42,2026,4,23,14:00,21,14:21
32.46666666666667,alsogod,1014.4533333333334,18.006666666666668,2026-04-23 14:22:00,18.37333333333333,2026,4,23,14:00,22,14:22
32.53333333333333,alsogod,1014.4466666666666,17.993333333333332,2026-04-23 14:23:00,18.326666666666668,2026,4,23,14:00,23,14:23
32.6,alsogod,1014.44,17.98,2026-04-23 14:24:00,18.28,2026,4,23,14:00,24,14:24
32.666666666666664,alsogod,1014.4333333333332,17.966666666666665,2026-04-23 14:25:00,18.23333333333333,2026,4,23,14:00,25,14:25
32.733333333333334,alsogod,1014.4266666666666,17.953333333333333,2026-04-23 14:26:00,18.186666666666667,2026,4,23,14:00,26,14:26
32.8,alsogod,1014.42,17.939999999999998,2026-04-23 14:27:00,18.14,2026,4,23,14:00,27,14:27
32.86666666666667,alsogod,1014.4133333333332,17.926666666666666,2026-04-23 14:28:00,18.093333333333334,2026,4,23,14:00,28,14:28
32.93333333333333,alsogod,1014.4066666666666,17.91333333333333,2026-04-23 14:29:00,18.046666666666667,2026,4,23,14:00,29,14:29
33.0,alsogod,1014.4,17.9,2026-04-23 14:30:00,18.0,2026,4,23,14:00,30,14:30
33.0,alsogod,1014.4,17.89333333333333,2026-04-23 14:31:00,17.953333333333333,2026,4,23,14:00,31,14:31
33.0,alsogod,1014.4,17.886666666666667,2026-04-23 14:32:00,17.906666666666666,2026,4,23,14:00,32,14:32
33.0,alsogod,1014.4,17.88,2026-04-23 14:33:00,17.86,2026,4,23,14:00,33,14:33
33.0,alsogod,1014.4,17.87333333333333,2026-04-23 14:34:00,17.813333333333333,2026,4,23,14:00,34,14:34
33.0,alsogod,1014.4,17.866666666666667,2026-04-23 14:35:00,17.766666666666666,2026,4,23,14:00,35,14:35
33.0,alsogod,1014.4,17.86,2026-04-23 14:36:00,17.72,2026,4,23,14:00,36,14:36
33.0,alsogod,1014.4,17.85333333333333,2026-04-23 14:37:00,17.673333333333332,2026,4,23,14:00,37,14:37
33.0,alsogod,1014.4,17.846666666666668,2026-04-23 14:38:00,17.62666666666667,2026,4,23,14:00,38,14:38
33.0,alsogod,1014.4,17.84,2026-04-23 14:39:00,17.580000000000002,2026,4,23,14:00,39,14:39
33.0,alsogod,1014.4,17.833333333333332,2026-04-23 14:40:00,17.533333333333335,2026,4,23,14:00,40,14:40
33.0,alsogod,1014.4,17.826666666666668,2026-04-23 14:41:00,17.486666666666668,2026,4,23,14:00,41,14:41
33.0,alsogod,1014.4,17.82,2026-04-23 14:42:00,17.44,2026,4,23,14:00,42,14:42
33.0,alsogod,1014.4,17.813333333333333,2026-04-23 14:43:00,17.393333333333334,2026,4,23,14:00,43,14:43
33.0,alsogod,1014.4,17.80666666666667,2026-04-23 14:44:00,17.346666666666668,2026,4,23,14:00,44,14:44
33.0,alsogod,1014.4,17.8,2026-04-23 14:45:00,17.3,2026,4,23,14:00,45,14:45
33.06666666666667,alsogod,1014.4,17.78,2026-04-23 14:46:00,17.273333333333333,2026,4,23,14:00,46,14:46
33.13333333333333,alsogod,1014.4,17.76,2026-04-23 14:47:00,17.246666666666666,2026,4,23,14:00,47,14:47
33.2,alsogod,1014.4,17.740000000000002,2026-04-23 14:48:00,17.22,2026,4,23,14:00,48,14:48
33.266666666666666,alsogod,1014.4,17.72,2026-04-23 14:49:00,17.193333333333335,2026,4,23,14:00,49,14:49
33.333333333333336,alsogod,1014.4,17.7,2026-04-23 14:50:00,17.166666666666668,2026,4,23,14:00,50,14:50
33.4,alsogod,1014.4,17.68,2026-04-23 14:51:00,17.14,2026,4,23,14:00,51,14:51
33.46666666666667,alsogod,1014.4,17.66,2026-04-23 14:52:00,17.113333333333333,2026,4,23,14:00,52,14:52
33.53333333333333,alsogod,1014.4,17.64,2026-04-23 14:53:00,17.086666666666666,2026,4,23,14:00,53,14:53
33.6,alsogod,1014.4,17.62,2026-04-23 14:54:00,17.06,2026,4,23,14:00,54,14:54
33.666666666666664,alsogod,1014.4,17.6,2026-04-23 14:55:00,17.03333333333333,2026,4,23,14:00,55,14:55
33.733333333333334,alsogod,1014.4,17.580000000000002,2026-04-23 14:56:00,17.006666666666664,2026,4,23,14:00,56,14:56
33.8,alsogod,1014.4,17.56,2026-04-23 14:57:00,16.98,2026,4,23,14:00,57,14:57
33.86666666666667,alsogod,1014.4,17.54,2026-04-23 14:58:00,16.953333333333333,2026,4,23,14:00,58,14:58
33.93333333333333,alsogod,1014.4,17.52,2026-04-23 14:59:00,16.926666666666666,2026,4,23,14:00,59,14:59
34.0,alsogod,1014.4,17.5,2026-04-23 15:00:00,16.9,2026,4,23,15:00,0,15:00
34.06666666666667,alsogod,1014.4066666666666,17.48,2026-04-23 15:01:00,16.9,2026,4,23,15:00,1,15:01
34.13333333333333,alsogod,1014.4133333333332,17.46,2026-04-23 15:02:00,16.9,2026,4,23,15:00,2,15:02
34.2,alsogod,1014.42,17.44,2026-04-23 15:03:00,16.9,2026,4,23,15:00,3,15:03
34.266666666666666,alsogod,1014.4266666666666,17.419999999999998,2026-04-23 15:04:00,16.9,2026,4,23,15:00,4,15:04
34.333333333333336,alsogod,1014.4333333333332,17.4,2026-04-23 15:05:00,16.9,2026,4,23,15:00,5,15:05
34.4,alsogod,1014.44,17.38,2026-04-23 15:06:00,16.9,2026,4,23,15:00,6,15:06
34.46666666666667,alsogod,1014.4466666666666,17.36,2026-04-23 15:07:00,16.9,2026,4,23,15:00,7,15:07
34.53333333333333,alsogod,1014.4533333333334,17.34,2026-04-23 15:08:00,16.9,2026,4,23,15:00,8,15:08
34.6,alsogod,1014.46,17.32,2026-04-23 15:09:00,16.9,2026,4,23,15:00,9,15:09
34.666666666666664,alsogod,1014.4666666666668,17.3,2026-04-23 15:10:00,16.9,2026,4,23,15:00,10,15:10
34.733333333333334,alsogod,1014.4733333333334,17.28,2026-04-23 15:11:00,16.9,2026,4,23,15:00,11,15:11
34.8,alsogod,1014.48,17.259999999999998,2026-04-23 15:12:00,16.9,2026,4,23,15:00,12,15:12
34.86666666666667,alsogod,1014.4866666666668,17.24,2026-04-23 15:13:00,16.9,2026,4,23,15:00,13,15:13
34.93333333333333,alsogod,1014.4933333333332,17.22,2026-04-23 15:14:00,16.9,2026,4,23,15:00,14,15:14
35.0,alsogod,1014.5,17.2,2026-04-23 15:15:00,16.9,2026,4,23,15:00,15,15:15
35.06666666666667,alsogod,1014.5066666666668,17.18,2026-04-23 15:16:00,16.9,2026,4,23,15:00,16,15:16
35.13333333333333,alsogod,1014.5133333333332,17.16,2026-04-23 15:17:00,16.9,2026,4,23,15:00,17,15:17
35.2,alsogod,1014.52,17.14,2026-04-23 15:18:00,16.9,2026,4,23,15:00,18,15:18
35.266666666666666,alsogod,1014.5266666666666,17.119999999999997,2026-04-23 15:19:00,16.9,2026,4,23,15:00,19,15:19
35.333333333333336,alsogod,1014.5333333333332,17.099999999999998,2026-04-23 15:20:00,16.9,2026,4,23,15:00,20,15:20
35.4,alsogod,1014.54,17.08,2026-04-23 15:21:00,16.9,2026,4,23,15:00,21,15:21
35.46666666666667,alsogod,1014.5466666666666,17.06,2026-04-23 15:22:00,16.9,2026,4,23,15:00,22,15:22
35.53333333333333,alsogod,1014.5533333333334,17.04,2026-04-23 15:23:00,16.9,2026,4,23,15:00,23,15:23
35.6,alsogod,1014.56,17.02,2026-04-23 15:24:00,16.9,2026,4,23,15:00,24,15:24
35.666666666666664,alsogod,1014.5666666666668,17.0,2026-04-23 15:25:00,16.9,2026,4,23,15:00,25,15:25
35.733333333333334,alsogod,1014.5733333333334,16.98,2026-04-23 15:26:00,16.9,2026,4,23,15:00,26,15:26
35.8,alsogod,1014.58,16.959999999999997,2026-04-23 15:27:00,16.9,2026,4,23,15:00,27,15:27
35.86666666666667,alsogod,1014.5866666666668,16.939999999999998,2026-04-23 15:28:00,16.9,2026,4,23,15:00,28,15:28
35.93333333333333,alsogod,1014.5933333333334,16.919999999999998,2026-04-23 15:29:00,16.9,2026,4,23,15:00,29,15:29
36.0,alsogod,1014.6,16.9,2026-04-23 15:30:00,16.9,2026,4,23,15:00,30,15:30
36.13333333333333,alsogod,1014.6133333333332,16.87333333333333,2026-04-23 15:31:00,16.926666666666666,2026,4,23,15:00,31,15:31
36.266666666666666,alsogod,1014.6266666666668,16.846666666666664,2026-04-23 15:32:00,16.953333333333333,2026,4,23,15:00,32,15:32
36.4,alsogod,1014.64,16.82,2026-04-23 15:33:00,16.98,2026,4,23,15:00,33,15:33
36.53333333333333,alsogod,1014.6533333333332,16.793333333333333,2026-04-23 15:34:00,17.006666666666664,2026,4,23,15:00,34,15:34
36.66666666666666,alsogod,1014.6666666666666,16.766666666666666,2026-04-23 15:35:00,17.03333333333333,2026,4,23,15:00,35,15:35
36.8,alsogod,1014.68,16.74,2026-04-23 15:36:00,17.06,2026,4,23,15:00,36,15:36
36.93333333333333,alsogod,1014.6933333333332,16.71333333333333,2026-04-23 15:37:00,17.086666666666666,2026,4,23,15:00,37,15:37
37.06666666666667,alsogod,1014.7066666666668,16.686666666666667,2026-04-23 15:38:00,17.113333333333333,2026,4,23,15:00,38,15:38
37.2,alsogod,1014.72,16.66,2026-04-23 15:39:00,17.14,2026,4,23,15:00,39,15:39
37.333333333333336,alsogod,1014.7333333333332,16.633333333333333,2026-04-23 15:40:00,17.166666666666668,2026,4,23,15:00,40,15:40
37.46666666666667,alsogod,1014.7466666666668,16.606666666666666,2026-04-23 15:41:00,17.193333333333335,2026,4,23,15:00,41,15:41
37.6,alsogod,1014.76,16.58,2026-04-23 15:42:00,17.22,2026,4,23,15:00,42,15:42
37.73333333333333,alsogod,1014.7733333333332,16.553333333333335,2026-04-23 15:43:00,17.246666666666666,2026,4,23,15:00,43,15:43
37.86666666666667,alsogod,1014.7866666666666,16.526666666666667,2026-04-23 15:44:00,17.273333333333333,2026,4,23,15:00,44,15:44
38.0,alsogod,1014.8,16.5,2026-04-23 15:45:00,17.3,2026,4,23,15:00,45,15:45
38.06666666666667,alsogod,1014.8133333333332,16.48,2026-04-23 15:46:00,17.273333333333333,2026,4,23,15:00,46,15:46
38.13333333333333,alsogod,1014.8266666666666,16.46,2026-04-23 15:47:00,17.246666666666666,2026,4,23,15:00,47,15:47
38.2,alsogod,1014.84,16.44,2026-04-23 15:48:00,17.22,2026,4,23,15:00,48,15:48
38.266666666666666,alsogod,1014.8533333333334,16.419999999999998,2026-04-23 15:49:00,17.193333333333335,2026,4,23,15:00,49,15:49
38.333333333333336,alsogod,1014.8666666666668,16.4,2026-04-23 15:50:00,17.166666666666668,2026,4,23,15:00,50,15:50
38.4,alsogod,1014.88,16.38,2026-04-23 15:51:00,17.14,2026,4,23,15:00,51,15:51
38.46666666666667,alsogod,1014.8933333333332,16.36,2026-04-23 15:52:00,17.113333333333333,2026,4,23,15:00,52,15:52
38.53333333333333,alsogod,1014.9066666666666,16.34,2026-04-23 15:53:00,17.086666666666666,2026,4,23,15:00,53,15:53
38.6,alsogod,1014.92,16.32,2026-04-23 15:54:00,17.06,2026,4,23,15:00,54,15:54
38.66666666666666,alsogod,1014.9333333333332,16.3,2026-04-23 15:55:00,17.03333333333333,2026,4,23,15:00,55,15:55
38.73333333333333,alsogod,1014.9466666666666,16.28,2026-04-23 15:56:00,17.006666666666664,2026,4,23,15:00,56,15:56
38.8,alsogod,1014.96,16.259999999999998,2026-04-23 15:57:00,16.98,2026,4,23,15:00,57,15:57
38.86666666666667,alsogod,1014.9733333333334,16.24,2026-04-23 15:58:00,16.953333333333333,2026,4,23,15:00,58,15:58
38.93333333333333,alsogod,1014.9866666666668,16.22,2026-04-23 15:59:00,16.926666666666666,2026,4,23,15:00,59,15:59
39.0,alsogod,1015.0,16.2,2026-04-23 16:00:00,16.9,2026,4,23,16:00,0,16:00
39.06666666666667,alsogod,1015.0133333333332,16.173333333333332,2026-04-23 16:01:00,16.85333333333333,2026,4,23,16:00,1,16:01
39.13333333333333,alsogod,1015.0266666666666,16.146666666666665,2026-04-23 16:02:00,16.806666666666665,2026,4,23,16:00,2,16:02
39.2,alsogod,1015.04,16.12,2026-04-23 16:03:00,16.759999999999998,2026,4,23,16:00,3,16:03
39.266666666666666,alsogod,1015.0533333333334,16.093333333333334,2026-04-23 16:04:00,16.71333333333333,2026,4,23,16:00,4,16:04
39.333333333333336,alsogod,1015.0666666666668,16.066666666666666,2026-04-23 16:05:00,16.666666666666664,2026,4,23,16:00,5,16:05
39.4,alsogod,1015.08,16.04,2026-04-23 16:06:00,16.619999999999997,2026,4,23,16:00,6,16:06
39.46666666666667,alsogod,1015.0933333333334,16.013333333333332,2026-04-23 16:07:00,16.57333333333333,2026,4,23,16:00,7,16:07
39.53333333333333,alsogod,1015.1066666666668,15.986666666666666,2026-04-23 16:08:00,16.526666666666667,2026,4,23,16:00,8,16:08
39.6,alsogod,1015.12,15.96,2026-04-23 16:09:00,16.48,2026,4,23,16:00,9,16:09
39.66666666666666,alsogod,1015.1333333333332,15.933333333333334,2026-04-23 16:10:00,16.433333333333334,2026,4,23,16:00,10,16:10
39.73333333333333,alsogod,1015.1466666666666,15.906666666666666,2026-04-23 16:11:00,16.386666666666667,2026,4,23,16:00,11,16:11
39.8,alsogod,1015.16,15.88,2026-04-23 16:12:00,16.34,2026,4,23,16:00,12,16:12
39.86666666666667,alsogod,1015.1733333333334,15.853333333333332,2026-04-23 16:13:00,16.293333333333333,2026,4,23,16:00,13,16:13
39.93333333333333,alsogod,1015.1866666666668,15.826666666666668,2026-04-23 16:14:00,16.246666666666666,2026,4,23,16:00,14,16:14
40.0,alsogod,1015.2,15.8,2026-04-23 16:15:00,16.2,2026,4,23,16:00,15,16:15
40.06666666666667,alsogod,1015.2133333333334,15.773333333333332,2026-04-23 16:16:00,16.106666666666666,2026,4,23,16:00,16,16:16
40.13333333333333,alsogod,1015.2266666666668,15.746666666666668,2026-04-23 16:17:00,16.013333333333332,2026,4,23,16:00,17,16:17
40.2,alsogod,1015.24,15.72,2026-04-23 16:18:00,15.92,2026,4,23,16:00,18,16:18
40.266666666666666,alsogod,1015.2533333333332,15.693333333333332,2026-04-23 16:19:00,15.826666666666666,2026,4,23,16:00,19,16:19
40.333333333333336,alsogod,1015.2666666666668,15.666666666666668,2026-04-23 16:20:00,15.733333333333333,2026,4,23,16:00,20,16:20
40.4,alsogod,1015.28,15.64,2026-04-23 16:21:00,15.64,2026,4,23,16:00,21,16:21
40.46666666666667,alsogod,1015.2933333333332,15.613333333333332,2026-04-23 16:22:00,15.546666666666669,2026,4,23,16:00,22,16:22
40.53333333333333,alsogod,1015.3066666666668,15.586666666666668,2026-04-23 16:23:00,15.453333333333331,2026,4,23,16:00,23,16:23
40.6,alsogod,1015.32,15.56,2026-04-23 16:24:00,15.36,2026,4,23,16:00,24,16:24
40.66666666666666,alsogod,1015.3333333333334,15.533333333333331,2026-04-23 16:25:00,15.266666666666667,2026,4,23,16:00,25,16:25
40.73333333333333,alsogod,1015.3466666666668,15.506666666666668,2026-04-23 16:26:00,15.173333333333334,2026,4,23,16:00,26,16:26
40.8,alsogod,1015.36,15.48,2026-04-23 16:27:00,15.08,2026,4,23,16:00,27,16:27
40.86666666666667,alsogod,1015.3733333333332,15.453333333333331,2026-04-23 16:28:00,14.986666666666668,2026,4,23,16:00,28,16:28
40.93333333333333,alsogod,1015.3866666666668,15.426666666666668,2026-04-23 16:29:00,14.893333333333334,2026,4,23,16:00,29,16:29
41.0,alsogod,1015.4,15.4,2026-04-23 16:30:00,14.8,2026,4,23,16:00,30,16:30
41.13333333333333,alsogod,1015.4133333333332,15.38,2026-04-23 16:31:00,14.7,2026,4,23,16:00,31,16:31
41.266666666666666,alsogod,1015.4266666666666,15.36,2026-04-23 16:32:00,14.6,2026,4,23,16:00,32,16:32
41.4,alsogod,1015.44,15.34,2026-04-23 16:33:00,14.5,2026,4,23,16:00,33,16:33
41.53333333333333,alsogod,1015.4533333333334,15.32,2026-04-23 16:34:00,14.4,2026,4,23,16:00,34,16:34
41.66666666666666,alsogod,1015.4666666666668,15.3,2026-04-23 16:35:00,14.3,2026,4,23,16:00,35,16:35
41.8,alsogod,1015.48,15.28,2026-04-23 16:36:00,14.2,2026,4,23,16:00,36,16:36
41.93333333333333,alsogod,1015.4933333333332,15.26,2026-04-23 16:37:00,14.1,2026,4,23,16:00,37,16:37
42.06666666666667,alsogod,1015.5066666666668,15.24,2026-04-23 16:38:00,14.0,2026,4,23,16:00,38,16:38
42.2,alsogod,1015.52,15.22,2026-04-23 16:39:00,13.9,2026,4,23,16:00,39,16:39
42.333333333333336,alsogod,1015.5333333333332,15.2,2026-04-23 16:40:00,13.8,2026,4,23,16:00,40,16:40
42.46666666666667,alsogod,1015.5466666666666,15.18,2026-04-23 16:41:00,13.7,2026,4,23,16:00,41,16:41
42.6,alsogod,1015.56,15.16,2026-04-23 16:42:00,13.6,2026,4,23,16:00,42,16:42
42.73333333333333,alsogod,1015.5733333333334,15.14,2026-04-23 16:43:00,13.5,2026,4,23,16:00,43,16:43
42.86666666666667,alsogod,1015.5866666666668,15.12,2026-04-23 16:44:00,13.4,2026,4,23,16:00,44,16:44
43.0,alsogod,1015.6,15.1,2026-04-23 16:45:00,13.3,2026,4,23,16:00,45,16:45
43.06666666666667,alsogod,1015.6133333333332,15.073333333333332,2026-04-23 16:46:00,13.253333333333334,2026,4,23,16:00,46,16:46
43.13333333333333,alsogod,1015.6266666666668,15.046666666666669,2026-04-23 16:47:00,13.206666666666669,2026,4,23,16:00,47,16:47
43.2,alsogod,1015.64,15.02,2026-04-23 16:48:00,13.16,2026,4,23,16:00,48,16:48
43.266666666666666,alsogod,1015.6533333333332,14.993333333333332,2026-04-23 16:49:00,13.113333333333332,2026,4,23,16:00,49,16:49
43.333333333333336,alsogod,1015.6666666666666,14.966666666666669,2026-04-23 16:50:00,13.066666666666666,2026,4,23,16:00,50,16:50
43.4,alsogod,1015.68,14.94,2026-04-23 16:51:00,13.02,2026,4,23,16:00,51,16:51
43.46666666666667,alsogod,1015.6933333333332,14.913333333333332,2026-04-23 16:52:00,12.973333333333333,2026,4,23,16:00,52,16:52
43.53333333333333,alsogod,1015.7066666666668,14.886666666666668,2026-04-23 16:53:00,12.926666666666668,2026,4,23,16:00,53,16:53
43.6,alsogod,1015.72,14.86,2026-04-23 16:54:00,12.88,2026,4,23,16:00,54,16:54
43.66666666666666,alsogod,1015.7333333333332,14.833333333333332,2026-04-23 16:55:00,12.833333333333334,2026,4,23,16:00,55,16:55
43.73333333333333,alsogod,1015.7466666666668,14.806666666666668,2026-04-23 16:56:00,12.786666666666669,2026,4,23,16:00,56,16:56
43.8,alsogod,1015.76,14.78,2026-04-23 16:57:00,12.74,2026,4,23,16:00,57,16:57
43.86666666666667,alsogod,1015.7733333333332,14.753333333333332,2026-04-23 16:58:00,12.693333333333332,2026,4,23,16:00,58,16:58
43.93333333333333,alsogod,1015.7866666666666,14.726666666666668,2026-04-23 16:59:00,12.646666666666668,2026,4,23,16:00,59,16:59
44.0,alsogod,1015.8,14.7,2026-04-23 17:00:00,12.6,2026,4,23,17:00,0,17:00
44.13333333333333,alsogod,1015.8066666666666,14.68,2026-04-23 17:01:00,12.573333333333332,2026,4,23,17:00,1,17:01
44.266666666666666,alsogod,1015.8133333333332,14.66,2026-04-23 17:02:00,12.546666666666669,2026,4,23,17:00,2,17:02
44.4,alsogod,1015.82,14.64,2026-04-23 17:03:00,12.52,2026,4,23,17:00,3,17:03
44.53333333333333,alsogod,1015.8266666666666,14.62,2026-04-23 17:04:00,12.493333333333332,2026,4,23,17:00,4,17:04
44.66666666666666,alsogod,1015.8333333333331,14.6,2026-04-23 17:05:00,12.466666666666669,2026,4,23,17:00,5,17:05
44.8,alsogod,1015.84,14.58,2026-04-23 17:06:00,12.44,2026,4,23,17:00,6,17:06
44.93333333333333,alsogod,1015.8466666666666,14.56,2026-04-23 17:07:00,12.413333333333332,2026,4,23,17:00,7,17:07
45.06666666666667,alsogod,1015.8533333333334,14.54,2026-04-23 17:08:00,12.386666666666668,2026,4,23,17:00,8,17:08
45.2,alsogod,1015.86,14.52,2026-04-23 17:09:00,12.36,2026,4,23,17:00,9,17:09
45.333333333333336,alsogod,1015.8666666666668,14.5,2026-04-23 17:10:00,12.333333333333332,2026,4,23,17:00,10,17:10
45.46666666666667,alsogod,1015.8733333333332,14.48,2026-04-23 17:11:00,12.306666666666668,2026,4,23,17:00,11,17:11
45.6,alsogod,1015.88,14.46,2026-04-23 17:12:00,12.28,2026,4,23,17:00,12,17:12
45.73333333333333,alsogod,1015.8866666666668,14.44,2026-04-23 17:13:00,12.253333333333332,2026,4,23,17:00,13,17:13
45.86666666666667,alsogod,1015.8933333333332,14.42,2026-04-23 17:14:00,12.226666666666668,2026,4,23,17:00,14,17:14
46.0,alsogod,1015.9,14.4,2026-04-23 17:15:00,12.2,2026,4,23,17:00,15,17:15
46.06666666666667,alsogod,1015.9,14.38,2026-04-23 17:16:00,12.2,2026,4,23,17:00,16,17:16
46.13333333333333,alsogod,1015.9,14.36,2026-04-23 17:17:00,12.2,2026,4,23,17:00,17,17:17
46.2,alsogod,1015.9,14.34,2026-04-23 17:18:00,12.2,2026,4,23,17:00,18,17:18
46.266666666666666,alsogod,1015.9,14.32,2026-04-23 17:19:00,12.2,2026,4,23,17:00,19,17:19
46.333333333333336,alsogod,1015.9,14.3,2026-04-23 17:20:00,12.2,2026,4,23,17:00,20,17:20
46.4,alsogod,1015.9,14.28,2026-04-23 17:21:00,12.2,2026,4,23,17:00,21,17:21
46.46666666666667,alsogod,1015.9,14.26,2026-04-23 17:22:00,12.2,2026,4,23,17:00,22,17:22
46.53333333333333,alsogod,1015.9,14.24,2026-04-23 17:23:00,12.2,2026,4,23,17:00,23,17:23
46.6,alsogod,1015.9,14.22,2026-04-23 17:24:00,12.2,2026,4,23,17:00,24,17:24
46.66666666666666,alsogod,1015.9,14.2,2026-04-23 17:25:00,12.2,2026,4,23,17:00,25,17:25
46.73333333333333,alsogod,1015.9,14.18,2026-04-23 17:26:00,12.2,2026,4,23,17:00,26,17:26
46.8,alsogod,1015.9,14.16,2026-04-23 17:27:00,12.2,2026,4,23,17:00,27,17:27
46.86666666666667,alsogod,1015.9,14.14,2026-04-23 17:28:00,12.2,2026,4,23,17:00,28,17:28
46.93333333333333,alsogod,1015.9,14.12,2026-04-23 17:29:00,12.2,2026,4,23,17:00,29,17:29
47.0,alsogod,1015.9,14.1,2026-04-23 17:30:00,12.2,2026,4,23,17:00,30,17:30
47.13333333333333,alsogod,1015.9066666666666,14.08,2026-04-23 17:31:00,12.2,2026,4,23,17:00,31,17:31
47.266666666666666,alsogod,1015.9133333333332,14.06,2026-04-23 17:32:00,12.2,2026,4,23,17:00,32,17:32
47.4,alsogod,1015.92,14.04,2026-04-23 17:33:00,12.2,2026,4,23,17:00,33,17:33
47.53333333333333,alsogod,1015.9266666666666,14.02,2026-04-23 17:34:00,12.2,2026,4,23,17:00,34,17:34
47.66666666666666,alsogod,1015.9333333333332,14.0,2026-04-23 17:35:00,12.2,2026,4,23,17:00,35,17:35
47.8,alsogod,1015.94,13.98,2026-04-23 17:36:00,12.2,2026,4,23,17:00,36,17:36
47.93333333333333,alsogod,1015.9466666666666,13.96,2026-04-23 17:37:00,12.2,2026,4,23,17:00,37,17:37
48.06666666666667,alsogod,1015.9533333333334,13.94,2026-04-23 17:38:00,12.2,2026,4,23,17:00,38,17:38
48.2,alsogod,1015.96,13.92,2026-04-23 17:39:00,12.2,2026,4,23,17:00,39,17:39
48.333333333333336,alsogod,1015.9666666666668,13.9,2026-04-23 17:40:00,12.2,2026,4,23,17:00,40,17:40
48.46666666666667,alsogod,1015.9733333333334,13.88,2026-04-23 17:41:00,12.2,2026,4,23,17:00,41,17:41
48.6,alsogod,1015.98,13.86,2026-04-23 17:42:00,12.2,2026,4,23,17:00,42,17:42
48.73333333333333,alsogod,1015.9866666666668,13.84,2026-04-23 17:43:00,12.2,2026,4,23,17:00,43,17:43
48.86666666666667,alsogod,1015.9933333333332,13.82,2026-04-23 17:44:00,12.2,2026,4,23,17:00,44,17:44
49.0,alsogod,1016.0,13.8,2026-04-23 17:45:00,12.2,2026,4,23,17:00,45,17:45
49.06666666666667,alsogod,1016.0,13.786666666666669,2026-04-23 17:46:00,12.226666666666668,2026,4,23,17:00,46,17:46
49.13333333333333,alsogod,1016.0,13.773333333333332,2026-04-23 17:47:00,12.253333333333332,2026,4,23,17:00,47,17:47
49.2,alsogod,1016.0,13.76,2026-04-23 17:48:00,12.28,2026,4,23,17:00,48,17:48
49.266666666666666,alsogod,1016.0,13.746666666666668,2026-04-23 17:49:00,12.306666666666668,2026,4,23,17:00,49,17:49
49.333333333333336,alsogod,1016.0,13.733333333333334,2026-04-23 17:50:00,12.333333333333332,2026,4,23,17:00,50,17:50
49.4,alsogod,1016.0,13.72,2026-04-23 17:51:00,12.36,2026,4,23,17:00,51,17:51
49.46666666666667,alsogod,1016.0,13.706666666666669,2026-04-23 17:52:00,12.386666666666668,2026,4,23,17:00,52,17:52
49.53333333333333,alsogod,1016.0,13.693333333333332,2026-04-23 17:53:00,12.413333333333332,2026,4,23,17:00,53,17:53
49.6,alsogod,1016.0,13.68,2026-04-23 17:54:00,12.44,2026,4,23,17:00,54,17:54
49.66666666666666,alsogod,1016.0,13.666666666666666,2026-04-23 17:55:00,12.466666666666669,2026,4,23,17:00,55,17:55
49.73333333333333,alsogod,1016.0,13.653333333333332,2026-04-23 17:56:00,12.493333333333332,2026,4,23,17:00,56,17:56
49.8,alsogod,1016.0,13.64,2026-04-23 17:57:00,12.52,2026,4,23,17:00,57,17:57
49.86666666666667,alsogod,1016.0,13.626666666666669,2026-04-23 17:58:00,12.546666666666669,2026,4,23,17:00,58,17:58
49.93333333333333,alsogod,1016.0,13.613333333333332,2026-04-23 17:59:00,12.573333333333332,2026,4,23,17:00,59,17:59
50.0,alsogod,1016.0,13.6,2026-04-23 18:00:00,12.6,2026,4,23,18:00,0,18:00
50.06666666666667,alsogod,1016.0066666666668,13.586666666666666,2026-04-23 18:01:00,12.626666666666669,2026,4,23,18:00,1,18:01
50.13333333333333,alsogod,1016.0133333333332,13.573333333333332,2026-04-23 18:02:00,12.653333333333332,2026,4,23,18:00,2,18:02
50.2,alsogod,1016.02,13.56,2026-04-23 18:03:00,12.68,2026,4,23,18:00,3,18:03
50.266666666666666,alsogod,1016.0266666666666,13.546666666666669,2026-04-23 18:04:00,12.706666666666669,2026,4,23,18:00,4,18:04
50.333333333333336,alsogod,1016.0333333333332,13.533333333333331,2026-04-23 18:05:00,12.733333333333333,2026,4,23,18:00,5,18:05
50.4,alsogod,1016.04,13.52,2026-04-23 18:06:00,12.76,2026,4,23,18:00,6,18:06
50.46666666666667,alsogod,1016.0466666666666,13.506666666666666,2026-04-23 18:07:00,12.786666666666669,2026,4,23,18:00,7,18:07
50.53333333333333,alsogod,1016.0533333333334,13.493333333333334,2026-04-23 18:08:00,12.813333333333333,2026,4,23,18:00,8,18:08
50.6,alsogod,1016.06,13.48,2026-04-23 18:09:00,12.84,2026,4,23,18:00,9,18:09
50.66666666666666,alsogod,1016.0666666666668,13.466666666666669,2026-04-23 18:10:00,12.866666666666667,2026,4,23,18:00,10,18:10
50.73333333333333,alsogod,1016.0733333333334,13.453333333333331,2026-04-23 18:11:00,12.893333333333333,2026,4,23,18:00,11,18:11
50.8,alsogod,1016.08,13.44,2026-04-23 18:12:00,12.92,2026,4,23,18:00,12,18:12
50.86666666666667,alsogod,1016.0866666666668,13.426666666666668,2026-04-23 18:13:00,12.946666666666667,2026,4,23,18:00,13,18:13
50.93333333333333,alsogod,1016.0933333333334,13.413333333333334,2026-04-23 18:14:00,12.973333333333333,2026,4,23,18:00,14,18:14
51.0,alsogod,1016.1,13.4,2026-04-23 18:15:00,13.0,2026,4,23,18:00,15,18:15
51.06666666666667,alsogod,1016.1,13.393333333333334,2026-04-23 18:16:00,13.046666666666669,2026,4,23,18:00,16,18:16
51.13333333333333,alsogod,1016.1,13.386666666666668,2026-04-23 18:17:00,13.093333333333334,2026,4,23,18:00,17,18:17
51.2,alsogod,1016.1,13.38,2026-04-23 18:18:00,13.14,2026,4,23,18:00,18,18:18
51.266666666666666,alsogod,1016.1,13.373333333333331,2026-04-23 18:19:00,13.186666666666666,2026,4,23,18:00,19,18:19
51.333333333333336,alsogod,1016.1,13.366666666666667,2026-04-23 18:20:00,13.233333333333333,2026,4,23,18:00,20,18:20
51.4,alsogod,1016.1,13.36,2026-04-23 18:21:00,13.28,2026,4,23,18:00,21,18:21
51.46666666666667,alsogod,1016.1,13.353333333333332,2026-04-23 18:22:00,13.326666666666666,2026,4,23,18:00,22,18:22
51.53333333333333,alsogod,1016.1,13.346666666666668,2026-04-23 18:23:00,13.373333333333331,2026,4,23,18:00,23,18:23
51.6,alsogod,1016.1,13.34,2026-04-23 18:24:00,13.42,2026,4,23,18:00,24,18:24
51.66666666666666,alsogod,1016.1,13.333333333333334,2026-04-23 18:25:00,13.466666666666669,2026,4,23,18:00,25,18:25
51.73333333333333,alsogod,1016.1,13.326666666666668,2026-04-23 18:26:00,13.513333333333332,2026,4,23,18:00,26,18:26
51.8,alsogod,1016.1,13.32,2026-04-23 18:27:00,13.56,2026,4,23,18:00,27,18:27
51.86666666666667,alsogod,1016.1,13.313333333333334,2026-04-23 18:28:00,13.606666666666666,2026,4,23,18:00,28,18:28
51.93333333333333,alsogod,1016.1,13.306666666666668,2026-04-23 18:29:00,13.653333333333332,2026,4,23,18:00,29,18:29
52.0,alsogod,1016.1,13.3,2026-04-23 18:30:00,13.7,2026,4,23,18:00,30,18:30
52.0,alsogod,1016.1066666666668,13.293333333333337,2026-04-23 18:31:00,13.72,2026,4,23,18:00,31,18:31
52.0,alsogod,1016.1133333333332,13.286666666666669,2026-04-23 18:32:00,13.74,2026,4,23,18:00,32,18:32
52.0,alsogod,1016.12,13.28,2026-04-23 18:33:00,13.76,2026,4,23,18:00,33,18:33
52.0,alsogod,1016.1266666666668,13.273333333333332,2026-04-23 18:34:00,13.78,2026,4,23,18:00,34,18:34
52.0,alsogod,1016.1333333333332,13.266666666666667,2026-04-23 18:35:00,13.8,2026,4,23,18:00,35,18:35
52.0,alsogod,1016.14,13.26,2026-04-23 18:36:00,13.82,2026,4,23,18:00,36,18:36
52.0,alsogod,1016.1466666666666,13.253333333333334,2026-04-23 18:37:00,13.84,2026,4,23,18:00,37,18:37
52.0,alsogod,1016.1533333333334,13.246666666666666,2026-04-23 18:38:00,13.86,2026,4,23,18:00,38,18:38
52.0,alsogod,1016.16,13.24,2026-04-23 18:39:00,13.88,2026,4,23,18:00,39,18:39
52.0,alsogod,1016.1666666666669,13.233333333333333,2026-04-23 18:40:00,13.9,2026,4,23,18:00,40,18:40
52.0,alsogod,1016.1733333333334,13.226666666666668,2026-04-23 18:41:00,13.92,2026,4,23,18:00,41,18:41
52.0,alsogod,1016.18,13.22,2026-04-23 18:42:00,13.94,2026,4,23,18:00,42,18:42
52.0,alsogod,1016.1866666666668,13.213333333333331,2026-04-23 18:43:00,13.96,2026,4,23,18:00,43,18:43
52.0,alsogod,1016.1933333333334,13.206666666666663,2026-04-23 18:44:00,13.98,2026,4,23,18:00,44,18:44
52.0,alsogod,1016.2,13.2,2026-04-23 18:45:00,14.0,2026,4,23,18:00,45,18:45
52.06666666666667,alsogod,1016.2,13.193333333333332,2026-04-23 18:46:00,14.026666666666667,2026,4,23,18:00,46,18:46
52.13333333333333,alsogod,1016.2,13.186666666666666,2026-04-23 18:47:00,14.053333333333333,2026,4,23,18:00,47,18:47
52.2,alsogod,1016.2,13.18,2026-04-23 18:48:00,14.08,2026,4,23,18:00,48,18:48
52.266666666666666,alsogod,1016.2,13.173333333333332,2026-04-23 18:49:00,14.106666666666667,2026,4,23,18:00,49,18:49
52.333333333333336,alsogod,1016.2,13.166666666666666,2026-04-23 18:50:00,14.133333333333333,2026,4,23,18:00,50,18:50
52.4,alsogod,1016.2,13.16,2026-04-23 18:51:00,14.16,2026,4,23,18:00,51,18:51
52.46666666666667,alsogod,1016.2,13.153333333333332,2026-04-23 18:52:00,14.186666666666667,2026,4,23,18:00,52,18:52
52.53333333333333,alsogod,1016.2,13.146666666666668,2026-04-23 18:53:00,14.213333333333331,2026,4,23,18:00,53,18:53
52.6,alsogod,1016.2,13.14,2026-04-23 18:54:00,14.24,2026,4,23,18:00,54,18:54
52.66666666666666,alsogod,1016.2,13.133333333333333,2026-04-23 18:55:00,14.266666666666667,2026,4,23,18:00,55,18:55
52.73333333333333,alsogod,1016.2,13.126666666666669,2026-04-23 18:56:00,14.293333333333331,2026,4,23,18:00,56,18:56
52.8,alsogod,1016.2,13.12,2026-04-23 18:57:00,14.32,2026,4,23,18:00,57,18:57
52.86666666666667,alsogod,1016.2,13.113333333333332,2026-04-23 18:58:00,14.346666666666668,2026,4,23,18:00,58,18:58
52.93333333333333,alsogod,1016.2,13.106666666666666,2026-04-23 18:59:00,14.373333333333331,2026,4,23,18:00,59,18:59
53.0,alsogod,1016.2,13.1,2026-04-23 19:00:00,14.4,2026,4,23,19:00,0,19:00
53.06666666666667,alsogod,1016.2,13.1,2026-04-23 19:01:00,14.4,2026,4,23,19:00,1,19:01
53.13333333333333,alsogod,1016.2,13.1,2026-04-23 19:02:00,14.4,2026,4,23,19:00,2,19:02
53.2,alsogod,1016.2,13.1,2026-04-23 19:03:00,14.4,2026,4,23,19:00,3,19:03
53.266666666666666,alsogod,1016.2,13.1,2026-04-23 19:04:00,14.4,2026,4,23,19:00,4,19:04
53.333333333333336,alsogod,1016.2,13.1,2026-04-23 19:05:00,14.4,2026,4,23,19:00,5,19:05
53.4,alsogod,1016.2,13.1,2026-04-23 19:06:00,14.4,2026,4,23,19:00,6,19:06
53.46666666666667,alsogod,1016.2,13.1,2026-04-23 19:07:00,14.4,2026,4,23,19:00,7,19:07
53.53333333333333,alsogod,1016.2,13.1,2026-04-23 19:08:00,14.4,2026,4,23,19:00,8,19:08
53.6,alsogod,1016.2,13.1,2026-04-23 19:09:00,14.4,2026,4,23,19:00,9,19:09
53.66666666666666,alsogod,1016.2,13.1,2026-04-23 19:10:00,14.4,2026,4,23,19:00,10,19:10
53.73333333333333,alsogod,1016.2,13.1,2026-04-23 19:11:00,14.4,2026,4,23,19:00,11,19:11
53.8,alsogod,1016.2,13.1,2026-04-23 19:12:00,14.4,2026,4,23,19:00,12,19:12
53.86666666666667,alsogod,1016.2,13.1,2026-04-23 19:13:00,14.4,2026,4,23,19:00,13,19:13
53.93333333333333,alsogod,1016.2,13.1,2026-04-23 19:14:00,14.4,2026,4,23,19:00,14,19:14
54.0,alsogod,1016.2,13.1,2026-04-23 19:15:00,14.4,2026,4,23,19:00,15,19:15
54.0,alsogod,1016.2,13.093333333333334,2026-04-23 19:16:00,14.373333333333331,2026,4,23,19:00,16,19:16
54.0,alsogod,1016.2,13.086666666666666,2026-04-23 19:17:00,14.346666666666668,2026,4,23,19:00,17,19:17
54.0,alsogod,1016.2,13.08,2026-04-23 19:18:00,14.32,2026,4,23,19:00,18,19:18
54.0,alsogod,1016.2,13.073333333333332,2026-04-23 19:19:00,14.293333333333331,2026,4,23,19:00,19,19:19
54.0,alsogod,1016.2,13.066666666666666,2026-04-23 19:20:00,14.266666666666667,2026,4,23,19:00,20,19:20
54.0,alsogod,1016.2,13.06,2026-04-23 19:21:00,14.24,2026,4,23,19:00,21,19:21
54.0,alsogod,1016.2,13.053333333333333,2026-04-23 19:22:00,14.213333333333331,2026,4,23,19:00,22,19:22
54.0,alsogod,1016.2,13.046666666666669,2026-04-23 19:23:00,14.186666666666667,2026,4,23,19:00,23,19:23
54.0,alsogod,1016.2,13.04,2026-04-23 19:24:00,14.16,2026,4,23,19:00,24,19:24
54.0,alsogod,1016.2,13.033333333333331,2026-04-23 19:25:00,14.133333333333333,2026,4,23,19:00,25,19:25
54.0,alsogod,1016.2,13.026666666666667,2026-04-23 19:26:00,14.106666666666667,2026,4,23,19:00,26,19:26
54.0,alsogod,1016.2,13.02,2026-04-23 19:27:00,14.08,2026,4,23,19:00,27,19:27
54.0,alsogod,1016.2,13.013333333333334,2026-04-23 19:28:00,14.053333333333333,2026,4,23,19:00,28,19:28
54.0,alsogod,1016.2,13.006666666666666,2026-04-23 19:29:00,14.026666666666667,2026,4,23,19:00,29,19:29
54.0,alsogod,1016.2,13.0,2026-04-23 19:30:00,14.0,2026,4,23,19:00,30,19:30
54.06666666666667,alsogod,1016.2,13.0,2026-04-23 19:31:00,13.98,2026,4,23,19:00,31,19:31
54.13333333333333,alsogod,1016.2,13.0,2026-04-23 19:32:00,13.96,2026,4,23,19:00,32,19:32
54.2,alsogod,1016.2,13.0,2026-04-23 19:33:00,13.94,2026,4,23,19:00,33,19:33
54.266666666666666,alsogod,1016.2,13.0,2026-04-23 19:34:00,13.92,2026,4,23,19:00,34,19:34
54.333333333333336,alsogod,1016.2,13.0,2026-04-23 19:35:00,13.9,2026,4,23,19:00,35,19:35
54.4,alsogod,1016.2,13.0,2026-04-23 19:36:00,13.88,2026,4,23,19:00,36,19:36
54.46666666666667,alsogod,1016.2,13.0,2026-04-23 19:37:00,13.86,2026,4,23,19:00,37,19:37
54.53333333333333,alsogod,1016.2,13.0,2026-04-23 19:38:00,13.84,2026,4,23,19:00,38,19:38
54.6,alsogod,1016.2,13.0,2026-04-23 19:39:00,13.82,2026,4,23,19:00,39,19:39
54.66666666666666,alsogod,1016.2,13.0,2026-04-23 19:40:00,13.8,2026,4,23,19:00,40,19:40
54.73333333333333,alsogod,1016.2,13.0,2026-04-23 19:41:00,13.78,2026,4,23,19:00,41,19:41
54.8,alsogod,1016.2,13.0,2026-04-23 19:42:00,13.76,2026,4,23,19:00,42,19:42
54.86666666666667,alsogod,1016.2,13.0,2026-04-23 19:43:00,13.74,2026,4,23,19:00,43,19:43
54.93333333333333,alsogod,1016.2,13.0,2026-04-23 19:44:00,13.72,2026,4,23,19:00,44,19:44
55.0,alsogod,1016.2,13.0,2026-04-23 19:45:00,13.7,2026,4,23,19:00,45,19:45
55.0,alsogod,1016.2,13.0,2026-04-23 19:46:00,13.673333333333332,2026,4,23,19:00,46,19:46
55.0,alsogod,1016.2,13.0,2026-04-23 19:47:00,13.646666666666668,2026,4,23,19:00,47,19:47
55.0,alsogod,1016.2,13.0,2026-04-23 19:48:00,13.62,2026,4,23,19:00,48,19:48
55.0,alsogod,1016.2,13.0,2026-04-23 19:49:00,13.593333333333334,2026,4,23,19:00,49,19:49
55.0,alsogod,1016.2,13.0,2026-04-23 19:50:00,13.566666666666666,2026,4,23,19:00,50,19:50
55.0,alsogod,1016.2,13.0,2026-04-23 19:51:00,13.54,2026,4,23,19:00,51,19:51
55.0,alsogod,1016.2,13.0,2026-04-23 19:52:00,13.513333333333334,2026,4,23,19:00,52,19:52
55.0,alsogod,1016.2,13.0,2026-04-23 19:53:00,13.486666666666666,2026,4,23,19:00,53,19:53
55.0,alsogod,1016.2,13.0,2026-04-23 19:54:00,13.46,2026,4,23,19:00,54,19:54
55.0,alsogod,1016.2,13.0,2026-04-23 19:55:00,13.433333333333334,2026,4,23,19:00,55,19:55
55.0,alsogod,1016.2,13.0,2026-04-23 19:56:00,13.406666666666666,2026,4,23,19:00,56,19:56
55.0,alsogod,1016.2,13.0,2026-04-23 19:57:00,13.38,2026,4,23,19:00,57,19:57
55.0,alsogod,1016.2,13.0,2026-04-23 19:58:00,13.353333333333332,2026,4,23,19:00,58,19:58
55.0,alsogod,1016.2,13.0,2026-04-23 19:59:00,13.326666666666668,2026,4,23,19:00,59,19:59
55.0,alsogod,1016.2,13.0,2026-04-23 20:00:00,13.3,2026,4,23,20:00,0,20:00
55.0,alsogod,1016.2,12.993333333333334,2026-04-23 20:01:00,13.3,2026,4,23,20:00,1,20:01
55.0,alsogod,1016.2,12.986666666666666,2026-04-23 20:02:00,13.3,2026,4,23,20:00,2,20:02
55.0,alsogod,1016.2,12.98,2026-04-23 20:03:00,13.3,2026,4,23,20:00,3,20:03
55.0,alsogod,1016.2,12.973333333333333,2026-04-23 20:04:00,13.3,2026,4,23,20:00,4,20:04
55.0,alsogod,1016.2,12.966666666666669,2026-04-23 20:05:00,13.3,2026,4,23,20:00,5,20:05
55.0,alsogod,1016.2,12.96,2026-04-23 20:06:00,13.3,2026,4,23,20:00,6,20:06
55.0,alsogod,1016.2,12.953333333333331,2026-04-23 20:07:00,13.3,2026,4,23,20:00,7,20:07
55.0,alsogod,1016.2,12.946666666666667,2026-04-23 20:08:00,13.3,2026,4,23,20:00,8,20:08
55.0,alsogod,1016.2,12.94,2026-04-23 20:09:00,13.3,2026,4,23,20:00,9,20:09
55.0,alsogod,1016.2,12.933333333333334,2026-04-23 20:10:00,13.3,2026,4,23,20:00,10,20:10
55.0,alsogod,1016.2,12.926666666666668,2026-04-23 20:11:00,13.3,2026,4,23,20:00,11,20:11
55.0,alsogod,1016.2,12.92,2026-04-23 20:12:00,13.3,2026,4,23,20:00,12,20:12
55.0,alsogod,1016.2,12.913333333333334,2026-04-23 20:13:00,13.3,2026,4,23,20:00,13,20:13
55.0,alsogod,1016.2,12.906666666666666,2026-04-23 20:14:00,13.3,2026,4,23,20:00,14,20:14
55.0,alsogod,1016.2,12.9,2026-04-23 20:15:00,13.3,2026,4,23,20:00,15,20:15
55.06666666666667,alsogod,1016.2,12.893333333333334,2026-04-23 20:16:00,13.346666666666668,2026,4,23,20:00,16,20:16
55.13333333333333,alsogod,1016.2,12.886666666666668,2026-04-23 20:17:00,13.393333333333334,2026,4,23,20:00,17,20:17
55.2,alsogod,1016.2,12.88,2026-04-23 20:18:00,13.44,2026,4,23,20:00,18,20:18
55.266666666666666,alsogod,1016.2,12.873333333333331,2026-04-23 20:19:00,13.486666666666666,2026,4,23,20:00,19,20:19
55.333333333333336,alsogod,1016.2,12.866666666666667,2026-04-23 20:20:00,13.533333333333331,2026,4,23,20:00,20,20:20
55.4,alsogod,1016.2,12.86,2026-04-23 20:21:00,13.58,2026,4,23,20:00,21,20:21
55.46666666666667,alsogod,1016.2,12.853333333333332,2026-04-23 20:22:00,13.626666666666669,2026,4,23,20:00,22,20:22
55.53333333333333,alsogod,1016.2,12.846666666666668,2026-04-23 20:23:00,13.673333333333334,2026,4,23,20:00,23,20:23
55.6,alsogod,1016.2,12.84,2026-04-23 20:24:00,13.72,2026,4,23,20:00,24,20:24
55.66666666666666,alsogod,1016.2,12.833333333333334,2026-04-23 20:25:00,13.766666666666667,2026,4,23,20:00,25,20:25
55.73333333333333,alsogod,1016.2,12.826666666666668,2026-04-23 20:26:00,13.813333333333333,2026,4,23,20:00,26,20:26
55.8,alsogod,1016.2,12.82,2026-04-23 20:27:00,13.86,2026,4,23,20:00,27,20:27
55.86666666666667,alsogod,1016.2,12.813333333333334,2026-04-23 20:28:00,13.906666666666666,2026,4,23,20:00,28,20:28
55.93333333333333,alsogod,1016.2,12.806666666666668,2026-04-23 20:29:00,13.953333333333331,2026,4,23,20:00,29,20:29
56.0,alsogod,1016.2,12.8,2026-04-23 20:30:00,14.0,2026,4,23,20:00,30,20:30
56.0,alsogod,1016.1933333333334,12.793333333333337,2026-04-23 20:31:00,14.026666666666667,2026,4,23,20:00,31,20:31
56.0,alsogod,1016.1866666666668,12.786666666666669,2026-04-23 20:32:00,14.053333333333333,2026,4,23,20:00,32,20:32
56.0,alsogod,1016.18,12.78,2026-04-23 20:33:00,14.08,2026,4,23,20:00,33,20:33
56.0,alsogod,1016.1733333333334,12.773333333333332,2026-04-23 20:34:00,14.106666666666667,2026,4,23,20:00,34,20:34
56.0,alsogod,1016.1666666666669,12.766666666666667,2026-04-23 20:35:00,14.133333333333333,2026,4,23,20:00,35,20:35
56.0,alsogod,1016.16,12.76,2026-04-23 20:36:00,14.16,2026,4,23,20:00,36,20:36
56.0,alsogod,1016.1533333333334,12.753333333333334,2026-04-23 20:37:00,14.186666666666667,2026,4,23,20:00,37,20:37
56.0,alsogod,1016.1466666666666,12.746666666666666,2026-04-23 20:38:00,14.213333333333331,2026,4,23,20:00,38,20:38
56.0,alsogod,1016.14,12.74,2026-04-23 20:39:00,14.24,2026,4,23,20:00,39,20:39
56.0,alsogod,1016.1333333333332,12.733333333333333,2026-04-23 20:40:00,14.266666666666667,2026,4,23,20:00,40,20:40
56.0,alsogod,1016.1266666666668,12.726666666666668,2026-04-23 20:41:00,14.293333333333331,2026,4,23,20:00,41,20:41
56.0,alsogod,1016.12,12.72,2026-04-23 20:42:00,14.32,2026,4,23,20:00,42,20:42
56.0,alsogod,1016.1133333333332,12.713333333333331,2026-04-23 20:43:00,14.346666666666668,2026,4,23,20:00,43,20:43
56.0,alsogod,1016.1066666666668,12.706666666666663,2026-04-23 20:44:00,14.373333333333331,2026,4,23,20:00,44,20:44
56.0,alsogod,1016.1,12.7,2026-04-23 20:45:00,14.4,2026,4,23,20:00,45,20:45
56.06666666666667,alsogod,1016.1,12.693333333333332,2026-04-23 20:46:00,14.4,2026,4,23,20:00,46,20:46
56.13333333333333,alsogod,1016.1,12.686666666666666,2026-04-23 20:47:00,14.4,2026,4,23,20:00,47,20:47
56.2,alsogod,1016.1,12.68,2026-04-23 20:48:00,14.4,2026,4,23,20:00,48,20:48
56.266666666666666,alsogod,1016.1,12.673333333333332,2026-04-23 20:49:00,14.4,2026,4,23,20:00,49,20:49
56.333333333333336,alsogod,1016.1,12.666666666666666,2026-04-23 20:50:00,14.4,2026,4,23,20:00,50,20:50
56.4,alsogod,1016.1,12.66,2026-04-23 20:51:00,14.4,2026,4,23,20:00,51,20:51
56.46666666666667,alsogod,1016.1,12.653333333333332,2026-04-23 20:52:00,14.4,2026,4,23,20:00,52,20:52
56.53333333333333,alsogod,1016.1,12.646666666666668,2026-04-23 20:53:00,14.4,2026,4,23,20:00,53,20:53
56.6,alsogod,1016.1,12.64,2026-04-23 20:54:00,14.4,2026,4,23,20:00,54,20:54
56.66666666666666,alsogod,1016.1,12.633333333333333,2026-04-23 20:55:00,14.4,2026,4,23,20:00,55,20:55
56.73333333333333,alsogod,1016.1,12.626666666666669,2026-04-23 20:56:00,14.4,2026,4,23,20:00,56,20:56
56.8,alsogod,1016.1,12.62,2026-04-23 20:57:00,14.4,2026,4,23,20:00,57,20:57
56.86666666666667,alsogod,1016.1,12.613333333333332,2026-04-23 20:58:00,14.4,2026,4,23,20:00,58,20:58
56.93333333333333,alsogod,1016.1,12.606666666666666,2026-04-23 20:59:00,14.4,2026,4,23,20:00,59,20:59
57.0,alsogod,1016.1,12.6,2026-04-23 21:00:00,14.4,2026,4,23,21:00,0,21:00
57.06666666666667,alsogod,1016.1,12.586666666666666,2026-04-23 21:01:00,14.4,2026,4,23,21:00,1,21:01
57.13333333333333,alsogod,1016.1,12.573333333333332,2026-04-23 21:02:00,14.4,2026,4,23,21:00,2,21:02
57.2,alsogod,1016.1,12.56,2026-04-23 21:03:00,14.4,2026,4,23,21:00,3,21:03
57.266666666666666,alsogod,1016.1,12.546666666666669,2026-04-23 21:04:00,14.4,2026,4,23,21:00,4,21:04
57.333333333333336,alsogod,1016.1,12.533333333333331,2026-04-23 21:05:00,14.4,2026,4,23,21:00,5,21:05
57.4,alsogod,1016.1,12.52,2026-04-23 21:06:00,14.4,2026,4,23,21:00,6,21:06
57.46666666666667,alsogod,1016.1,12.506666666666666,2026-04-23 21:07:00,14.4,2026,4,23,21:00,7,21:07
57.53333333333333,alsogod,1016.1,12.493333333333334,2026-04-23 21:08:00,14.4,2026,4,23,21:00,8,21:08
57.6,alsogod,1016.1,12.48,2026-04-23 21:09:00,14.4,2026,4,23,21:00,9,21:09
57.66666666666666,alsogod,1016.1,12.466666666666669,2026-04-23 21:10:00,14.4,2026,4,23,21:00,10,21:10
57.73333333333333,alsogod,1016.1,12.453333333333331,2026-04-23 21:11:00,14.4,2026,4,23,21:00,11,21:11
57.8,alsogod,1016.1,12.44,2026-04-23 21:12:00,14.4,2026,4,23,21:00,12,21:12
57.86666666666667,alsogod,1016.1,12.426666666666668,2026-04-23 21:13:00,14.4,2026,4,23,21:00,13,21:13
57.93333333333333,alsogod,1016.1,12.413333333333334,2026-04-23 21:14:00,14.4,2026,4,23,21:00,14,21:14
58.0,alsogod,1016.1,12.4,2026-04-23 21:15:00,14.4,2026,4,23,21:00,15,21:15
58.0,alsogod,1016.0933333333334,12.386666666666668,2026-04-23 21:16:00,14.373333333333331,2026,4,23,21:00,16,21:16
58.0,alsogod,1016.0866666666668,12.373333333333331,2026-04-23 21:17:00,14.346666666666668,2026,4,23,21:00,17,21:17
58.0,alsogod,1016.08,12.36,2026-04-23 21:18:00,14.32,2026,4,23,21:00,18,21:18
58.0,alsogod,1016.0733333333334,12.346666666666668,2026-04-23 21:19:00,14.293333333333331,2026,4,23,21:00,19,21:19
58.0,alsogod,1016.0666666666668,12.333333333333334,2026-04-23 21:20:00,14.266666666666667,2026,4,23,21:00,20,21:20
58.0,alsogod,1016.06,12.32,2026-04-23 21:21:00,14.24,2026,4,23,21:00,21,21:21
58.0,alsogod,1016.0533333333334,12.306666666666668,2026-04-23 21:22:00,14.213333333333331,2026,4,23,21:00,22,21:22
58.0,alsogod,1016.0466666666666,12.293333333333331,2026-04-23 21:23:00,14.186666666666667,2026,4,23,21:00,23,21:23
58.0,alsogod,1016.04,12.28,2026-04-23 21:24:00,14.16,2026,4,23,21:00,24,21:24
58.0,alsogod,1016.0333333333332,12.266666666666666,2026-04-23 21:25:00,14.133333333333333,2026,4,23,21:00,25,21:25
58.0,alsogod,1016.0266666666666,12.253333333333332,2026-04-23 21:26:00,14.106666666666667,2026,4,23,21:00,26,21:26
58.0,alsogod,1016.02,12.24,2026-04-23 21:27:00,14.08,2026,4,23,21:00,27,21:27
58.0,alsogod,1016.0133333333332,12.226666666666668,2026-04-23 21:28:00,14.053333333333333,2026,4,23,21:00,28,21:28
58.0,alsogod,1016.0066666666668,12.213333333333331,2026-04-23 21:29:00,14.026666666666667,2026,4,23,21:00,29,21:29
58.0,alsogod,1016.0,12.2,2026-04-23 21:30:00,14.0,2026,4,23,21:00,30,21:30
58.06666666666667,alsogod,1016.0,12.186666666666666,2026-04-23 21:31:00,13.953333333333331,2026,4,23,21:00,31,21:31
58.13333333333333,alsogod,1016.0,12.173333333333332,2026-04-23 21:32:00,13.906666666666666,2026,4,23,21:00,32,21:32
58.2,alsogod,1016.0,12.16,2026-04-23 21:33:00,13.86,2026,4,23,21:00,33,21:33
58.266666666666666,alsogod,1016.0,12.146666666666668,2026-04-23 21:34:00,13.813333333333334,2026,4,23,21:00,34,21:34
58.333333333333336,alsogod,1016.0,12.133333333333333,2026-04-23 21:35:00,13.766666666666667,2026,4,23,21:00,35,21:35
58.4,alsogod,1016.0,12.12,2026-04-23 21:36:00,13.72,2026,4,23,21:00,36,21:36
58.46666666666667,alsogod,1016.0,12.106666666666666,2026-04-23 21:37:00,13.673333333333334,2026,4,23,21:00,37,21:37
58.53333333333333,alsogod,1016.0,12.093333333333334,2026-04-23 21:38:00,13.626666666666669,2026,4,23,21:00,38,21:38
58.6,alsogod,1016.0,12.08,2026-04-23 21:39:00,13.58,2026,4,23,21:00,39,21:39
58.66666666666666,alsogod,1016.0,12.066666666666666,2026-04-23 21:40:00,13.533333333333331,2026,4,23,21:00,40,21:40
58.73333333333333,alsogod,1016.0,12.053333333333333,2026-04-23 21:41:00,13.486666666666668,2026,4,23,21:00,41,21:41
58.8,alsogod,1016.0,12.04,2026-04-23 21:42:00,13.44,2026,4,23,21:00,42,21:42
58.86666666666667,alsogod,1016.0,12.026666666666667,2026-04-23 21:43:00,13.393333333333334,2026,4,23,21:00,43,21:43
58.93333333333333,alsogod,1016.0,12.013333333333334,2026-04-23 21:44:00,13.346666666666668,2026,4,23,21:00,44,21:44
59.0,alsogod,1016.0,12.0,2026-04-23 21:45:00,13.3,2026,4,23,21:00,45,21:45
59.06666666666667,alsogod,1015.9933333333332,11.986666666666666,2026-04-23 21:46:00,13.28,2026,4,23,21:00,46,21:46
59.13333333333333,alsogod,1015.9866666666668,11.973333333333333,2026-04-23 21:47:00,13.26,2026,4,23,21:00,47,21:47
59.2,alsogod,1015.98,11.96,2026-04-23 21:48:00,13.24,2026,4,23,21:00,48,21:48
59.266666666666666,alsogod,1015.9733333333334,11.946666666666667,2026-04-23 21:49:00,13.22,2026,4,23,21:00,49,21:49
59.333333333333336,alsogod,1015.9666666666668,11.933333333333334,2026-04-23 21:50:00,13.2,2026,4,23,21:00,50,21:50
59.4,alsogod,1015.96,11.92,2026-04-23 21:51:00,13.18,2026,4,23,21:00,51,21:51
59.46666666666667,alsogod,1015.9533333333334,11.906666666666666,2026-04-23 21:52:00,13.16,2026,4,23,21:00,52,21:52
59.53333333333333,alsogod,1015.9466666666666,11.893333333333334,2026-04-23 21:53:00,13.14,2026,4,23,21:00,53,21:53
59.6,alsogod,1015.94,11.88,2026-04-23 21:54:00,13.12,2026,4,23,21:00,54,21:54
59.66666666666666,alsogod,1015.9333333333332,11.866666666666667,2026-04-23 21:55:00,13.1,2026,4,23,21:00,55,21:55
59.73333333333333,alsogod,1015.9266666666666,11.853333333333332,2026-04-23 21:56:00,13.08,2026,4,23,21:00,56,21:56
59.8,alsogod,1015.92,11.84,2026-04-23 21:57:00,13.06,2026,4,23,21:00,57,21:57
59.86666666666667,alsogod,1015.9133333333332,11.826666666666668,2026-04-23 21:58:00,13.04,2026,4,23,21:00,58,21:58
59.93333333333333,alsogod,1015.9066666666666,11.813333333333334,2026-04-23 21:59:00,13.02,2026,4,23,21:00,59,21:59
60.0,alsogod,1015.9,11.8,2026-04-23 22:00:00,13.0,2026,4,23,22:00,0,22:00
60.06666666666667,alsogod,1015.8933333333332,11.793333333333337,2026-04-23 22:01:00,12.973333333333333,2026,4,23,22:00,1,22:01
60.13333333333333,alsogod,1015.8866666666668,11.786666666666669,2026-04-23 22:02:00,12.946666666666667,2026,4,23,22:00,2,22:02
60.2,alsogod,1015.88,11.78,2026-04-23 22:03:00,12.92,2026,4,23,22:00,3,22:03
60.266666666666666,alsogod,1015.8733333333332,11.773333333333332,2026-04-23 22:04:00,12.893333333333333,2026,4,23,22:00,4,22:04
60.333333333333336,alsogod,1015.8666666666668,11.766666666666667,2026-04-23 22:05:00,12.866666666666667,2026,4,23,22:00,5,22:05
60.4,alsogod,1015.86,11.76,2026-04-23 22:06:00,12.84,2026,4,23,22:00,6,22:06
60.46666666666667,alsogod,1015.8533333333334,11.753333333333334,2026-04-23 22:07:00,12.813333333333333,2026,4,23,22:00,7,22:07
60.53333333333333,alsogod,1015.8466666666666,11.746666666666666,2026-04-23 22:08:00,12.786666666666669,2026,4,23,22:00,8,22:08
60.6,alsogod,1015.84,11.74,2026-04-23 22:09:00,12.76,2026,4,23,22:00,9,22:09
60.66666666666666,alsogod,1015.8333333333331,11.733333333333333,2026-04-23 22:10:00,12.733333333333333,2026,4,23,22:00,10,22:10
60.73333333333333,alsogod,1015.8266666666666,11.726666666666668,2026-04-23 22:11:00,12.706666666666669,2026,4,23,22:00,11,22:11
60.8,alsogod,1015.82,11.72,2026-04-23 22:12:00,12.68,2026,4,23,22:00,12,22:12
60.86666666666667,alsogod,1015.8133333333332,11.713333333333331,2026-04-23 22:13:00,12.653333333333332,2026,4,23,22:00,13,22:13
60.93333333333333,alsogod,1015.8066666666666,11.706666666666663,2026-04-23 22:14:00,12.626666666666669,2026,4,23,22:00,14,22:14
61.0,alsogod,1015.8,11.7,2026-04-23 22:15:00,12.6,2026,4,23,22:00,15,22:15
61.0,alsogod,1015.8,11.693333333333332,2026-04-23 22:16:00,12.573333333333332,2026,4,23,22:00,16,22:16
61.0,alsogod,1015.8,11.686666666666666,2026-04-23 22:17:00,12.546666666666669,2026,4,23,22:00,17,22:17
61.0,alsogod,1015.8,11.68,2026-04-23 22:18:00,12.52,2026,4,23,22:00,18,22:18
61.0,alsogod,1015.8,11.673333333333332,2026-04-23 22:19:00,12.493333333333332,2026,4,23,22:00,19,22:19
61.0,alsogod,1015.8,11.666666666666666,2026-04-23 22:20:00,12.466666666666669,2026,4,23,22:00,20,22:20
61.0,alsogod,1015.8,11.66,2026-04-23 22:21:00,12.44,2026,4,23,22:00,21,22:21
61.0,alsogod,1015.8,11.653333333333332,2026-04-23 22:22:00,12.413333333333332,2026,4,23,22:00,22,22:22
61.0,alsogod,1015.8,11.646666666666668,2026-04-23 22:23:00,12.386666666666668,2026,4,23,22:00,23,22:23
61.0,alsogod,1015.8,11.64,2026-04-23 22:24:00,12.36,2026,4,23,22:00,24,22:24
61.0,alsogod,1015.8,11.633333333333333,2026-04-23 22:25:00,12.333333333333332,2026,4,23,22:00,25,22:25
61.0,alsogod,1015.8,11.626666666666669,2026-04-23 22:26:00,12.306666666666668,2026,4,23,22:00,26,22:26
61.0,alsogod,1015.8,11.62,2026-04-23 22:27:00,12.28,2026,4,23,22:00,27,22:27
61.0,alsogod,1015.8,11.613333333333332,2026-04-23 22:28:00,12.253333333333332,2026,4,23,22:00,28,22:28
61.0,alsogod,1015.8,11.606666666666666,2026-04-23 22:29:00,12.226666666666668,2026,4,23,22:00,29,22:29
61.0,alsogod,1015.8,11.6,2026-04-23 22:30:00,12.2,2026,4,23,22:00,30,22:30
61.06666666666667,alsogod,1015.7933333333332,11.586666666666666,2026-04-23 22:31:00,12.153333333333332,2026,4,23,22:00,31,22:31
61.13333333333333,alsogod,1015.7866666666666,11.573333333333332,2026-04-23 22:32:00,12.106666666666666,2026,4,23,22:00,32,22:32
61.2,alsogod,1015.78,11.56,2026-04-23 22:33:00,12.06,2026,4,23,22:00,33,22:33
61.266666666666666,alsogod,1015.7733333333332,11.546666666666669,2026-04-23 22:34:00,12.013333333333334,2026,4,23,22:00,34,22:34
61.333333333333336,alsogod,1015.7666666666668,11.533333333333331,2026-04-23 22:35:00,11.966666666666669,2026,4,23,22:00,35,22:35
61.4,alsogod,1015.76,11.52,2026-04-23 22:36:00,11.92,2026,4,23,22:00,36,22:36
61.46666666666667,alsogod,1015.7533333333332,11.506666666666666,2026-04-23 22:37:00,11.873333333333331,2026,4,23,22:00,37,22:37
61.53333333333333,alsogod,1015.7466666666668,11.493333333333334,2026-04-23 22:38:00,11.826666666666666,2026,4,23,22:00,38,22:38
61.6,alsogod,1015.74,11.48,2026-04-23 22:39:00,11.78,2026,4,23,22:00,39,22:39
61.66666666666666,alsogod,1015.7333333333332,11.466666666666669,2026-04-23 22:40:00,11.733333333333333,2026,4,23,22:00,40,22:40
61.73333333333333,alsogod,1015.7266666666668,11.453333333333331,2026-04-23 22:41:00,11.686666666666667,2026,4,23,22:00,41,22:41
61.8,alsogod,1015.72,11.44,2026-04-23 22:42:00,11.64,2026,4,23,22:00,42,22:42
61.86666666666667,alsogod,1015.7133333333334,11.426666666666668,2026-04-23 22:43:00,11.593333333333334,2026,4,23,22:00,43,22:43
61.93333333333333,alsogod,1015.7066666666668,11.413333333333334,2026-04-23 22:44:00,11.546666666666669,2026,4,23,22:00,44,22:44
62.0,alsogod,1015.7,11.4,2026-04-23 22:45:00,11.5,2026,4,23,22:00,45,22:45
62.06666666666667,alsogod,1015.7,11.393333333333334,2026-04-23 22:46:00,11.48,2026,4,23,22:00,46,22:46
62.13333333333333,alsogod,1015.7,11.386666666666668,2026-04-23 22:47:00,11.46,2026,4,23,22:00,47,22:47
62.2,alsogod,1015.7,11.38,2026-04-23 22:48:00,11.44,2026,4,23,22:00,48,22:48
62.266666666666666,alsogod,1015.7,11.373333333333331,2026-04-23 22:49:00,11.42,2026,4,23,22:00,49,22:49
62.333333333333336,alsogod,1015.7,11.366666666666667,2026-04-23 22:50:00,11.4,2026,4,23,22:00,50,22:50
62.4,alsogod,1015.7,11.36,2026-04-23 22:51:00,11.38,2026,4,23,22:00,51,22:51
62.46666666666667,alsogod,1015.7,11.353333333333332,2026-04-23 22:52:00,11.36,2026,4,23,22:00,52,22:52
62.53333333333333,alsogod,1015.7,11.346666666666668,2026-04-23 22:53:00,11.34,2026,4,23,22:00,53,22:53
62.6,alsogod,1015.7,11.34,2026-04-23 22:54:00,11.32,2026,4,23,22:00,54,22:54
62.66666666666666,alsogod,1015.7,11.333333333333334,2026-04-23 22:55:00,11.3,2026,4,23,22:00,55,22:55
62.73333333333333,alsogod,1015.7,11.326666666666668,2026-04-23 22:56:00,11.28,2026,4,23,22:00,56,22:56
62.8,alsogod,1015.7,11.32,2026-04-23 22:57:00,11.26,2026,4,23,22:00,57,22:57
62.86666666666667,alsogod,1015.7,11.313333333333334,2026-04-23 22:58:00,11.24,2026,4,23,22:00,58,22:58
62.93333333333333,alsogod,1015.7,11.306666666666668,2026-04-23 22:59:00,11.22,2026,4,23,22:00,59,22:59
63.0,alsogod,1015.7,11.3,2026-04-23 23:00:00,11.2,2026,4,23,23:00,0,23:00
63.06666666666667,alsogod,1015.7,11.28,2026-04-23 23:01:00,11.146666666666668,2026,4,23,23:00,1,23:01
63.13333333333333,alsogod,1015.7,11.26,2026-04-23 23:02:00,11.093333333333332,2026,4,23,23:00,2,23:02
63.2,alsogod,1015.7,11.24,2026-04-23 23:03:00,11.04,2026,4,23,23:00,3,23:03
63.266666666666666,alsogod,1015.7,11.22,2026-04-23 23:04:00,10.986666666666666,2026,4,23,23:00,4,23:04
63.333333333333336,alsogod,1015.7,11.2,2026-04-23 23:05:00,10.933333333333334,2026,4,23,23:00,5,23:05
63.4,alsogod,1015.7,11.18,2026-04-23 23:06:00,10.88,2026,4,23,23:00,6,23:06
63.46666666666667,alsogod,1015.7,11.16,2026-04-23 23:07:00,10.826666666666666,2026,4,23,23:00,7,23:07
63.53333333333333,alsogod,1015.7,11.14,2026-04-23 23:08:00,10.773333333333332,2026,4,23,23:00,8,23:08
63.6,alsogod,1015.7,11.12,2026-04-23 23:09:00,10.72,2026,4,23,23:00,9,23:09
63.66666666666666,alsogod,1015.7,11.1,2026-04-23 23:10:00,10.666666666666666,2026,4,23,23:00,10,23:10
63.73333333333333,alsogod,1015.7,11.08,2026-04-23 23:11:00,10.613333333333332,2026,4,23,23:00,11,23:11
63.8,alsogod,1015.7,11.06,2026-04-23 23:12:00,10.56,2026,4,23,23:00,12,23:12
63.86666666666667,alsogod,1015.7,11.04,2026-04-23 23:13:00,10.506666666666668,2026,4,23,23:00,13,23:13
63.93333333333333,alsogod,1015.7,11.02,2026-04-23 23:14:00,10.453333333333331,2026,4,23,23:00,14,23:14
64.0,alsogod,1015.7,11.0,2026-04-23 23:15:00,10.4,2026,4,23,23:00,15,23:15
64.13333333333334,alsogod,1015.7066666666668,10.98,2026-04-23 23:16:00,10.333333333333334,2026,4,23,23:00,16,23:16
64.26666666666667,alsogod,1015.7133333333334,10.96,2026-04-23 23:17:00,10.266666666666667,2026,4,23,23:00,17,23:17
64.4,alsogod,1015.72,10.94,2026-04-23 23:18:00,10.2,2026,4,23,23:00,18,23:18
64.53333333333333,alsogod,1015.7266666666668,10.92,2026-04-23 23:19:00,10.133333333333333,2026,4,23,23:00,19,23:19
64.66666666666667,alsogod,1015.7333333333332,10.9,2026-04-23 23:20:00,10.066666666666666,2026,4,23,23:00,20,23:20
64.8,alsogod,1015.74,10.88,2026-04-23 23:21:00,10.0,2026,4,23,23:00,21,23:21
64.93333333333334,alsogod,1015.7466666666668,10.86,2026-04-23 23:22:00,9.933333333333334,2026,4,23,23:00,22,23:22
65.06666666666666,alsogod,1015.7533333333332,10.84,2026-04-23 23:23:00,9.866666666666667,2026,4,23,23:00,23,23:23
65.2,alsogod,1015.76,10.82,2026-04-23 23:24:00,9.8,2026,4,23,23:00,24,23:24
65.33333333333333,alsogod,1015.7666666666668,10.8,2026-04-23 23:25:00,9.733333333333334,2026,4,23,23:00,25,23:25
65.46666666666667,alsogod,1015.7733333333332,10.78,2026-04-23 23:26:00,9.666666666666668,2026,4,23,23:00,26,23:26
65.6,alsogod,1015.78,10.76,2026-04-23 23:27:00,9.6,2026,4,23,23:00,27,23:27
65.73333333333333,alsogod,1015.7866666666666,10.74,2026-04-23 23:28:00,9.533333333333331,2026,4,23,23:00,28,23:28
65.86666666666666,alsogod,1015.7933333333332,10.72,2026-04-23 23:29:00,9.466666666666669,2026,4,23,23:00,29,23:29
66.0,alsogod,1015.8,10.7,2026-04-23 23:30:00,9.4,2026,4,23,23:00,30,23:30
66.13333333333334,alsogod,1015.8,10.68,2026-04-23 23:31:00,9.346666666666668,2026,4,23,23:00,31,23:31
66.26666666666667,alsogod,1015.8,10.66,2026-04-23 23:32:00,9.293333333333331,2026,4,23,23:00,32,23:32
66.4,alsogod,1015.8,10.64,2026-04-23 23:33:00,9.24,2026,4,23,23:00,33,23:33
66.53333333333333,alsogod,1015.8,10.62,2026-04-23 23:34:00,9.186666666666667,2026,4,23,23:00,34,23:34
66.66666666666667,alsogod,1015.8,10.6,2026-04-23 23:35:00,9.133333333333333,2026,4,23,23:00,35,23:35
66.8,alsogod,1015.8,10.58,2026-04-23 23:36:00,9.08,2026,4,23,23:00,36,23:36
66.93333333333334,alsogod,1015.8,10.56,2026-04-23 23:37:00,9.026666666666667,2026,4,23,23:00,37,23:37
67.06666666666666,alsogod,1015.8,10.54,2026-04-23 23:38:00,8.973333333333333,2026,4,23,23:00,38,23:38
67.2,alsogod,1015.8,10.52,2026-04-23 23:39:00,8.92,2026,4,23,23:00,39,23:39
67.33333333333333,alsogod,1015.8,10.5,2026-04-23 23:40:00,8.866666666666667,2026,4,23,23:00,40,23:40
67.46666666666667,alsogod,1015.8,10.48,2026-04-23 23:41:00,8.813333333333333,2026,4,23,23:00,41,23:41
67.6,alsogod,1015.8,10.46,2026-04-23 23:42:00,8.76,2026,4,23,23:00,42,23:42
67.73333333333333,alsogod,1015.8,10.44,2026-04-23 23:43:00,8.706666666666667,2026,4,23,23:00,43,23:43
67.86666666666666,alsogod,1015.8,10.42,2026-04-23 23:44:00,8.653333333333332,2026,4,23,23:00,44,23:44
68.0,alsogod,1015.8,10.4,2026-04-23 23:45:00,8.6,2026,4,23,23:00,45,23:45
68.06666666666666,alsogod,1015.8066666666666,10.386666666666668,2026-04-23 23:46:00,8.58,2026,4,23,23:00,46,23:46
68.13333333333334,alsogod,1015.8133333333332,10.373333333333331,2026-04-23 23:47:00,8.56,2026,4,23,23:00,47,23:47
68.2,alsogod,1015.82,10.36,2026-04-23 23:48:00,8.54,2026,4,23,23:00,48,23:48
68.26666666666667,alsogod,1015.8266666666666,10.346666666666668,2026-04-23 23:49:00,8.52,2026,4,23,23:00,49,23:49
68.33333333333333,alsogod,1015.8333333333331,10.333333333333334,2026-04-23 23:50:00,8.5,2026,4,23,23:00,50,23:50
68.4,alsogod,1015.84,10.32,2026-04-23 23:51:00,8.48,2026,4,23,23:00,51,23:51
68.46666666666667,alsogod,1015.8466666666666,10.306666666666668,2026-04-23 23:52:00,8.46,2026,4,23,23:00,52,23:52
68.53333333333333,alsogod,1015.8533333333334,10.293333333333331,2026-04-23 23:53:00,8.44,2026,4,23,23:00,53,23:53
68.6,alsogod,1015.86,10.28,2026-04-23 23:54:00,8.42,2026,4,23,23:00,54,23:54
68.66666666666667,alsogod,1015.8666666666668,10.266666666666666,2026-04-23 23:55:00,8.4,2026,4,23,23:00,55,23:55
68.73333333333333,alsogod,1015.8733333333332,10.253333333333332,2026-04-23 23:56:00,8.38,2026,4,23,23:00,56,23:56
68.8,alsogod,1015.88,10.24,2026-04-23 23:57:00,8.360000000000001,2026,4,23,23:00,57,23:57
68.86666666666666,alsogod,1015.8866666666668,10.226666666666668,2026-04-23 23:58:00,8.34,2026,4,23,23:00,58,23:58
68.93333333333334,alsogod,1015.8933333333332,10.213333333333331,2026-04-23 23:59:00,8.32,2026,4,23,23:00,59,23:59
69.0,alsogod,1015.9,10.2,2026-04-24 00:00:00,8.3,2026,4,24,00:00,0,00:00
69.06666666666666,alsogod,1015.9,10.193333333333332,2026-04-24 00:01:00,8.3,2026,4,24,00:00,1,00:01
69.13333333333334,alsogod,1015.9,10.186666666666666,2026-04-24 00:02:00,8.3,2026,4,24,00:00,2,00:02
69.2,alsogod,1015.9,10.18,2026-04-24 00:03:00,8.3,2026,4,24,00:00,3,00:03
69.26666666666667,alsogod,1015.9,10.173333333333332,2026-04-24 00:04:00,8.3,2026,4,24,00:00,4,00:04
69.33333333333333,alsogod,1015.9,10.166666666666666,2026-04-24 00:05:00,8.3,2026,4,24,00:00,5,00:05
69.4,alsogod,1015.9,10.16,2026-04-24 00:06:00,8.3,2026,4,24,00:00,6,00:06
69.46666666666667,alsogod,1015.9,10.153333333333332,2026-04-24 00:07:00,8.3,2026,4,24,00:00,7,00:07
69.53333333333333,alsogod,1015.9,10.146666666666668,2026-04-24 00:08:00,8.3,2026,4,24,00:00,8,00:08
69.6,alsogod,1015.9,10.14,2026-04-24 00:09:00,8.3,2026,4,24,00:00,9,00:09
69.66666666666667,alsogod,1015.9,10.133333333333333,2026-04-24 00:10:00,8.3,2026,4,24,00:00,10,00:10
69.73333333333333,alsogod,1015.9,10.126666666666669,2026-04-24 00:11:00,8.3,2026,4,24,00:00,11,00:11
69.8,alsogod,1015.9,10.12,2026-04-24 00:12:00,8.3,2026,4,24,00:00,12,00:12
69.86666666666666,alsogod,1015.9,10.113333333333332,2026-04-24 00:13:00,8.3,2026,4,24,00:00,13,00:13
69.93333333333334,alsogod,1015.9,10.106666666666666,2026-04-24 00:14:00,8.3,2026,4,24,00:00,14,00:14
70.0,alsogod,1015.9,10.1,2026-04-24 00:15:00,8.3,2026,4,24,00:00,15,00:15
70.0,alsogod,1015.9066666666666,10.1,2026-04-24 00:16:00,8.32,2026,4,24,00:00,16,00:16
70.0,alsogod,1015.9133333333332,10.1,2026-04-24 00:17:00,8.34,2026,4,24,00:00,17,00:17
70.0,alsogod,1015.92,10.1,2026-04-24 00:18:00,8.360000000000001,2026,4,24,00:00,18,00:18
70.0,alsogod,1015.9266666666666,10.1,2026-04-24 00:19:00,8.38,2026,4,24,00:00,19,00:19
70.0,alsogod,1015.9333333333332,10.1,2026-04-24 00:20:00,8.4,2026,4,24,00:00,20,00:20
70.0,alsogod,1015.94,10.1,2026-04-24 00:21:00,8.42,2026,4,24,00:00,21,00:21
70.0,alsogod,1015.9466666666666,10.1,2026-04-24 00:22:00,8.44,2026,4,24,00:00,22,00:22
70.0,alsogod,1015.9533333333334,10.1,2026-04-24 00:23:00,8.46,2026,4,24,00:00,23,00:23
70.0,alsogod,1015.96,10.1,2026-04-24 00:24:00,8.48,2026,4,24,00:00,24,00:24
70.0,alsogod,1015.9666666666668,10.1,2026-04-24 00:25:00,8.5,2026,4,24,00:00,25,00:25
70.0,alsogod,1015.9733333333334,10.1,2026-04-24 00:26:00,8.52,2026,4,24,00:00,26,00:26
70.0,alsogod,1015.98,10.1,2026-04-24 00:27:00,8.54,2026,4,24,00:00,27,00:27
70.0,alsogod,1015.9866666666668,10.1,2026-04-24 00:28:00,8.56,2026,4,24,00:00,28,00:28
70.0,alsogod,1015.9933333333332,10.1,2026-04-24 00:29:00,8.58,2026,4,24,00:00,29,00:29
70.0,alsogod,1016.0,10.1,2026-04-24 00:30:00,8.6,2026,4,24,00:00,30,00:30
70.0,alsogod,1016.0,10.093333333333334,2026-04-24 00:31:00,8.653333333333332,2026,4,24,00:00,31,00:31
70.0,alsogod,1016.0,10.086666666666666,2026-04-24 00:32:00,8.706666666666667,2026,4,24,00:00,32,00:32
70.0,alsogod,1016.0,10.08,2026-04-24 00:33:00,8.76,2026,4,24,00:00,33,00:33
70.0,alsogod,1016.0,10.073333333333332,2026-04-24 00:34:00,8.813333333333333,2026,4,24,00:00,34,00:34
70.0,alsogod,1016.0,10.066666666666666,2026-04-24 00:35:00,8.866666666666667,2026,4,24,00:00,35,00:35
70.0,alsogod,1016.0,10.06,2026-04-24 00:36:00,8.92,2026,4,24,00:00,36,00:36
70.0,alsogod,1016.0,10.053333333333333,2026-04-24 00:37:00,8.973333333333333,2026,4,24,00:00,37,00:37
70.0,alsogod,1016.0,10.046666666666669,2026-04-24 00:38:00,9.026666666666667,2026,4,24,00:00,38,00:38
70.0,alsogod,1016.0,10.04,2026-04-24 00:39:00,9.08,2026,4,24,00:00,39,00:39
70.0,alsogod,1016.0,10.033333333333331,2026-04-24 00:40:00,9.133333333333333,2026,4,24,00:00,40,00:40
70.0,alsogod,1016.0,10.026666666666667,2026-04-24 00:41:00,9.186666666666667,2026,4,24,00:00,41,00:41
70.0,alsogod,1016.0,10.02,2026-04-24 00:42:00,9.24,2026,4,24,00:00,42,00:42
70.0,alsogod,1016.0,10.013333333333334,2026-04-24 00:43:00,9.293333333333331,2026,4,24,00:00,43,00:43
70.0,alsogod,1016.0,10.006666666666666,2026-04-24 00:44:00,9.346666666666668,2026,4,24,00:00,44,00:44
70.0,alsogod,1016.0,10.0,2026-04-24 00:45:00,9.4,2026,4,24,00:00,45,00:45
70.0,alsogod,1016.0,10.006666666666666,2026-04-24 00:46:00,9.446666666666667,2026,4,24,00:00,46,00:46
70.0,alsogod,1016.0,10.013333333333334,2026-04-24 00:47:00,9.493333333333334,2026,4,24,00:00,47,00:47
70.0,alsogod,1016.0,10.02,2026-04-24 00:48:00,9.54,2026,4,24,00:00,48,00:48
70.0,alsogod,1016.0,10.026666666666667,2026-04-24 00:49:00,9.586666666666666,2026,4,24,00:00,49,00:49
70.0,alsogod,1016.0,10.033333333333331,2026-04-24 00:50:00,9.633333333333333,2026,4,24,00:00,50,00:50
70.0,alsogod,1016.0,10.04,2026-04-24 00:51:00,9.68,2026,4,24,00:00,51,00:51
70.0,alsogod,1016.0,10.046666666666669,2026-04-24 00:52:00,9.726666666666668,2026,4,24,00:00,52,00:52
70.0,alsogod,1016.0,10.053333333333333,2026-04-24 00:53:00,9.773333333333332,2026,4,24,00:00,53,00:53
70.0,alsogod,1016.0,10.06,2026-04-24 00:54:00,9.82,2026,4,24,00:00,54,00:54
70.0,alsogod,1016.0,10.066666666666666,2026-04-24 00:55:00,9.866666666666667,2026,4,24,00:00,55,00:55
70.0,alsogod,1016.0,10.073333333333332,2026-04-24 00:56:00,9.913333333333334,2026,4,24,00:00,56,00:56
70.0,alsogod,1016.0,10.08,2026-04-24 00:57:00,9.96,2026,4,24,00:00,57,00:57
70.0,alsogod,1016.0,10.086666666666666,2026-04-24 00:58:00,10.006666666666666,2026,4,24,00:00,58,00:58
70.0,alsogod,1016.0,10.093333333333334,2026-04-24 00:59:00,10.053333333333333,2026,4,24,00:00,59,00:59
70.0,alsogod,1016.0,10.1,2026-04-24 01:00:00,10.1,2026,4,24,01:00,0,01:00
70.0,alsogod,1016.0,10.1,2026-04-24 01:01:00,10.193333333333332,2026,4,24,01:00,1,01:01
70.0,alsogod,1016.0,10.1,2026-04-24 01:02:00,10.286666666666669,2026,4,24,01:00,2,01:02
70.0,alsogod,1016.0,10.1,2026-04-24 01:03:00,10.38,2026,4,24,01:00,3,01:03
70.0,alsogod,1016.0,10.1,2026-04-24 01:04:00,10.473333333333333,2026,4,24,01:00,4,01:04
70.0,alsogod,1016.0,10.1,2026-04-24 01:05:00,10.566666666666666,2026,4,24,01:00,5,01:05
70.0,alsogod,1016.0,10.1,2026-04-24 01:06:00,10.66,2026,4,24,01:00,6,01:06
70.0,alsogod,1016.0,10.1,2026-04-24 01:07:00,10.753333333333334,2026,4,24,01:00,7,01:07
70.0,alsogod,1016.0,10.1,2026-04-24 01:08:00,10.846666666666666,2026,4,24,01:00,8,01:08
70.0,alsogod,1016.0,10.1,2026-04-24 01:09:00,10.94,2026,4,24,01:00,9,01:09
70.0,alsogod,1016.0,10.1,2026-04-24 01:10:00,11.033333333333331,2026,4,24,01:00,10,01:10
70.0,alsogod,1016.0,10.1,2026-04-24 01:11:00,11.126666666666669,2026,4,24,01:00,11,01:11
70.0,alsogod,1016.0,10.1,2026-04-24 01:12:00,11.22,2026,4,24,01:00,12,01:12
70.0,alsogod,1016.0,10.1,2026-04-24 01:13:00,11.313333333333333,2026,4,24,01:00,13,01:13
70.0,alsogod,1016.0,10.1,2026-04-24 01:14:00,11.406666666666666,2026,4,24,01:00,14,01:14
70.0,alsogod,1016.0,10.1,2026-04-24 01:15:00,11.5,2026,4,24,01:00,15,01:15
69.93333333333334,alsogod,1016.0,10.113333333333332,2026-04-24 01:16:00,11.62,2026,4,24,01:00,16,01:16
69.86666666666666,alsogod,1016.0,10.126666666666669,2026-04-24 01:17:00,11.74,2026,4,24,01:00,17,01:17
69.8,alsogod,1016.0,10.14,2026-04-24 01:18:00,11.86,2026,4,24,01:00,18,01:18
69.73333333333333,alsogod,1016.0,10.153333333333332,2026-04-24 01:19:00,11.98,2026,4,24,01:00,19,01:19
69.66666666666667,alsogod,1016.0,10.166666666666666,2026-04-24 01:20:00,12.1,2026,4,24,01:00,20,01:20
69.6,alsogod,1016.0,10.18,2026-04-24 01:21:00,12.22,2026,4,24,01:00,21,01:21
69.53333333333333,alsogod,1016.0,10.193333333333332,2026-04-24 01:22:00,12.34,2026,4,24,01:00,22,01:22
69.46666666666667,alsogod,1016.0,10.206666666666669,2026-04-24 01:23:00,12.46,2026,4,24,01:00,23,01:23
69.4,alsogod,1016.0,10.22,2026-04-24 01:24:00,12.58,2026,4,24,01:00,24,01:24
69.33333333333333,alsogod,1016.0,10.233333333333334,2026-04-24 01:25:00,12.7,2026,4,24,01:00,25,01:25
69.26666666666667,alsogod,1016.0,10.246666666666668,2026-04-24 01:26:00,12.82,2026,4,24,01:00,26,01:26
69.2,alsogod,1016.0,10.26,2026-04-24 01:27:00,12.94,2026,4,24,01:00,27,01:27
69.13333333333334,alsogod,1016.0,10.273333333333332,2026-04-24 01:28:00,13.06,2026,4,24,01:00,28,01:28
69.06666666666666,alsogod,1016.0,10.286666666666669,2026-04-24 01:29:00,13.18,2026,4,24,01:00,29,01:29
69.0,alsogod,1016.0,10.3,2026-04-24 01:30:00,13.3,2026,4,24,01:00,30,01:30
69.0,alsogod,1016.0,10.306666666666668,2026-04-24 01:31:00,13.4,2026,4,24,01:00,31,01:31
69.0,alsogod,1016.0,10.313333333333334,2026-04-24 01:32:00,13.5,2026,4,24,01:00,32,01:32
69.0,alsogod,1016.0,10.32,2026-04-24 01:33:00,13.6,2026,4,24,01:00,33,01:33
69.0,alsogod,1016.0,10.326666666666668,2026-04-24 01:34:00,13.7,2026,4,24,01:00,34,01:34
69.0,alsogod,1016.0,10.333333333333334,2026-04-24 01:35:00,13.8,2026,4,24,01:00,35,01:35
69.0,alsogod,1016.0,10.34,2026-04-24 01:36:00,13.9,2026,4,24,01:00,36,01:36
69.0,alsogod,1016.0,10.346666666666668,2026-04-24 01:37:00,14.0,2026,4,24,01:00,37,01:37
69.0,alsogod,1016.0,10.353333333333332,2026-04-24 01:38:00,14.1,2026,4,24,01:00,38,01:38
69.0,alsogod,1016.0,10.36,2026-04-24 01:39:00,14.2,2026,4,24,01:00,39,01:39
69.0,alsogod,1016.0,10.366666666666667,2026-04-24 01:40:00,14.3,2026,4,24,01:00,40,01:40
69.0,alsogod,1016.0,10.373333333333331,2026-04-24 01:41:00,14.4,2026,4,24,01:00,41,01:41
69.0,alsogod,1016.0,10.38,2026-04-24 01:42:00,14.5,2026,4,24,01:00,42,01:42
69.0,alsogod,1016.0,10.386666666666668,2026-04-24 01:43:00,14.6,2026,4,24,01:00,43,01:43
69.0,alsogod,1016.0,10.393333333333334,2026-04-24 01:44:00,14.7,2026,4,24,01:00,44,01:44
69.0,alsogod,1016.0,10.4,2026-04-24 01:45:00,14.8,2026,4,24,01:00,45,01:45
68.93333333333334,alsogod,1016.0066666666668,10.413333333333334,2026-04-24 01:46:00,14.866666666666667,2026,4,24,01:00,46,01:46
68.86666666666666,alsogod,1016.0133333333332,10.426666666666668,2026-04-24 01:47:00,14.933333333333334,2026,4,24,01:00,47,01:47
68.8,alsogod,1016.02,10.44,2026-04-24 01:48:00,15.0,2026,4,24,01:00,48,01:48
68.73333333333333,alsogod,1016.0266666666666,10.453333333333331,2026-04-24 01:49:00,15.066666666666668,2026,4,24,01:00,49,01:49
68.66666666666667,alsogod,1016.0333333333332,10.466666666666669,2026-04-24 01:50:00,15.133333333333336,2026,4,24,01:00,50,01:50
68.6,alsogod,1016.04,10.48,2026-04-24 01:51:00,15.2,2026,4,24,01:00,51,01:51
68.53333333333333,alsogod,1016.0466666666666,10.493333333333334,2026-04-24 01:52:00,15.266666666666667,2026,4,24,01:00,52,01:52
68.46666666666667,alsogod,1016.0533333333334,10.506666666666666,2026-04-24 01:53:00,15.333333333333334,2026,4,24,01:00,53,01:53
68.4,alsogod,1016.06,10.52,2026-04-24 01:54:00,15.4,2026,4,24,01:00,54,01:54
68.33333333333333,alsogod,1016.0666666666668,10.533333333333331,2026-04-24 01:55:00,15.466666666666669,2026,4,24,01:00,55,01:55
68.26666666666667,alsogod,1016.0733333333334,10.546666666666669,2026-04-24 01:56:00,15.533333333333331,2026,4,24,01:00,56,01:56
68.2,alsogod,1016.08,10.56,2026-04-24 01:57:00,15.6,2026,4,24,01:00,57,01:57
68.13333333333334,alsogod,1016.0866666666668,10.573333333333332,2026-04-24 01:58:00,15.666666666666668,2026,4,24,01:00,58,01:58
68.06666666666666,alsogod,1016.0933333333334,10.586666666666666,2026-04-24 01:59:00,15.733333333333334,2026,4,24,01:00,59,01:59
68.0,alsogod,1016.1,10.6,2026-04-24 02:00:00,15.8,2026,4,24,02:00,0,02:00
67.93333333333334,alsogod,1016.1066666666668,10.613333333333332,2026-04-24 02:01:00,15.8,2026,4,24,02:00,1,02:01
67.86666666666666,alsogod,1016.1133333333332,10.626666666666669,2026-04-24 02:02:00,15.8,2026,4,24,02:00,2,02:02
67.8,alsogod,1016.12,10.64,2026-04-24 02:03:00,15.8,2026,4,24,02:00,3,02:03
67.73333333333333,alsogod,1016.1266666666668,10.653333333333332,2026-04-24 02:04:00,15.8,2026,4,24,02:00,4,02:04
67.66666666666667,alsogod,1016.1333333333332,10.666666666666666,2026-04-24 02:05:00,15.8,2026,4,24,02:00,5,02:05
67.6,alsogod,1016.14,10.68,2026-04-24 02:06:00,15.8,2026,4,24,02:00,6,02:06
67.53333333333333,alsogod,1016.1466666666666,10.693333333333332,2026-04-24 02:07:00,15.8,2026,4,24,02:00,7,02:07
67.46666666666667,alsogod,1016.1533333333334,10.706666666666669,2026-04-24 02:08:00,15.8,2026,4,24,02:00,8,02:08
67.4,alsogod,1016.16,10.72,2026-04-24 02:09:00,15.8,2026,4,24,02:00,9,02:09
67.33333333333333,alsogod,1016.1666666666669,10.733333333333334,2026-04-24 02:10:00,15.8,2026,4,24,02:00,10,02:10
67.26666666666667,alsogod,1016.1733333333334,10.746666666666668,2026-04-24 02:11:00,15.8,2026,4,24,02:00,11,02:11
67.2,alsogod,1016.18,10.76,2026-04-24 02:12:00,15.8,2026,4,24,02:00,12,02:12
67.13333333333334,alsogod,1016.1866666666668,10.773333333333332,2026-04-24 02:13:00,15.8,2026,4,24,02:00,13,02:13
67.06666666666666,alsogod,1016.1933333333334,10.786666666666669,2026-04-24 02:14:00,15.8,2026,4,24,02:00,14,02:14
67.0,alsogod,1016.2,10.8,2026-04-24 02:15:00,15.8,2026,4,24,02:00,15,02:15
66.93333333333334,alsogod,1016.2066666666668,10.813333333333334,2026-04-24 02:16:00,15.753333333333334,2026,4,24,02:00,16,02:16
66.86666666666666,alsogod,1016.2133333333334,10.826666666666668,2026-04-24 02:17:00,15.706666666666669,2026,4,24,02:00,17,02:17
66.8,alsogod,1016.22,10.84,2026-04-24 02:18:00,15.66,2026,4,24,02:00,18,02:18
66.73333333333333,alsogod,1016.2266666666668,10.853333333333332,2026-04-24 02:19:00,15.613333333333332,2026,4,24,02:00,19,02:19
66.66666666666667,alsogod,1016.2333333333332,10.866666666666667,2026-04-24 02:20:00,15.566666666666666,2026,4,24,02:00,20,02:20
66.6,alsogod,1016.24,10.88,2026-04-24 02:21:00,15.52,2026,4,24,02:00,21,02:21
66.53333333333333,alsogod,1016.2466666666668,10.893333333333334,2026-04-24 02:22:00,15.473333333333333,2026,4,24,02:00,22,02:22
66.46666666666667,alsogod,1016.2533333333332,10.906666666666666,2026-04-24 02:23:00,15.426666666666668,2026,4,24,02:00,23,02:23
66.4,alsogod,1016.26,10.92,2026-04-24 02:24:00,15.38,2026,4,24,02:00,24,02:24
66.33333333333333,alsogod,1016.2666666666668,10.933333333333334,2026-04-24 02:25:00,15.333333333333334,2026,4,24,02:00,25,02:25
66.26666666666667,alsogod,1016.2733333333332,10.946666666666667,2026-04-24 02:26:00,15.286666666666669,2026,4,24,02:00,26,02:26
66.2,alsogod,1016.28,10.96,2026-04-24 02:27:00,15.24,2026,4,24,02:00,27,02:27
66.13333333333334,alsogod,1016.2866666666666,10.973333333333333,2026-04-24 02:28:00,15.193333333333332,2026,4,24,02:00,28,02:28
66.06666666666666,alsogod,1016.2933333333332,10.986666666666666,2026-04-24 02:29:00,15.146666666666668,2026,4,24,02:00,29,02:29
66.0,alsogod,1016.3,11.0,2026-04-24 02:30:00,15.1,2026,4,24,02:00,30,02:30
65.93333333333334,alsogod,1016.3133333333332,11.02,2026-04-24 02:31:00,15.053333333333333,2026,4,24,02:00,31,02:31
65.86666666666666,alsogod,1016.3266666666666,11.04,2026-04-24 02:32:00,15.006666666666666,2026,4,24,02:00,32,02:32
65.8,alsogod,1016.34,11.06,2026-04-24 02:33:00,14.96,2026,4,24,02:00,33,02:33
65.73333333333333,alsogod,1016.3533333333334,11.08,2026-04-24 02:34:00,14.913333333333334,2026,4,24,02:00,34,02:34
65.66666666666667,alsogod,1016.3666666666668,11.1,2026-04-24 02:35:00,14.866666666666667,2026,4,24,02:00,35,02:35
65.6,alsogod,1016.38,11.12,2026-04-24 02:36:00,14.82,2026,4,24,02:00,36,02:36
65.53333333333333,alsogod,1016.3933333333332,11.14,2026-04-24 02:37:00,14.773333333333332,2026,4,24,02:00,37,02:37
65.46666666666667,alsogod,1016.4066666666666,11.16,2026-04-24 02:38:00,14.726666666666668,2026,4,24,02:00,38,02:38
65.4,alsogod,1016.42,11.18,2026-04-24 02:39:00,14.68,2026,4,24,02:00,39,02:39
65.33333333333333,alsogod,1016.4333333333332,11.2,2026-04-24 02:40:00,14.633333333333333,2026,4,24,02:00,40,02:40
65.26666666666667,alsogod,1016.4466666666666,11.22,2026-04-24 02:41:00,14.586666666666666,2026,4,24,02:00,41,02:41
65.2,alsogod,1016.46,11.24,2026-04-24 02:42:00,14.54,2026,4,24,02:00,42,02:42
65.13333333333334,alsogod,1016.4733333333334,11.26,2026-04-24 02:43:00,14.493333333333334,2026,4,24,02:00,43,02:43
65.06666666666666,alsogod,1016.4866666666668,11.28,2026-04-24 02:44:00,14.446666666666667,2026,4,24,02:00,44,02:44
65.0,alsogod,1016.5,11.3,2026-04-24 02:45:00,14.4,2026,4,24,02:00,45,02:45
64.93333333333334,alsogod,1016.5066666666668,11.32,2026-04-24 02:46:00,14.353333333333332,2026,4,24,02:00,46,02:46
64.86666666666666,alsogod,1016.5133333333332,11.34,2026-04-24 02:47:00,14.306666666666668,2026,4,24,02:00,47,02:47
64.8,alsogod,1016.52,11.36,2026-04-24 02:48:00,14.26,2026,4,24,02:00,48,02:48
64.73333333333333,alsogod,1016.5266666666666,11.38,2026-04-24 02:49:00,14.213333333333331,2026,4,24,02:00,49,02:49
64.66666666666667,alsogod,1016.5333333333332,11.4,2026-04-24 02:50:00,14.166666666666666,2026,4,24,02:00,50,02:50
64.6,alsogod,1016.54,11.42,2026-04-24 02:51:00,14.12,2026,4,24,02:00,51,02:51
64.53333333333333,alsogod,1016.5466666666666,11.44,2026-04-24 02:52:00,14.073333333333332,2026,4,24,02:00,52,02:52
64.46666666666667,alsogod,1016.5533333333334,11.46,2026-04-24 02:53:00,14.026666666666667,2026,4,24,02:00,53,02:53
64.4,alsogod,1016.56,11.48,2026-04-24 02:54:00,13.98,2026,4,24,02:00,54,02:54
64.33333333333333,alsogod,1016.5666666666668,11.5,2026-04-24 02:55:00,13.933333333333334,2026,4,24,02:00,55,02:55
64.26666666666667,alsogod,1016.5733333333334,11.52,2026-04-24 02:56:00,13.886666666666668,2026,4,24,02:00,56,02:56
64.2,alsogod,1016.58,11.54,2026-04-24 02:57:00,13.84,2026,4,24,02:00,57,02:57
64.13333333333334,alsogod,1016.5866666666668,11.56,2026-04-24 02:58:00,13.793333333333331,2026,4,24,02:00,58,02:58
64.06666666666666,alsogod,1016.5933333333334,11.58,2026-04-24 02:59:00,13.746666666666666,2026,4,24,02:00,59,02:59
64.0,alsogod,1016.6,11.6,2026-04-24 03:00:00,13.7,2026,4,24,03:00,0,03:00
63.93333333333333,alsogod,1016.6066666666668,11.62,2026-04-24 03:01:00,13.673333333333332,2026,4,24,03:00,1,03:01
63.86666666666667,alsogod,1016.6133333333332,11.64,2026-04-24 03:02:00,13.646666666666668,2026,4,24,03:00,2,03:02
63.8,alsogod,1016.62,11.66,2026-04-24 03:03:00,13.62,2026,4,24,03:00,3,03:03
63.73333333333333,alsogod,1016.6266666666668,11.68,2026-04-24 03:04:00,13.593333333333334,2026,4,24,03:00,4,03:04
63.66666666666666,alsogod,1016.6333333333332,11.7,2026-04-24 03:05:00,13.566666666666666,2026,4,24,03:00,5,03:05
63.6,alsogod,1016.64,11.72,2026-04-24 03:06:00,13.54,2026,4,24,03:00,6,03:06
63.53333333333333,alsogod,1016.6466666666666,11.74,2026-04-24 03:07:00,13.513333333333334,2026,4,24,03:00,7,03:07
63.46666666666667,alsogod,1016.6533333333334,11.76,2026-04-24 03:08:00,13.486666666666666,2026,4,24,03:00,8,03:08
63.4,alsogod,1016.66,11.78,2026-04-24 03:09:00,13.46,2026,4,24,03:00,9,03:09
63.333333333333336,alsogod,1016.6666666666669,11.8,2026-04-24 03:10:00,13.433333333333334,2026,4,24,03:00,10,03:10
63.266666666666666,alsogod,1016.6733333333334,11.82,2026-04-24 03:11:00,13.406666666666666,2026,4,24,03:00,11,03:11
63.2,alsogod,1016.68,11.84,2026-04-24 03:12:00,13.38,2026,4,24,03:00,12,03:12
63.13333333333333,alsogod,1016.6866666666668,11.86,2026-04-24 03:13:00,13.353333333333332,2026,4,24,03:00,13,03:13
63.06666666666667,alsogod,1016.6933333333334,11.88,2026-04-24 03:14:00,13.326666666666668,2026,4,24,03:00,14,03:14
63.0,alsogod,1016.7,11.9,2026-04-24 03:15:00,13.3,2026,4,24,03:00,15,03:15
62.93333333333333,alsogod,1016.7066666666668,11.92,2026-04-24 03:16:00,13.3,2026,4,24,03:00,16,03:16
62.86666666666667,alsogod,1016.7133333333334,11.94,2026-04-24 03:17:00,13.3,2026,4,24,03:00,17,03:17
62.8,alsogod,1016.72,11.96,2026-04-24 03:18:00,13.3,2026,4,24,03:00,18,03:18
62.73333333333333,alsogod,1016.7266666666668,11.98,2026-04-24 03:19:00,13.3,2026,4,24,03:00,19,03:19
62.66666666666666,alsogod,1016.7333333333332,12.0,2026-04-24 03:20:00,13.3,2026,4,24,03:00,20,03:20
62.6,alsogod,1016.74,12.02,2026-04-24 03:21:00,13.3,2026,4,24,03:00,21,03:21
62.53333333333333,alsogod,1016.7466666666668,12.04,2026-04-24 03:22:00,13.3,2026,4,24,03:00,22,03:22
62.46666666666667,alsogod,1016.7533333333332,12.06,2026-04-24 03:23:00,13.3,2026,4,24,03:00,23,03:23
62.4,alsogod,1016.76,12.08,2026-04-24 03:24:00,13.3,2026,4,24,03:00,24,03:24
62.333333333333336,alsogod,1016.7666666666668,12.1,2026-04-24 03:25:00,13.3,2026,4,24,03:00,25,03:25
62.266666666666666,alsogod,1016.7733333333332,12.12,2026-04-24 03:26:00,13.3,2026,4,24,03:00,26,03:26
62.2,alsogod,1016.78,12.14,2026-04-24 03:27:00,13.3,2026,4,24,03:00,27,03:27
62.13333333333333,alsogod,1016.7866666666666,12.16,2026-04-24 03:28:00,13.3,2026,4,24,03:00,28,03:28
62.06666666666667,alsogod,1016.7933333333332,12.18,2026-04-24 03:29:00,13.3,2026,4,24,03:00,29,03:29
62.0,alsogod,1016.8,12.2,2026-04-24 03:30:00,13.3,2026,4,24,03:00,30,03:30
61.86666666666667,alsogod,1016.8066666666666,12.22,2026-04-24 03:31:00,13.28,2026,4,24,03:00,31,03:31
61.73333333333333,alsogod,1016.8133333333332,12.24,2026-04-24 03:32:00,13.26,2026,4,24,03:00,32,03:32
61.6,alsogod,1016.82,12.26,2026-04-24 03:33:00,13.24,2026,4,24,03:00,33,03:33
61.46666666666667,alsogod,1016.8266666666666,12.28,2026-04-24 03:34:00,13.22,2026,4,24,03:00,34,03:34
61.333333333333336,alsogod,1016.8333333333331,12.3,2026-04-24 03:35:00,13.2,2026,4,24,03:00,35,03:35
61.2,alsogod,1016.84,12.32,2026-04-24 03:36:00,13.18,2026,4,24,03:00,36,03:36
61.06666666666667,alsogod,1016.8466666666666,12.34,2026-04-24 03:37:00,13.16,2026,4,24,03:00,37,03:37
60.93333333333333,alsogod,1016.8533333333334,12.36,2026-04-24 03:38:00,13.14,2026,4,24,03:00,38,03:38
60.8,alsogod,1016.86,12.38,2026-04-24 03:39:00,13.12,2026,4,24,03:00,39,03:39
60.66666666666666,alsogod,1016.8666666666668,12.4,2026-04-24 03:40:00,13.1,2026,4,24,03:00,40,03:40
60.53333333333333,alsogod,1016.8733333333332,12.42,2026-04-24 03:41:00,13.08,2026,4,24,03:00,41,03:41
60.4,alsogod,1016.88,12.44,2026-04-24 03:42:00,13.06,2026,4,24,03:00,42,03:42
60.266666666666666,alsogod,1016.8866666666668,12.46,2026-04-24 03:43:00,13.04,2026,4,24,03:00,43,03:43
60.13333333333333,alsogod,1016.8933333333332,12.48,2026-04-24 03:44:00,13.02,2026,4,24,03:00,44,03:44
60.0,alsogod,1016.9,12.5,2026-04-24 03:45:00,13.0,2026,4,24,03:00,45,03:45
59.93333333333333,alsogod,1016.9066666666666,12.52,2026-04-24 03:46:00,13.0,2026,4,24,03:00,46,03:46
59.86666666666667,alsogod,1016.9133333333332,12.54,2026-04-24 03:47:00,13.0,2026,4,24,03:00,47,03:47
59.8,alsogod,1016.92,12.56,2026-04-24 03:48:00,13.0,2026,4,24,03:00,48,03:48
59.73333333333333,alsogod,1016.9266666666666,12.58,2026-04-24 03:49:00,13.0,2026,4,24,03:00,49,03:49
59.66666666666666,alsogod,1016.9333333333332,12.6,2026-04-24 03:50:00,13.0,2026,4,24,03:00,50,03:50
59.6,alsogod,1016.94,12.62,2026-04-24 03:51:00,13.0,2026,4,24,03:00,51,03:51
59.53333333333333,alsogod,1016.9466666666666,12.64,2026-04-24 03:52:00,13.0,2026,4,24,03:00,52,03:52
59.46666666666667,alsogod,1016.9533333333334,12.66,2026-04-24 03:53:00,13.0,2026,4,24,03:00,53,03:53
59.4,alsogod,1016.96,12.68,2026-04-24 03:54:00,13.0,2026,4,24,03:00,54,03:54
59.333333333333336,alsogod,1016.9666666666668,12.7,2026-04-24 03:55:00,13.0,2026,4,24,03:00,55,03:55
59.266666666666666,alsogod,1016.9733333333334,12.72,2026-04-24 03:56:00,13.0,2026,4,24,03:00,56,03:56
59.2,alsogod,1016.98,12.74,2026-04-24 03:57:00,13.0,2026,4,24,03:00,57,03:57
59.13333333333333,alsogod,1016.9866666666668,12.76,2026-04-24 03:58:00,13.0,2026,4,24,03:00,58,03:58
59.06666666666667,alsogod,1016.9933333333332,12.78,2026-04-24 03:59:00,13.0,2026,4,24,03:00,59,03:59
59.0,alsogod,1017.0,12.8,2026-04-24 04:00:00,13.0,2026,4,24,04:00,0,04:00
58.93333333333333,alsogod,1017.0,12.826666666666668,2026-04-24 04:01:00,12.973333333333333,2026,4,24,04:00,1,04:01
58.86666666666667,alsogod,1017.0,12.853333333333332,2026-04-24 04:02:00,12.946666666666667,2026,4,24,04:00,2,04:02
58.8,alsogod,1017.0,12.88,2026-04-24 04:03:00,12.92,2026,4,24,04:00,3,04:03
58.73333333333333,alsogod,1017.0,12.906666666666666,2026-04-24 04:04:00,12.893333333333333,2026,4,24,04:00,4,04:04
58.66666666666666,alsogod,1017.0,12.933333333333334,2026-04-24 04:05:00,12.866666666666667,2026,4,24,04:00,5,04:05
58.6,alsogod,1017.0,12.96,2026-04-24 04:06:00,12.84,2026,4,24,04:00,6,04:06
58.53333333333333,alsogod,1017.0,12.986666666666666,2026-04-24 04:07:00,12.813333333333333,2026,4,24,04:00,7,04:07
58.46666666666667,alsogod,1017.0,13.013333333333334,2026-04-24 04:08:00,12.786666666666669,2026,4,24,04:00,8,04:08
58.4,alsogod,1017.0,13.04,2026-04-24 04:09:00,12.76,2026,4,24,04:00,9,04:09
58.333333333333336,alsogod,1017.0,13.066666666666666,2026-04-24 04:10:00,12.733333333333333,2026,4,24,04:00,10,04:10
58.266666666666666,alsogod,1017.0,13.093333333333334,2026-04-24 04:11:00,12.706666666666669,2026,4,24,04:00,11,04:11
58.2,alsogod,1017.0,13.12,2026-04-24 04:12:00,12.68,2026,4,24,04:00,12,04:12
58.13333333333333,alsogod,1017.0,13.146666666666668,2026-04-24 04:13:00,12.653333333333332,2026,4,24,04:00,13,04:13
58.06666666666667,alsogod,1017.0,13.173333333333332,2026-04-24 04:14:00,12.626666666666669,2026,4,24,04:00,14,04:14
58.0,alsogod,1017.0,13.2,2026-04-24 04:15:00,12.6,2026,4,24,04:00,15,04:15
57.86666666666667,alsogod,1017.0,13.22,2026-04-24 04:16:00,12.6,2026,4,24,04:00,16,04:16
57.73333333333333,alsogod,1017.0,13.24,2026-04-24 04:17:00,12.6,2026,4,24,04:00,17,04:17
57.6,alsogod,1017.0,13.26,2026-04-24 04:18:00,12.6,2026,4,24,04:00,18,04:18
57.46666666666667,alsogod,1017.0,13.28,2026-04-24 04:19:00,12.6,2026,4,24,04:00,19,04:19
57.333333333333336,alsogod,1017.0,13.3,2026-04-24 04:20:00,12.6,2026,4,24,04:00,20,04:20
57.2,alsogod,1017.0,13.32,2026-04-24 04:21:00,12.6,2026,4,24,04:00,21,04:21
57.06666666666667,alsogod,1017.0,13.34,2026-04-24 04:22:00,12.6,2026,4,24,04:00,22,04:22
56.93333333333333,alsogod,1017.0,13.36,2026-04-24 04:23:00,12.6,2026,4,24,04:00,23,04:23
56.8,alsogod,1017.0,13.38,2026-04-24 04:24:00,12.6,2026,4,24,04:00,24,04:24
56.66666666666666,alsogod,1017.0,13.4,2026-04-24 04:25:00,12.6,2026,4,24,04:00,25,04:25
56.53333333333333,alsogod,1017.0,13.42,2026-04-24 04:26:00,12.6,2026,4,24,04:00,26,04:26
56.4,alsogod,1017.0,13.44,2026-04-24 04:27:00,12.6,2026,4,24,04:00,27,04:27
56.266666666666666,alsogod,1017.0,13.46,2026-04-24 04:28:00,12.6,2026,4,24,04:00,28,04:28
56.13333333333333,alsogod,1017.0,13.48,2026-04-24 04:29:00,12.6,2026,4,24,04:00,29,04:29
56.0,alsogod,1017.0,13.5,2026-04-24 04:30:00,12.6,2026,4,24,04:00,30,04:30
55.93333333333333,alsogod,1017.0,13.526666666666667,2026-04-24 04:31:00,12.6,2026,4,24,04:00,31,04:31
55.86666666666667,alsogod,1017.0,13.553333333333333,2026-04-24 04:32:00,12.6,2026,4,24,04:00,32,04:32
55.8,alsogod,1017.0,13.58,2026-04-24 04:33:00,12.6,2026,4,24,04:00,33,04:33
55.73333333333333,alsogod,1017.0,13.606666666666667,2026-04-24 04:34:00,12.6,2026,4,24,04:00,34,04:34
55.66666666666666,alsogod,1017.0,13.633333333333333,2026-04-24 04:35:00,12.6,2026,4,24,04:00,35,04:35
55.6,alsogod,1017.0,13.66,2026-04-24 04:36:00,12.6,2026,4,24,04:00,36,04:36
55.53333333333333,alsogod,1017.0,13.686666666666667,2026-04-24 04:37:00,12.6,2026,4,24,04:00,37,04:37
55.46666666666667,alsogod,1017.0,13.713333333333331,2026-04-24 04:38:00,12.6,2026,4,24,04:00,38,04:38
55.4,alsogod,1017.0,13.74,2026-04-24 04:39:00,12.6,2026,4,24,04:00,39,04:39
55.333333333333336,alsogod,1017.0,13.766666666666667,2026-04-24 04:40:00,12.6,2026,4,24,04:00,40,04:40
55.266666666666666,alsogod,1017.0,13.793333333333331,2026-04-24 04:41:00,12.6,2026,4,24,04:00,41,04:41
55.2,alsogod,1017.0,13.82,2026-04-24 04:42:00,12.6,2026,4,24,04:00,42,04:42
55.13333333333333,alsogod,1017.0,13.846666666666668,2026-04-24 04:43:00,12.6,2026,4,24,04:00,43,04:43
55.06666666666667,alsogod,1017.0,13.873333333333331,2026-04-24 04:44:00,12.6,2026,4,24,04:00,44,04:44
55.0,alsogod,1017.0,13.9,2026-04-24 04:45:00,12.6,2026,4,24,04:00,45,04:45
54.86666666666667,alsogod,1016.9933333333332,13.92,2026-04-24 04:46:00,12.626666666666669,2026,4,24,04:00,46,04:46
54.73333333333333,alsogod,1016.9866666666668,13.94,2026-04-24 04:47:00,12.653333333333332,2026,4,24,04:00,47,04:47
54.6,alsogod,1016.98,13.96,2026-04-24 04:48:00,12.68,2026,4,24,04:00,48,04:48
54.46666666666667,alsogod,1016.9733333333334,13.98,2026-04-24 04:49:00,12.706666666666669,2026,4,24,04:00,49,04:49
54.333333333333336,alsogod,1016.9666666666668,14.0,2026-04-24 04:50:00,12.733333333333333,2026,4,24,04:00,50,04:50
54.2,alsogod,1016.96,14.02,2026-04-24 04:51:00,12.76,2026,4,24,04:00,51,04:51
54.06666666666667,alsogod,1016.9533333333334,14.04,2026-04-24 04:52:00,12.786666666666669,2026,4,24,04:00,52,04:52
53.93333333333333,alsogod,1016.9466666666666,14.06,2026-04-24 04:53:00,12.813333333333333,2026,4,24,04:00,53,04:53
53.8,alsogod,1016.94,14.08,2026-04-24 04:54:00,12.84,2026,4,24,04:00,54,04:54
53.66666666666666,alsogod,1016.9333333333332,14.1,2026-04-24 04:55:00,12.866666666666667,2026,4,24,04:00,55,04:55
53.53333333333333,alsogod,1016.9266666666666,14.12,2026-04-24 04:56:00,12.893333333333333,2026,4,24,04:00,56,04:56
53.4,alsogod,1016.92,14.14,2026-04-24 04:57:00,12.92,2026,4,24,04:00,57,04:57
53.266666666666666,alsogod,1016.9133333333332,14.16,2026-04-24 04:58:00,12.946666666666667,2026,4,24,04:00,58,04:58
53.13333333333333,alsogod,1016.9066666666666,14.18,2026-04-24 04:59:00,12.973333333333333,2026,4,24,04:00,59,04:59
53.0,alsogod,1016.9,14.2,2026-04-24 05:00:00,13.0,2026,4,24,05:00,0,05:00
52.93333333333333,alsogod,1016.8933333333332,14.22,2026-04-24 05:01:00,13.093333333333334,2026,4,24,05:00,1,05:01
52.86666666666667,alsogod,1016.8866666666668,14.24,2026-04-24 05:02:00,13.186666666666667,2026,4,24,05:00,2,05:02
52.8,alsogod,1016.88,14.26,2026-04-24 05:03:00,13.28,2026,4,24,05:00,3,05:03
52.73333333333333,alsogod,1016.8733333333332,14.28,2026-04-24 05:04:00,13.373333333333331,2026,4,24,05:00,4,05:04
52.66666666666666,alsogod,1016.8666666666668,14.3,2026-04-24 05:05:00,13.466666666666669,2026,4,24,05:00,5,05:05
52.6,alsogod,1016.86,14.32,2026-04-24 05:06:00,13.56,2026,4,24,05:00,6,05:06
52.53333333333333,alsogod,1016.8533333333334,14.34,2026-04-24 05:07:00,13.653333333333334,2026,4,24,05:00,7,05:07
52.46666666666667,alsogod,1016.8466666666666,14.36,2026-04-24 05:08:00,13.746666666666666,2026,4,24,05:00,8,05:08
52.4,alsogod,1016.84,14.38,2026-04-24 05:09:00,13.84,2026,4,24,05:00,9,05:09
52.333333333333336,alsogod,1016.8333333333331,14.4,2026-04-24 05:10:00,13.933333333333334,2026,4,24,05:00,10,05:10
52.266666666666666,alsogod,1016.8266666666666,14.42,2026-04-24 05:11:00,14.026666666666667,2026,4,24,05:00,11,05:11
52.2,alsogod,1016.82,14.44,2026-04-24 05:12:00,14.12,2026,4,24,05:00,12,05:12
52.13333333333333,alsogod,1016.8133333333332,14.46,2026-04-24 05:13:00,14.213333333333331,2026,4,24,05:00,13,05:13
52.06666666666667,alsogod,1016.8066666666666,14.48,2026-04-24 05:14:00,14.306666666666668,2026,4,24,05:00,14,05:14
52.0,alsogod,1016.8,14.5,2026-04-24 05:15:00,14.4,2026,4,24,05:00,15,05:15
51.86666666666667,alsogod,1016.8,14.513333333333334,2026-04-24 05:16:00,14.52,2026,4,24,05:00,16,05:16
51.73333333333333,alsogod,1016.8,14.526666666666667,2026-04-24 05:17:00,14.64,2026,4,24,05:00,17,05:17
51.6,alsogod,1016.8,14.54,2026-04-24 05:18:00,14.76,2026,4,24,05:00,18,05:18
51.46666666666667,alsogod,1016.8,14.553333333333333,2026-04-24 05:19:00,14.88,2026,4,24,05:00,19,05:19
51.333333333333336,alsogod,1016.8,14.566666666666666,2026-04-24 05:20:00,15.0,2026,4,24,05:00,20,05:20
51.2,alsogod,1016.8,14.58,2026-04-24 05:21:00,15.12,2026,4,24,05:00,21,05:21
51.06666666666667,alsogod,1016.8,14.593333333333334,2026-04-24 05:22:00,15.24,2026,4,24,05:00,22,05:22
50.93333333333333,alsogod,1016.8,14.606666666666666,2026-04-24 05:23:00,15.36,2026,4,24,05:00,23,05:23
50.8,alsogod,1016.8,14.62,2026-04-24 05:24:00,15.48,2026,4,24,05:00,24,05:24
50.66666666666666,alsogod,1016.8,14.633333333333333,2026-04-24 05:25:00,15.6,2026,4,24,05:00,25,05:25
50.53333333333333,alsogod,1016.8,14.646666666666668,2026-04-24 05:26:00,15.72,2026,4,24,05:00,26,05:26
50.4,alsogod,1016.8,14.66,2026-04-24 05:27:00,15.84,2026,4,24,05:00,27,05:27
50.266666666666666,alsogod,1016.8,14.673333333333332,2026-04-24 05:28:00,15.96,2026,4,24,05:00,28,05:28
50.13333333333333,alsogod,1016.8,14.686666666666666,2026-04-24 05:29:00,16.08,2026,4,24,05:00,29,05:29
50.0,alsogod,1016.8,14.7,2026-04-24 05:30:00,16.2,2026,4,24,05:00,30,05:30
49.93333333333333,alsogod,1016.7933333333332,14.72,2026-04-24 05:31:00,16.32,2026,4,24,05:00,31,05:31
49.86666666666667,alsogod,1016.7866666666666,14.74,2026-04-24 05:32:00,16.439999999999998,2026,4,24,05:00,32,05:32
49.8,alsogod,1016.78,14.76,2026-04-24 05:33:00,16.56,2026,4,24,05:00,33,05:33
49.73333333333333,alsogod,1016.7733333333332,14.78,2026-04-24 05:34:00,16.68,2026,4,24,05:00,34,05:34
49.66666666666666,alsogod,1016.7666666666668,14.8,2026-04-24 05:35:00,16.8,2026,4,24,05:00,35,05:35
49.6,alsogod,1016.76,14.82,2026-04-24 05:36:00,16.919999999999998,2026,4,24,05:00,36,05:36
49.53333333333333,alsogod,1016.7533333333332,14.84,2026-04-24 05:37:00,17.04,2026,4,24,05:00,37,05:37
49.46666666666667,alsogod,1016.7466666666668,14.86,2026-04-24 05:38:00,17.16,2026,4,24,05:00,38,05:38
49.4,alsogod,1016.74,14.88,2026-04-24 05:39:00,17.28,2026,4,24,05:00,39,05:39
49.333333333333336,alsogod,1016.7333333333332,14.9,2026-04-24 05:40:00,17.4,2026,4,24,05:00,40,05:40
49.266666666666666,alsogod,1016.7266666666668,14.92,2026-04-24 05:41:00,17.52,2026,4,24,05:00,41,05:41
49.2,alsogod,1016.72,14.94,2026-04-24 05:42:00,17.64,2026,4,24,05:00,42,05:42
49.13333333333333,alsogod,1016.7133333333334,14.96,2026-04-24 05:43:00,17.76,2026,4,24,05:00,43,05:43
49.06666666666667,alsogod,1016.7066666666668,14.98,2026-04-24 05:44:00,17.88,2026,4,24,05:00,44,05:44
49.0,alsogod,1016.7,15.0,2026-04-24 05:45:00,18.0,2026,4,24,05:00,45,05:45
48.86666666666667,alsogod,1016.6933333333334,15.02,2026-04-24 05:46:00,18.093333333333334,2026,4,24,05:00,46,05:46
48.73333333333333,alsogod,1016.6866666666668,15.04,2026-04-24 05:47:00,18.186666666666667,2026,4,24,05:00,47,05:47
48.6,alsogod,1016.68,15.06,2026-04-24 05:48:00,18.28,2026,4,24,05:00,48,05:48
48.46666666666667,alsogod,1016.6733333333334,15.08,2026-04-24 05:49:00,18.37333333333333,2026,4,24,05:00,49,05:49
48.333333333333336,alsogod,1016.6666666666669,15.1,2026-04-24 05:50:00,18.466666666666665,2026,4,24,05:00,50,05:50
48.2,alsogod,1016.66,15.12,2026-04-24 05:51:00,18.56,2026,4,24,05:00,51,05:51
48.06666666666667,alsogod,1016.6533333333334,15.14,2026-04-24 05:52:00,18.65333333333333,2026,4,24,05:00,52,05:52
47.93333333333333,alsogod,1016.6466666666666,15.16,2026-04-24 05:53:00,18.746666666666663,2026,4,24,05:00,53,05:53
47.8,alsogod,1016.64,15.18,2026-04-24 05:54:00,18.84,2026,4,24,05:00,54,05:54
47.66666666666666,alsogod,1016.6333333333332,15.2,2026-04-24 05:55:00,18.933333333333334,2026,4,24,05:00,55,05:55
47.53333333333333,alsogod,1016.6266666666668,15.22,2026-04-24 05:56:00,19.026666666666664,2026,4,24,05:00,56,05:56
47.4,alsogod,1016.62,15.24,2026-04-24 05:57:00,19.12,2026,4,24,05:00,57,05:57
47.266666666666666,alsogod,1016.6133333333332,15.26,2026-04-24 05:58:00,19.21333333333333,2026,4,24,05:00,58,05:58
47.13333333333333,alsogod,1016.6066666666668,15.28,2026-04-24 05:59:00,19.306666666666665,2026,4,24,05:00,59,05:59
47.0,alsogod,1016.6,15.3,2026-04-24 06:00:00,19.4,2026,4,24,06:00,0,06:00
46.86666666666667,alsogod,1016.5933333333334,15.333333333333334,2026-04-24 06:01:00,19.426666666666662,2026,4,24,06:00,1,06:01
46.73333333333333,alsogod,1016.5866666666668,15.366666666666667,2026-04-24 06:02:00,19.453333333333333,2026,4,24,06:00,2,06:02
46.6,alsogod,1016.58,15.4,2026-04-24 06:03:00,19.48,2026,4,24,06:00,3,06:03
46.46666666666667,alsogod,1016.5733333333334,15.433333333333334,2026-04-24 06:04:00,19.506666666666664,2026,4,24,06:00,4,06:04
46.333333333333336,alsogod,1016.5666666666668,15.466666666666669,2026-04-24 06:05:00,19.53333333333333,2026,4,24,06:00,5,06:05
46.2,alsogod,1016.56,15.5,2026-04-24 06:06:00,19.56,2026,4,24,06:00,6,06:06
46.06666666666667,alsogod,1016.5533333333334,15.533333333333331,2026-04-24 06:07:00,19.586666666666662,2026,4,24,06:00,7,06:07
45.93333333333333,alsogod,1016.5466666666666,15.566666666666668,2026-04-24 06:08:00,19.613333333333333,2026,4,24,06:00,8,06:08
45.8,alsogod,1016.54,15.6,2026-04-24 06:09:00,19.64,2026,4,24,06:00,9,06:09
45.66666666666666,alsogod,1016.5333333333332,15.633333333333336,2026-04-24 06:10:00,19.666666666666668,2026,4,24,06:00,10,06:10
45.53333333333333,alsogod,1016.5266666666666,15.666666666666668,2026-04-24 06:11:00,19.69333333333333,2026,4,24,06:00,11,06:11
45.4,alsogod,1016.52,15.7,2026-04-24 06:12:00,19.72,2026,4,24,06:00,12,06:12
45.266666666666666,alsogod,1016.5133333333332,15.733333333333334,2026-04-24 06:13:00,19.746666666666663,2026,4,24,06:00,13,06:13
45.13333333333333,alsogod,1016.5066666666668,15.766666666666667,2026-04-24 06:14:00,19.773333333333333,2026,4,24,06:00,14,06:14
45.0,alsogod,1016.5,15.8,2026-04-24 06:15:00,19.8,2026,4,24,06:00,15,06:15
44.8,alsogod,1016.5,15.833333333333334,2026-04-24 06:16:00,19.826666666666668,2026,4,24,06:00,16,06:16
44.6,alsogod,1016.5,15.866666666666667,2026-04-24 06:17:00,19.85333333333333,2026,4,24,06:00,17,06:17
44.4,alsogod,1016.5,15.9,2026-04-24 06:18:00,19.88,2026,4,24,06:00,18,06:18
44.2,alsogod,1016.5,15.933333333333334,2026-04-24 06:19:00,19.906666666666663,2026,4,24,06:00,19,06:19
44.0,alsogod,1016.5,15.966666666666669,2026-04-24 06:20:00,19.933333333333334,2026,4,24,06:00,20,06:20
43.8,alsogod,1016.5,16.0,2026-04-24 06:21:00,19.96,2026,4,24,06:00,21,06:21
43.6,alsogod,1016.5,16.033333333333335,2026-04-24 06:22:00,19.986666666666668,2026,4,24,06:00,22,06:22
43.4,alsogod,1016.5,16.066666666666666,2026-04-24 06:23:00,20.01333333333333,2026,4,24,06:00,23,06:23
43.2,alsogod,1016.5,16.1,2026-04-24 06:24:00,20.04,2026,4,24,06:00,24,06:24
43.0,alsogod,1016.5,16.133333333333333,2026-04-24 06:25:00,20.066666666666663,2026,4,24,06:00,25,06:25
42.8,alsogod,1016.5,16.166666666666668,2026-04-24 06:26:00,20.093333333333334,2026,4,24,06:00,26,06:26
42.6,alsogod,1016.5,16.2,2026-04-24 06:27:00,20.12,2026,4,24,06:00,27,06:27
42.4,alsogod,1016.5,16.233333333333334,2026-04-24 06:28:00,20.146666666666665,2026,4,24,06:00,28,06:28
42.2,alsogod,1016.5,16.266666666666666,2026-04-24 06:29:00,20.17333333333333,2026,4,24,06:00,29,06:29
42.0,alsogod,1016.5,16.3,2026-04-24 06:30:00,20.2,2026,4,24,06:00,30,06:30
41.86666666666667,alsogod,1016.4933333333332,16.333333333333336,2026-04-24 06:31:00,20.17333333333333,2026,4,24,06:00,31,06:31
41.73333333333333,alsogod,1016.4866666666668,16.366666666666667,2026-04-24 06:32:00,20.146666666666665,2026,4,24,06:00,32,06:32
41.6,alsogod,1016.48,16.400000000000002,2026-04-24 06:33:00,20.12,2026,4,24,06:00,33,06:33
41.46666666666667,alsogod,1016.4733333333334,16.433333333333334,2026-04-24 06:34:00,20.093333333333334,2026,4,24,06:00,34,06:34
41.333333333333336,alsogod,1016.4666666666668,16.46666666666667,2026-04-24 06:35:00,20.066666666666663,2026,4,24,06:00,35,06:35
41.2,alsogod,1016.46,16.5,2026-04-24 06:36:00,20.04,2026,4,24,06:00,36,06:36
41.06666666666667,alsogod,1016.4533333333334,16.533333333333335,2026-04-24 06:37:00,20.01333333333333,2026,4,24,06:00,37,06:37
40.93333333333333,alsogod,1016.4466666666666,16.566666666666666,2026-04-24 06:38:00,19.986666666666668,2026,4,24,06:00,38,06:38
40.8,alsogod,1016.44,16.6,2026-04-24 06:39:00,19.96,2026,4,24,06:00,39,06:39
40.66666666666666,alsogod,1016.4333333333332,16.633333333333333,2026-04-24 06:40:00,19.933333333333334,2026,4,24,06:00,40,06:40
40.53333333333333,alsogod,1016.4266666666666,16.666666666666668,2026-04-24 06:41:00,19.906666666666663,2026,4,24,06:00,41,06:41
40.4,alsogod,1016.42,16.7,2026-04-24 06:42:00,19.88,2026,4,24,06:00,42,06:42
40.266666666666666,alsogod,1016.4133333333332,16.733333333333334,2026-04-24 06:43:00,19.85333333333333,2026,4,24,06:00,43,06:43
40.13333333333333,alsogod,1016.4066666666666,16.766666666666666,2026-04-24 06:44:00,19.826666666666668,2026,4,24,06:00,44,06:44
40.0,alsogod,1016.4,16.8,2026-04-24 06:45:00,19.8,2026,4,24,06:00,45,06:45
39.86666666666667,alsogod,1016.4,16.833333333333336,2026-04-24 06:46:00,19.773333333333333,2026,4,24,06:00,46,06:46
39.73333333333333,alsogod,1016.4,16.866666666666667,2026-04-24 06:47:00,19.746666666666663,2026,4,24,06:00,47,06:47
39.6,alsogod,1016.4,16.900000000000002,2026-04-24 06:48:00,19.72,2026,4,24,06:00,48,06:48
39.46666666666667,alsogod,1016.4,16.933333333333334,2026-04-24 06:49:00,19.69333333333333,2026,4,24,06:00,49,06:49
39.333333333333336,alsogod,1016.4,16.96666666666667,2026-04-24 06:50:00,19.666666666666668,2026,4,24,06:00,50,06:50
39.2,alsogod,1016.4,17.0,2026-04-24 06:51:00,19.64,2026,4,24,06:00,51,06:51
39.06666666666667,alsogod,1016.4,17.033333333333335,2026-04-24 06:52:00,19.613333333333333,2026,4,24,06:00,52,06:52
38.93333333333333,alsogod,1016.4,17.066666666666666,2026-04-24 06:53:00,19.586666666666662,2026,4,24,06:00,53,06:53
38.8,alsogod,1016.4,17.1,2026-04-24 06:54:00,19.56,2026,4,24,06:00,54,06:54
38.66666666666666,alsogod,1016.4,17.133333333333333,2026-04-24 06:55:00,19.53333333333333,2026,4,24,06:00,55,06:55
38.53333333333333,alsogod,1016.4,17.166666666666668,2026-04-24 06:56:00,19.506666666666664,2026,4,24,06:00,56,06:56
38.4,alsogod,1016.4,17.2,2026-04-24 06:57:00,19.48,2026,4,24,06:00,57,06:57
38.266666666666666,alsogod,1016.4,17.233333333333334,2026-04-24 06:58:00,19.453333333333333,2026,4,24,06:00,58,06:58
38.13333333333333,alsogod,1016.4,17.266666666666666,2026-04-24 06:59:00,19.426666666666662,2026,4,24,06:00,59,06:59
38.0,alsogod,1016.4,17.3,2026-04-24 07:00:00,19.4,2026,4,24,07:00,0,07:00
37.93333333333333,alsogod,1016.4,17.326666666666668,2026-04-24 07:01:00,19.38,2026,4,24,07:00,1,07:01
37.86666666666667,alsogod,1016.4,17.353333333333335,2026-04-24 07:02:00,19.36,2026,4,24,07:00,2,07:02
37.8,alsogod,1016.4,17.38,2026-04-24 07:03:00,19.34,2026,4,24,07:00,3,07:03
37.73333333333333,alsogod,1016.4,17.406666666666666,2026-04-24 07:04:00,19.32,2026,4,24,07:00,4,07:04
37.66666666666666,alsogod,1016.4,17.433333333333334,2026-04-24 07:05:00,19.3,2026,4,24,07:00,5,07:05
37.6,alsogod,1016.4,17.46,2026-04-24 07:06:00,19.28,2026,4,24,07:00,6,07:06
37.53333333333333,alsogod,1016.4,17.486666666666668,2026-04-24 07:07:00,19.26,2026,4,24,07:00,7,07:07
37.46666666666667,alsogod,1016.4,17.513333333333332,2026-04-24 07:08:00,19.24,2026,4,24,07:00,8,07:08
37.4,alsogod,1016.4,17.54,2026-04-24 07:09:00,19.22,2026,4,24,07:00,9,07:09
37.333333333333336,alsogod,1016.4,17.566666666666666,2026-04-24 07:10:00,19.2,2026,4,24,07:00,10,07:10
37.266666666666666,alsogod,1016.4,17.593333333333334,2026-04-24 07:11:00,19.18,2026,4,24,07:00,11,07:11
37.2,alsogod,1016.4,17.62,2026-04-24 07:12:00,19.16,2026,4,24,07:00,12,07:12
37.13333333333333,alsogod,1016.4,17.646666666666665,2026-04-24 07:13:00,19.14,2026,4,24,07:00,13,07:13
37.06666666666667,alsogod,1016.4,17.673333333333332,2026-04-24 07:14:00,19.12,2026,4,24,07:00,14,07:14
37.0,alsogod,1016.4,17.7,2026-04-24 07:15:00,19.1,2026,4,24,07:00,15,07:15
36.93333333333333,alsogod,1016.3933333333332,17.726666666666667,2026-04-24 07:16:00,19.05333333333333,2026,4,24,07:00,16,07:16
36.86666666666667,alsogod,1016.3866666666668,17.753333333333334,2026-04-24 07:17:00,19.006666666666668,2026,4,24,07:00,17,07:17
36.8,alsogod,1016.38,17.78,2026-04-24 07:18:00,18.96,2026,4,24,07:00,18,07:18
36.73333333333333,alsogod,1016.3733333333332,17.806666666666665,2026-04-24 07:19:00,18.91333333333333,2026,4,24,07:00,19,07:19
36.66666666666666,alsogod,1016.3666666666668,17.833333333333332,2026-04-24 07:20:00,18.866666666666667,2026,4,24,07:00,20,07:20
36.6,alsogod,1016.36,17.86,2026-04-24 07:21:00,18.82,2026,4,24,07:00,21,07:21
36.53333333333333,alsogod,1016.3533333333334,17.886666666666667,2026-04-24 07:22:00,18.773333333333333,2026,4,24,07:00,22,07:22
36.46666666666667,alsogod,1016.3466666666666,17.913333333333334,2026-04-24 07:23:00,18.726666666666667,2026,4,24,07:00,23,07:23
36.4,alsogod,1016.34,17.94,2026-04-24 07:24:00,18.68,2026,4,24,07:00,24,07:24
36.333333333333336,alsogod,1016.3333333333331,17.96666666666667,2026-04-24 07:25:00,18.633333333333333,2026,4,24,07:00,25,07:25
36.266666666666666,alsogod,1016.3266666666666,17.993333333333336,2026-04-24 07:26:00,18.586666666666662,2026,4,24,07:00,26,07:26
36.2,alsogod,1016.32,18.02,2026-04-24 07:27:00,18.54,2026,4,24,07:00,27,07:27
36.13333333333333,alsogod,1016.3133333333332,18.046666666666667,2026-04-24 07:28:00,18.49333333333333,2026,4,24,07:00,28,07:28
36.06666666666667,alsogod,1016.3066666666666,18.07333333333333,2026-04-24 07:29:00,18.446666666666665,2026,4,24,07:00,29,07:29
36.0,alsogod,1016.3,18.1,2026-04-24 07:30:00,18.4,2026,4,24,07:00,30,07:30
36.0,alsogod,1016.3,18.12,2026-04-24 07:31:00,18.326666666666664,2026,4,24,07:00,31,07:31
36.0,alsogod,1016.3,18.14,2026-04-24 07:32:00,18.25333333333333,2026,4,24,07:00,32,07:32
36.0,alsogod,1016.3,18.16,2026-04-24 07:33:00,18.18,2026,4,24,07:00,33,07:33
36.0,alsogod,1016.3,18.18,2026-04-24 07:34:00,18.106666666666666,2026,4,24,07:00,34,07:34
36.0,alsogod,1016.3,18.2,2026-04-24 07:35:00,18.03333333333333,2026,4,24,07:00,35,07:35
36.0,alsogod,1016.3,18.22,2026-04-24 07:36:00,17.96,2026,4,24,07:00,36,07:36
36.0,alsogod,1016.3,18.24,2026-04-24 07:37:00,17.886666666666667,2026,4,24,07:00,37,07:37
36.0,alsogod,1016.3,18.26,2026-04-24 07:38:00,17.813333333333333,2026,4,24,07:00,38,07:38
36.0,alsogod,1016.3,18.28,2026-04-24 07:39:00,17.74,2026,4,24,07:00,39,07:39
36.0,alsogod,1016.3,18.3,2026-04-24 07:40:00,17.666666666666668,2026,4,24,07:00,40,07:40
36.0,alsogod,1016.3,18.32,2026-04-24 07:41:00,17.593333333333334,2026,4,24,07:00,41,07:41
36.0,alsogod,1016.3,18.34,2026-04-24 07:42:00,17.52,2026,4,24,07:00,42,07:42
36.0,alsogod,1016.3,18.36,2026-04-24 07:43:00,17.446666666666665,2026,4,24,07:00,43,07:43
36.0,alsogod,1016.3,18.38,2026-04-24 07:44:00,17.373333333333335,2026,4,24,07:00,44,07:44
36.0,alsogod,1016.3,18.4,2026-04-24 07:45:00,17.3,2026,4,24,07:00,45,07:45
35.93333333333333,alsogod,1016.2933333333332,18.42,2026-04-24 07:46:00,17.273333333333333,2026,4,24,07:00,46,07:46
35.86666666666667,alsogod,1016.2866666666666,18.44,2026-04-24 07:47:00,17.246666666666666,2026,4,24,07:00,47,07:47
35.8,alsogod,1016.28,18.46,2026-04-24 07:48:00,17.22,2026,4,24,07:00,48,07:48
35.733333333333334,alsogod,1016.2733333333332,18.48,2026-04-24 07:49:00,17.193333333333335,2026,4,24,07:00,49,07:49
35.666666666666664,alsogod,1016.2666666666668,18.5,2026-04-24 07:50:00,17.166666666666668,2026,4,24,07:00,50,07:50
35.6,alsogod,1016.26,18.52,2026-04-24 07:51:00,17.14,2026,4,24,07:00,51,07:51
35.53333333333333,alsogod,1016.2533333333332,18.54,2026-04-24 07:52:00,17.113333333333333,2026,4,24,07:00,52,07:52
35.46666666666667,alsogod,1016.2466666666668,18.56,2026-04-24 07:53:00,17.086666666666666,2026,4,24,07:00,53,07:53
35.4,alsogod,1016.24,18.58,2026-04-24 07:54:00,17.06,2026,4,24,07:00,54,07:54
35.333333333333336,alsogod,1016.2333333333332,18.6,2026-04-24 07:55:00,17.03333333333333,2026,4,24,07:00,55,07:55
35.266666666666666,alsogod,1016.2266666666668,18.62,2026-04-24 07:56:00,17.006666666666664,2026,4,24,07:00,56,07:56
35.2,alsogod,1016.22,18.64,2026-04-24 07:57:00,16.98,2026,4,24,07:00,57,07:57
35.13333333333333,alsogod,1016.2133333333334,18.66,2026-04-24 07:58:00,16.953333333333333,2026,4,24,07:00,58,07:58
35.06666666666667,alsogod,1016.2066666666668,18.68,2026-04-24 07:59:00,16.926666666666666,2026,4,24,07:00,59,07:59
35.0,alsogod,1016.2,18.7,2026-04-24 08:00:00,16.9,2026,4,24,08:00,0,08:00
34.93333333333333,alsogod,1016.1933333333334,18.72,2026-04-24 08:01:00,16.88,2026,4,24,08:00,1,08:01
34.86666666666667,alsogod,1016.1866666666668,18.74,2026-04-24 08:02:00,16.86,2026,4,24,08:00,2,08:02
34.8,alsogod,1016.18,18.76,2026-04-24 08:03:00,16.84,2026,4,24,08:00,3,08:03
34.733333333333334,alsogod,1016.1733333333334,18.78,2026-04-24 08:04:00,16.82,2026,4,24,08:00,4,08:04
34.666666666666664,alsogod,1016.1666666666669,18.8,2026-04-24 08:05:00,16.8,2026,4,24,08:00,5,08:05
34.6,alsogod,1016.16,18.82,2026-04-24 08:06:00,16.78,2026,4,24,08:00,6,08:06
34.53333333333333,alsogod,1016.1533333333334,18.84,2026-04-24 08:07:00,16.76,2026,4,24,08:00,7,08:07
34.46666666666667,alsogod,1016.1466666666666,18.86,2026-04-24 08:08:00,16.74,2026,4,24,08:00,8,08:08
34.4,alsogod,1016.14,18.88,2026-04-24 08:09:00,16.72,2026,4,24,08:00,9,08:09
34.333333333333336,alsogod,1016.1333333333332,18.9,2026-04-24 08:10:00,16.7,2026,4,24,08:00,10,08:10
34.266666666666666,alsogod,1016.1266666666668,18.92,2026-04-24 08:11:00,16.68,2026,4,24,08:00,11,08:11
34.2,alsogod,1016.12,18.94,2026-04-24 08:12:00,16.66,2026,4,24,08:00,12,08:12
34.13333333333333,alsogod,1016.1133333333332,18.96,2026-04-24 08:13:00,16.64,2026,4,24,08:00,13,08:13
34.06666666666667,alsogod,1016.1066666666668,18.98,2026-04-24 08:14:00,16.62,2026,4,24,08:00,14,08:14
34.0,alsogod,1016.1,19.0,2026-04-24 08:15:00,16.6,2026,4,24,08:00,15,08:15
33.93333333333333,alsogod,1016.0933333333334,19.02,2026-04-24 08:16:00,16.6,2026,4,24,08:00,16,08:16
33.86666666666667,alsogod,1016.0866666666668,19.04,2026-04-24 08:17:00,16.6,2026,4,24,08:00,17,08:17
33.8,alsogod,1016.08,19.06,2026-04-24 08:18:00,16.6,2026,4,24,08:00,18,08:18
33.733333333333334,alsogod,1016.0733333333334,19.08,2026-04-24 08:19:00,16.6,2026,4,24,08:00,19,08:19
33.666666666666664,alsogod,1016.0666666666668,19.1,2026-04-24 08:20:00,16.6,2026,4,24,08:00,20,08:20
33.6,alsogod,1016.06,19.12,2026-04-24 08:21:00,16.6,2026,4,24,08:00,21,08:21
33.53333333333333,alsogod,1016.0533333333334,19.14,2026-04-24 08:22:00,16.6,2026,4,24,08:00,22,08:22
33.46666666666667,alsogod,1016.0466666666666,19.16,2026-04-24 08:23:00,16.6,2026,4,24,08:00,23,08:23
33.4,alsogod,1016.04,19.18,2026-04-24 08:24:00,16.6,2026,4,24,08:00,24,08:24
33.333333333333336,alsogod,1016.0333333333332,19.2,2026-04-24 08:25:00,16.6,2026,4,24,08:00,25,08:25
33.266666666666666,alsogod,1016.0266666666666,19.22,2026-04-24 08:26:00,16.6,2026,4,24,08:00,26,08:26
33.2,alsogod,1016.02,19.24,2026-04-24 08:27:00,16.6,2026,4,24,08:00,27,08:27
33.13333333333333,alsogod,1016.0133333333332,19.26,2026-04-24 08:28:00,16.6,2026,4,24,08:00,28,08:28
33.06666666666667,alsogod,1016.0066666666668,19.28,2026-04-24 08:29:00,16.6,2026,4,24,08:00,29,08:29
33.0,alsogod,1016.0,19.3,2026-04-24 08:30:00,16.6,2026,4,24,08:00,30,08:30
32.93333333333333,alsogod,1015.9933333333332,19.32,2026-04-24 08:31:00,16.62,2026,4,24,08:00,31,08:31
32.86666666666667,alsogod,1015.9866666666668,19.34,2026-04-24 08:32:00,16.64,2026,4,24,08:00,32,08:32
32.8,alsogod,1015.98,19.36,2026-04-24 08:33:00,16.66,2026,4,24,08:00,33,08:33
32.733333333333334,alsogod,1015.9733333333334,19.380000000000003,2026-04-24 08:34:00,16.68,2026,4,24,08:00,34,08:34
32.666666666666664,alsogod,1015.9666666666668,19.4,2026-04-24 08:35:00,16.7,2026,4,24,08:00,35,08:35
32.6,alsogod,1015.96,19.42,2026-04-24 08:36:00,16.72,2026,4,24,08:00,36,08:36
32.53333333333333,alsogod,1015.9533333333334,19.44,2026-04-24 08:37:00,16.74,2026,4,24,08:00,37,08:37
32.46666666666667,alsogod,1015.9466666666666,19.46,2026-04-24 08:38:00,16.76,2026,4,24,08:00,38,08:38
32.4,alsogod,1015.94,19.48,2026-04-24 08:39:00,16.78,2026,4,24,08:00,39,08:39
32.333333333333336,alsogod,1015.9333333333332,19.5,2026-04-24 08:40:00,16.8,2026,4,24,08:00,40,08:40
32.266666666666666,alsogod,1015.9266666666666,19.52,2026-04-24 08:41:00,16.82,2026,4,24,08:00,41,08:41
32.2,alsogod,1015.92,19.540000000000003,2026-04-24 08:42:00,16.84,2026,4,24,08:00,42,08:42
32.13333333333333,alsogod,1015.9133333333332,19.56,2026-04-24 08:43:00,16.86,2026,4,24,08:00,43,08:43
32.06666666666667,alsogod,1015.9066666666666,19.58,2026-04-24 08:44:00,16.88,2026,4,24,08:00,44,08:44
32.0,alsogod,1015.9,19.6,2026-04-24 08:45:00,16.9,2026,4,24,08:00,45,08:45
31.933333333333334,alsogod,1015.8933333333332,19.613333333333333,2026-04-24 08:46:00,16.9,2026,4,24,08:00,46,08:46
31.866666666666667,alsogod,1015.8866666666668,19.62666666666667,2026-04-24 08:47:00,16.9,2026,4,24,08:00,47,08:47
31.8,alsogod,1015.88,19.64,2026-04-24 08:48:00,16.9,2026,4,24,08:00,48,08:48
31.73333333333333,alsogod,1015.8733333333332,19.653333333333336,2026-04-24 08:49:00,16.9,2026,4,24,08:00,49,08:49
31.666666666666668,alsogod,1015.8666666666668,19.666666666666668,2026-04-24 08:50:00,16.9,2026,4,24,08:00,50,08:50
31.6,alsogod,1015.86,19.68,2026-04-24 08:51:00,16.9,2026,4,24,08:00,51,08:51
31.53333333333333,alsogod,1015.8533333333334,19.69333333333333,2026-04-24 08:52:00,16.9,2026,4,24,08:00,52,08:52
31.466666666666665,alsogod,1015.8466666666666,19.706666666666667,2026-04-24 08:53:00,16.9,2026,4,24,08:00,53,08:53
31.4,alsogod,1015.84,19.72,2026-04-24 08:54:00,16.9,2026,4,24,08:00,54,08:54
31.33333333333333,alsogod,1015.8333333333331,19.73333333333333,2026-04-24 08:55:00,16.9,2026,4,24,08:00,55,08:55
31.266666666666666,alsogod,1015.8266666666666,19.746666666666663,2026-04-24 08:56:00,16.9,2026,4,24,08:00,56,08:56
31.2,alsogod,1015.82,19.76,2026-04-24 08:57:00,16.9,2026,4,24,08:00,57,08:57
31.133333333333333,alsogod,1015.8133333333332,19.773333333333333,2026-04-24 08:58:00,16.9,2026,4,24,08:00,58,08:58
31.066666666666663,alsogod,1015.8066666666666,19.78666666666667,2026-04-24 08:59:00,16.9,2026,4,24,08:00,59,08:59
31.0,alsogod,1015.8,19.8,2026-04-24 09:00:00,16.9,2026,4,24,09:00,0,09:00
31.0,alsogod,1015.7933333333332,19.80666666666667,2026-04-24 09:01:00,16.926666666666666,2026,4,24,09:00,1,09:01
31.0,alsogod,1015.7866666666666,19.813333333333333,2026-04-24 09:02:00,16.953333333333333,2026,4,24,09:00,2,09:02
31.0,alsogod,1015.78,19.82,2026-04-24 09:03:00,16.98,2026,4,24,09:00,3,09:03
31.0,alsogod,1015.7733333333332,19.826666666666668,2026-04-24 09:04:00,17.006666666666664,2026,4,24,09:00,4,09:04
31.0,alsogod,1015.7666666666668,19.83333333333333,2026-04-24 09:05:00,17.03333333333333,2026,4,24,09:00,5,09:05
31.0,alsogod,1015.76,19.84,2026-04-24 09:06:00,17.06,2026,4,24,09:00,6,09:06
31.0,alsogod,1015.7533333333332,19.846666666666668,2026-04-24 09:07:00,17.086666666666666,2026,4,24,09:00,7,09:07
31.0,alsogod,1015.7466666666668,19.85333333333333,2026-04-24 09:08:00,17.113333333333333,2026,4,24,09:00,8,09:08
31.0,alsogod,1015.74,19.86,2026-04-24 09:09:00,17.14,2026,4,24,09:00,9,09:09
31.0,alsogod,1015.7333333333332,19.866666666666667,2026-04-24 09:10:00,17.166666666666668,2026,4,24,09:00,10,09:10
31.0,alsogod,1015.7266666666668,19.87333333333333,2026-04-24 09:11:00,17.193333333333335,2026,4,24,09:00,11,09:11
31.0,alsogod,1015.72,19.88,2026-04-24 09:12:00,17.22,2026,4,24,09:00,12,09:12
31.0,alsogod,1015.7133333333334,19.886666666666667,2026-04-24 09:13:00,17.246666666666666,2026,4,24,09:00,13,09:13
31.0,alsogod,1015.7066666666668,19.89333333333333,2026-04-24 09:14:00,17.273333333333333,2026,4,24,09:00,14,09:14
31.0,alsogod,1015.7,19.9,2026-04-24 09:15:00,17.3,2026,4,24,09:00,15,09:15
30.933333333333334,alsogod,1015.6933333333334,19.906666666666663,2026-04-24 09:16:00,17.3,2026,4,24,09:00,16,09:16
30.866666666666667,alsogod,1015.6866666666668,19.91333333333333,2026-04-24 09:17:00,17.3,2026,4,24,09:00,17,09:17
30.8,alsogod,1015.68,19.92,2026-04-24 09:18:00,17.3,2026,4,24,09:00,18,09:18
30.73333333333333,alsogod,1015.6733333333334,19.926666666666662,2026-04-24 09:19:00,17.3,2026,4,24,09:00,19,09:19
30.666666666666668,alsogod,1015.6666666666669,19.933333333333334,2026-04-24 09:20:00,17.3,2026,4,24,09:00,20,09:20
30.6,alsogod,1015.66,19.94,2026-04-24 09:21:00,17.3,2026,4,24,09:00,21,09:21
30.53333333333333,alsogod,1015.6533333333334,19.946666666666665,2026-04-24 09:22:00,17.3,2026,4,24,09:00,22,09:22
30.466666666666665,alsogod,1015.6466666666666,19.953333333333333,2026-04-24 09:23:00,17.3,2026,4,24,09:00,23,09:23
30.4,alsogod,1015.64,19.96,2026-04-24 09:24:00,17.3,2026,4,24,09:00,24,09:24
30.33333333333333,alsogod,1015.6333333333332,19.966666666666665,2026-04-24 09:25:00,17.3,2026,4,24,09:00,25,09:25
30.266666666666666,alsogod,1015.6266666666668,19.973333333333333,2026-04-24 09:26:00,17.3,2026,4,24,09:00,26,09:26
30.2,alsogod,1015.62,19.98,2026-04-24 09:27:00,17.3,2026,4,24,09:00,27,09:27
30.133333333333333,alsogod,1015.6133333333332,19.986666666666668,2026-04-24 09:28:00,17.3,2026,4,24,09:00,28,09:28
30.066666666666663,alsogod,1015.6066666666668,19.99333333333333,2026-04-24 09:29:00,17.3,2026,4,24,09:00,29,09:29
30.0,alsogod,1015.6,20.0,2026-04-24 09:30:00,17.3,2026,4,24,09:00,30,09:30
30.0,alsogod,1015.6,20.006666666666668,2026-04-24 09:31:00,17.32,2026,4,24,09:00,31,09:31
30.0,alsogod,1015.6,20.01333333333333,2026-04-24 09:32:00,17.34,2026,4,24,09:00,32,09:32
30.0,alsogod,1015.6,20.02,2026-04-24 09:33:00,17.36,2026,4,24,09:00,33,09:33
30.0,alsogod,1015.6,20.026666666666667,2026-04-24 09:34:00,17.380000000000003,2026,4,24,09:00,34,09:34
30.0,alsogod,1015.6,20.03333333333333,2026-04-24 09:35:00,17.400000000000002,2026,4,24,09:00,35,09:35
30.0,alsogod,1015.6,20.04,2026-04-24 09:36:00,17.42,2026,4,24,09:00,36,09:36
30.0,alsogod,1015.6,20.046666666666667,2026-04-24 09:37:00,17.44,2026,4,24,09:00,37,09:37
30.0,alsogod,1015.6,20.05333333333333,2026-04-24 09:38:00,17.46,2026,4,24,09:00,38,09:38
30.0,alsogod,1015.6,20.06,2026-04-24 09:39:00,17.48,2026,4,24,09:00,39,09:39
30.0,alsogod,1015.6,20.066666666666663,2026-04-24 09:40:00,17.5,2026,4,24,09:00,40,09:40
30.0,alsogod,1015.6,20.07333333333333,2026-04-24 09:41:00,17.52,2026,4,24,09:00,41,09:41
30.0,alsogod,1015.6,20.08,2026-04-24 09:42:00,17.540000000000003,2026,4,24,09:00,42,09:42
30.0,alsogod,1015.6,20.08666666666667,2026-04-24 09:43:00,17.560000000000002,2026,4,24,09:00,43,09:43
30.0,alsogod,1015.6,20.093333333333334,2026-04-24 09:44:00,17.580000000000002,2026,4,24,09:00,44,09:44
30.0,alsogod,1015.6,20.1,2026-04-24 09:45:00,17.6,2026,4,24,09:00,45,09:45
30.0,alsogod,1015.5933333333334,20.10666666666667,2026-04-24 09:46:00,17.62666666666667,2026,4,24,09:00,46,09:46
30.0,alsogod,1015.5866666666668,20.113333333333333,2026-04-24 09:47:00,17.653333333333336,2026,4,24,09:00,47,09:47
30.0,alsogod,1015.58,20.12,2026-04-24 09:48:00,17.68,2026,4,24,09:00,48,09:48
30.0,alsogod,1015.5733333333334,20.12666666666667,2026-04-24 09:49:00,17.706666666666667,2026,4,24,09:00,49,09:49
30.0,alsogod,1015.5666666666668,20.133333333333333,2026-04-24 09:50:00,17.733333333333334,2026,4,24,09:00,50,09:50
30.0,alsogod,1015.56,20.14,2026-04-24 09:51:00,17.76,2026,4,24,09:00,51,09:51
30.0,alsogod,1015.5533333333334,20.14666666666667,2026-04-24 09:52:00,17.78666666666667,2026,4,24,09:00,52,09:52
30.0,alsogod,1015.5466666666666,20.15333333333333,2026-04-24 09:53:00,17.813333333333333,2026,4,24,09:00,53,09:53
30.0,alsogod,1015.54,20.16,2026-04-24 09:54:00,17.84,2026,4,24,09:00,54,09:54
30.0,alsogod,1015.5333333333332,20.166666666666668,2026-04-24 09:55:00,17.866666666666667,2026,4,24,09:00,55,09:55
30.0,alsogod,1015.5266666666666,20.17333333333333,2026-04-24 09:56:00,17.893333333333334,2026,4,24,09:00,56,09:56
30.0,alsogod,1015.52,20.18,2026-04-24 09:57:00,17.92,2026,4,24,09:00,57,09:57
30.0,alsogod,1015.5133333333332,20.186666666666667,2026-04-24 09:58:00,17.946666666666665,2026,4,24,09:00,58,09:58
30.0,alsogod,1015.5066666666668,20.19333333333333,2026-04-24 09:59:00,17.973333333333333,2026,4,24,09:00,59,09:59
30.0,alsogod,1015.5,20.2,2026-04-24 10:00:00,18.0,2026,4,24,10:00,0,10:00
30.0,alsogod,1015.4933333333332,20.2,2026-04-24 10:01:00,18.026666666666667,2026,4,24,10:00,1,10:01
30.0,alsogod,1015.4866666666668,20.2,2026-04-24 10:02:00,18.05333333333333,2026,4,24,10:00,2,10:02
30.0,alsogod,1015.48,20.2,2026-04-24 10:03:00,18.08,2026,4,24,10:00,3,10:03
30.0,alsogod,1015.4733333333334,20.2,2026-04-24 10:04:00,18.106666666666666,2026,4,24,10:00,4,10:04
30.0,alsogod,1015.4666666666668,20.2,2026-04-24 10:05:00,18.133333333333333,2026,4,24,10:00,5,10:05
30.0,alsogod,1015.46,20.2,2026-04-24 10:06:00,18.16,2026,4,24,10:00,6,10:06
30.0,alsogod,1015.4533333333334,20.2,2026-04-24 10:07:00,18.186666666666667,2026,4,24,10:00,7,10:07
30.0,alsogod,1015.4466666666666,20.2,2026-04-24 10:08:00,18.21333333333333,2026,4,24,10:00,8,10:08
30.0,alsogod,1015.44,20.2,2026-04-24 10:09:00,18.24,2026,4,24,10:00,9,10:09
30.0,alsogod,1015.4333333333332,20.2,2026-04-24 10:10:00,18.266666666666666,2026,4,24,10:00,10,10:10
30.0,alsogod,1015.4266666666666,20.2,2026-04-24 10:11:00,18.293333333333333,2026,4,24,10:00,11,10:11
30.0,alsogod,1015.42,20.2,2026-04-24 10:12:00,18.32,2026,4,24,10:00,12,10:12
30.0,alsogod,1015.4133333333332,20.2,2026-04-24 10:13:00,18.346666666666664,2026,4,24,10:00,13,10:13
30.0,alsogod,1015.4066666666666,20.2,2026-04-24 10:14:00,18.37333333333333,2026,4,24,10:00,14,10:14
30.0,alsogod,1015.4,20.2,2026-04-24 10:15:00,18.4,2026,4,24,10:00,15,10:15
30.0,alsogod,1015.4,20.206666666666667,2026-04-24 10:16:00,18.42,2026,4,24,10:00,16,10:16
30.0,alsogod,1015.4,20.21333333333333,2026-04-24 10:17:00,18.44,2026,4,24,10:00,17,10:17
30.0,alsogod,1015.4,20.22,2026-04-24 10:18:00,18.46,2026,4,24,10:00,18,10:18
30.0,alsogod,1015.4,20.226666666666667,2026-04-24 10:19:00,18.48,2026,4,24,10:00,19,10:19
30.0,alsogod,1015.4,20.23333333333333,2026-04-24 10:20:00,18.5,2026,4,24,10:00,20,10:20
30.0,alsogod,1015.4,20.24,2026-04-24 10:21:00,18.52,2026,4,24,10:00,21,10:21
30.0,alsogod,1015.4,20.246666666666663,2026-04-24 10:22:00,18.54,2026,4,24,10:00,22,10:22
30.0,alsogod,1015.4,20.25333333333333,2026-04-24 10:23:00,18.56,2026,4,24,10:00,23,10:23
30.0,alsogod,1015.4,20.26,2026-04-24 10:24:00,18.58,2026,4,24,10:00,24,10:24
30.0,alsogod,1015.4,20.266666666666666,2026-04-24 10:25:00,18.6,2026,4,24,10:00,25,10:25
30.0,alsogod,1015.4,20.273333333333333,2026-04-24 10:26:00,18.62,2026,4,24,10:00,26,10:26
30.0,alsogod,1015.4,20.28,2026-04-24 10:27:00,18.64,2026,4,24,10:00,27,10:27
30.0,alsogod,1015.4,20.28666666666667,2026-04-24 10:28:00,18.66,2026,4,24,10:00,28,10:28
30.0,alsogod,1015.4,20.293333333333333,2026-04-24 10:29:00,18.68,2026,4,24,10:00,29,10:29
30.0,alsogod,1015.4,20.3,2026-04-24 10:30:00,18.7,2026,4,24,10:00,30,10:30
30.0,alsogod,1015.3933333333332,20.3,2026-04-24 10:31:00,18.726666666666667,2026,4,24,10:00,31,10:31
30.0,alsogod,1015.3866666666668,20.3,2026-04-24 10:32:00,18.75333333333333,2026,4,24,10:00,32,10:32
30.0,alsogod,1015.38,20.3,2026-04-24 10:33:00,18.78,2026,4,24,10:00,33,10:33
30.0,alsogod,1015.3733333333332,20.3,2026-04-24 10:34:00,18.806666666666665,2026,4,24,10:00,34,10:34
30.0,alsogod,1015.3666666666668,20.3,2026-04-24 10:35:00,18.83333333333333,2026,4,24,10:00,35,10:35
30.0,alsogod,1015.36,20.3,2026-04-24 10:36:00,18.86,2026,4,24,10:00,36,10:36
30.0,alsogod,1015.3533333333334,20.3,2026-04-24 10:37:00,18.886666666666667,2026,4,24,10:00,37,10:37
30.0,alsogod,1015.3466666666666,20.3,2026-04-24 10:38:00,18.91333333333333,2026,4,24,10:00,38,10:38
30.0,alsogod,1015.34,20.3,2026-04-24 10:39:00,18.94,2026,4,24,10:00,39,10:39
30.0,alsogod,1015.3333333333331,20.3,2026-04-24 10:40:00,18.96666666666667,2026,4,24,10:00,40,10:40
30.0,alsogod,1015.3266666666666,20.3,2026-04-24 10:41:00,18.993333333333336,2026,4,24,10:00,41,10:41
30.0,alsogod,1015.32,20.3,2026-04-24 10:42:00,19.02,2026,4,24,10:00,42,10:42
30.0,alsogod,1015.3133333333332,20.3,2026-04-24 10:43:00,19.046666666666667,2026,4,24,10:00,43,10:43
30.0,alsogod,1015.3066666666666,20.3,2026-04-24 10:44:00,19.07333333333333,2026,4,24,10:00,44,10:44
30.0,alsogod,1015.3,20.3,2026-04-24 10:45:00,19.1,2026,4,24,10:00,45,10:45
30.0,alsogod,1015.3,20.3,2026-04-24 10:46:00,19.12,2026,4,24,10:00,46,10:46
30.0,alsogod,1015.3,20.3,2026-04-24 10:47:00,19.14,2026,4,24,10:00,47,10:47
30.0,alsogod,1015.3,20.3,2026-04-24 10:48:00,19.16,2026,4,24,10:00,48,10:48
30.0,alsogod,1015.3,20.3,2026-04-24 10:49:00,19.18,2026,4,24,10:00,49,10:49
30.0,alsogod,1015.3,20.3,2026-04-24 10:50:00,19.2,2026,4,24,10:00,50,10:50
30.0,alsogod,1015.3,20.3,2026-04-24 10:51:00,19.22,2026,4,24,10:00,51,10:51
30.0,alsogod,1015.3,20.3,2026-04-24 10:52:00,19.24,2026,4,24,10:00,52,10:52
30.0,alsogod,1015.3,20.3,2026-04-24 10:53:00,19.26,2026,4,24,10:00,53,10:53
30.0,alsogod,1015.3,20.3,2026-04-24 10:54:00,19.28,2026,4,24,10:00,54,10:54
30.0,alsogod,1015.3,20.3,2026-04-24 10:55:00,19.3,2026,4,24,10:00,55,10:55
30.0,alsogod,1015.3,20.3,2026-04-24 10:56:00,19.32,2026,4,24,10:00,56,10:56
30.0,alsogod,1015.3,20.3,2026-04-24 10:57:00,19.34,2026,4,24,10:00,57,10:57
30.0,alsogod,1015.3,20.3,2026-04-24 10:58:00,19.36,2026,4,24,10:00,58,10:58
30.0,alsogod,1015.3,20.3,2026-04-24 10:59:00,19.38,2026,4,24,10:00,59,10:59
30.0,alsogod,1015.3,20.3,2026-04-24 11:00:00,19.4,2026,4,24,11:00,0,11:00
30.0,alsogod,1015.3,20.3,2026-04-24 11:01:00,19.426666666666662,2026,4,24,11:00,1,11:01
30.0,alsogod,1015.3,20.3,2026-04-24 11:02:00,19.453333333333333,2026,4,24,11:00,2,11:02
30.0,alsogod,1015.3,20.3,2026-04-24 11:03:00,19.48,2026,4,24,11:00,3,11:03
30.0,alsogod,1015.3,20.3,2026-04-24 11:04:00,19.506666666666664,2026,4,24,11:00,4,11:04
30.0,alsogod,1015.3,20.3,2026-04-24 11:05:00,19.53333333333333,2026,4,24,11:00,5,11:05
30.0,alsogod,1015.3,20.3,2026-04-24 11:06:00,19.56,2026,4,24,11:00,6,11:06
30.0,alsogod,1015.3,20.3,2026-04-24 11:07:00,19.586666666666662,2026,4,24,11:00,7,11:07
30.0,alsogod,1015.3,20.3,2026-04-24 11:08:00,19.613333333333333,2026,4,24,11:00,8,11:08
30.0,alsogod,1015.3,20.3,2026-04-24 11:09:00,19.64,2026,4,24,11:00,9,11:09
30.0,alsogod,1015.3,20.3,2026-04-24 11:10:00,19.666666666666668,2026,4,24,11:00,10,11:10
30.0,alsogod,1015.3,20.3,2026-04-24 11:11:00,19.69333333333333,2026,4,24,11:00,11,11:11
30.0,alsogod,1015.3,20.3,2026-04-24 11:12:00,19.72,2026,4,24,11:00,12,11:12
30.0,alsogod,1015.3,20.3,2026-04-24 11:13:00,19.746666666666663,2026,4,24,11:00,13,11:13
30.0,alsogod,1015.3,20.3,2026-04-24 11:14:00,19.773333333333333,2026,4,24,11:00,14,11:14
30.0,alsogod,1015.3,20.3,2026-04-24 11:15:00,19.8,2026,4,24,11:00,15,11:15
30.066666666666663,alsogod,1015.3,20.293333333333333,2026-04-24 11:16:00,19.846666666666668,2026,4,24,11:00,16,11:16
30.133333333333333,alsogod,1015.3,20.28666666666667,2026-04-24 11:17:00,19.89333333333333,2026,4,24,11:00,17,11:17
30.2,alsogod,1015.3,20.28,2026-04-24 11:18:00,19.94,2026,4,24,11:00,18,11:18
30.266666666666666,alsogod,1015.3,20.273333333333333,2026-04-24 11:19:00,19.986666666666668,2026,4,24,11:00,19,11:19
30.33333333333333,alsogod,1015.3,20.266666666666666,2026-04-24 11:20:00,20.03333333333333,2026,4,24,11:00,20,11:20
30.4,alsogod,1015.3,20.26,2026-04-24 11:21:00,20.08,2026,4,24,11:00,21,11:21
30.466666666666665,alsogod,1015.3,20.25333333333333,2026-04-24 11:22:00,20.12666666666667,2026,4,24,11:00,22,11:22
30.53333333333333,alsogod,1015.3,20.246666666666663,2026-04-24 11:23:00,20.17333333333333,2026,4,24,11:00,23,11:23
30.6,alsogod,1015.3,20.24,2026-04-24 11:24:00,20.22,2026,4,24,11:00,24,11:24
30.666666666666668,alsogod,1015.3,20.23333333333333,2026-04-24 11:25:00,20.266666666666666,2026,4,24,11:00,25,11:25
30.73333333333333,alsogod,1015.3,20.226666666666667,2026-04-24 11:26:00,20.313333333333333,2026,4,24,11:00,26,11:26
30.8,alsogod,1015.3,20.22,2026-04-24 11:27:00,20.36,2026,4,24,11:00,27,11:27
30.866666666666667,alsogod,1015.3,20.21333333333333,2026-04-24 11:28:00,20.406666666666663,2026,4,24,11:00,28,11:28
30.933333333333334,alsogod,1015.3,20.206666666666667,2026-04-24 11:29:00,20.453333333333333,2026,4,24,11:00,29,11:29
31.0,alsogod,1015.3,20.2,2026-04-24 11:30:00,20.5,2026,4,24,11:00,30,11:30
31.066666666666663,alsogod,1015.3,20.19333333333333,2026-04-24 11:31:00,20.546666666666667,2026,4,24,11:00,31,11:31
31.133333333333333,alsogod,1015.3,20.186666666666667,2026-04-24 11:32:00,20.593333333333334,2026,4,24,11:00,32,11:32
31.2,alsogod,1015.3,20.18,2026-04-24 11:33:00,20.64,2026,4,24,11:00,33,11:33
31.266666666666666,alsogod,1015.3,20.17333333333333,2026-04-24 11:34:00,20.686666666666667,2026,4,24,11:00,34,11:34
31.33333333333333,alsogod,1015.3,20.166666666666668,2026-04-24 11:35:00,20.73333333333333,2026,4,24,11:00,35,11:35
31.4,alsogod,1015.3,20.16,2026-04-24 11:36:00,20.78,2026,4,24,11:00,36,11:36
31.466666666666665,alsogod,1015.3,20.15333333333333,2026-04-24 11:37:00,20.826666666666668,2026,4,24,11:00,37,11:37
31.53333333333333,alsogod,1015.3,20.14666666666667,2026-04-24 11:38:00,20.87333333333333,2026,4,24,11:00,38,11:38
31.6,alsogod,1015.3,20.14,2026-04-24 11:39:00,20.92,2026,4,24,11:00,39,11:39
31.666666666666668,alsogod,1015.3,20.133333333333333,2026-04-24 11:40:00,20.966666666666665,2026,4,24,11:00,40,11:40
31.73333333333333,alsogod,1015.3,20.12666666666667,2026-04-24 11:41:00,21.01333333333333,2026,4,24,11:00,41,11:41
31.8,alsogod,1015.3,20.12,2026-04-24 11:42:00,21.06,2026,4,24,11:00,42,11:42
31.866666666666667,alsogod,1015.3,20.113333333333333,2026-04-24 11:43:00,21.106666666666666,2026,4,24,11:00,43,11:43
31.933333333333334,alsogod,1015.3,20.10666666666667,2026-04-24 11:44:00,21.15333333333333,2026,4,24,11:00,44,11:44
32.0,alsogod,1015.3,20.1,2026-04-24 11:45:00,21.2,2026,4,24,11:00,45,11:45
32.0,alsogod,1015.3,20.093333333333334,2026-04-24 11:46:00,21.2,2026,4,24,11:00,46,11:46
32.0,alsogod,1015.3,20.08666666666667,2026-04-24 11:47:00,21.2,2026,4,24,11:00,47,11:47
32.0,alsogod,1015.3,20.08,2026-04-24 11:48:00,21.2,2026,4,24,11:00,48,11:48
32.0,alsogod,1015.3,20.07333333333333,2026-04-24 11:49:00,21.2,2026,4,24,11:00,49,11:49
32.0,alsogod,1015.3,20.066666666666663,2026-04-24 11:50:00,21.2,2026,4,24,11:00,50,11:50
32.0,alsogod,1015.3,20.06,2026-04-24 11:51:00,21.2,2026,4,24,11:00,51,11:51
32.0,alsogod,1015.3,20.05333333333333,2026-04-24 11:52:00,21.2,2026,4,24,11:00,52,11:52
32.0,alsogod,1015.3,20.046666666666667,2026-04-24 11:53:00,21.2,2026,4,24,11:00,53,11:53
32.0,alsogod,1015.3,20.04,2026-04-24 11:54:00,21.2,2026,4,24,11:00,54,11:54
32.0,alsogod,1015.3,20.03333333333333,2026-04-24 11:55:00,21.2,2026,4,24,11:00,55,11:55
32.0,alsogod,1015.3,20.026666666666667,2026-04-24 11:56:00,21.2,2026,4,24,11:00,56,11:56
32.0,alsogod,1015.3,20.02,2026-04-24 11:57:00,21.2,2026,4,24,11:00,57,11:57
32.0,alsogod,1015.3,20.01333333333333,2026-04-24 11:58:00,21.2,2026,4,24,11:00,58,11:58
32.0,alsogod,1015.3,20.006666666666668,2026-04-24 11:59:00,21.2,2026,4,24,11:00,59,11:59
32.0,alsogod,1015.3,20.0,2026-04-24 12:00:00,21.2,2026,4,24,12:00,0,12:00
32.0,alsogod,1015.2933333333332,19.99333333333333,2026-04-24 12:01:00,21.18,2026,4,24,12:00,1,12:01
32.0,alsogod,1015.2866666666666,19.986666666666668,2026-04-24 12:02:00,21.16,2026,4,24,12:00,2,12:02
32.0,alsogod,1015.28,19.98,2026-04-24 12:03:00,21.14,2026,4,24,12:00,3,12:03
32.0,alsogod,1015.2733333333332,19.973333333333333,2026-04-24 12:04:00,21.12,2026,4,24,12:00,4,12:04
32.0,alsogod,1015.2666666666668,19.966666666666665,2026-04-24 12:05:00,21.1,2026,4,24,12:00,5,12:05
32.0,alsogod,1015.26,19.96,2026-04-24 12:06:00,21.08,2026,4,24,12:00,6,12:06
32.0,alsogod,1015.2533333333332,19.953333333333333,2026-04-24 12:07:00,21.06,2026,4,24,12:00,7,12:07
32.0,alsogod,1015.2466666666668,19.946666666666665,2026-04-24 12:08:00,21.04,2026,4,24,12:00,8,12:08
32.0,alsogod,1015.24,19.94,2026-04-24 12:09:00,21.02,2026,4,24,12:00,9,12:09
32.0,alsogod,1015.2333333333332,19.933333333333334,2026-04-24 12:10:00,21.0,2026,4,24,12:00,10,12:10
32.0,alsogod,1015.2266666666668,19.926666666666662,2026-04-24 12:11:00,20.98,2026,4,24,12:00,11,12:11
32.0,alsogod,1015.22,19.92,2026-04-24 12:12:00,20.96,2026,4,24,12:00,12,12:12
32.0,alsogod,1015.2133333333334,19.91333333333333,2026-04-24 12:13:00,20.94,2026,4,24,12:00,13,12:13
32.0,alsogod,1015.2066666666668,19.906666666666663,2026-04-24 12:14:00,20.92,2026,4,24,12:00,14,12:14
32.0,alsogod,1015.2,19.9,2026-04-24 12:15:00,20.9,2026,4,24,12:00,15,12:15
32.0,alsogod,1015.1933333333334,19.9,2026-04-24 12:16:00,20.85333333333333,2026,4,24,12:00,16,12:16
32.0,alsogod,1015.1866666666668,19.9,2026-04-24 12:17:00,20.806666666666665,2026,4,24,12:00,17,12:17
32.0,alsogod,1015.18,19.9,2026-04-24 12:18:00,20.76,2026,4,24,12:00,18,12:18
32.0,alsogod,1015.1733333333334,19.9,2026-04-24 12:19:00,20.71333333333333,2026,4,24,12:00,19,12:19
32.0,alsogod,1015.1666666666669,19.9,2026-04-24 12:20:00,20.666666666666664,2026,4,24,12:00,20,12:20
32.0,alsogod,1015.16,19.9,2026-04-24 12:21:00,20.62,2026,4,24,12:00,21,12:21
32.0,alsogod,1015.1533333333334,19.9,2026-04-24 12:22:00,20.57333333333333,2026,4,24,12:00,22,12:22
32.0,alsogod,1015.1466666666666,19.9,2026-04-24 12:23:00,20.526666666666667,2026,4,24,12:00,23,12:23
32.0,alsogod,1015.14,19.9,2026-04-24 12:24:00,20.48,2026,4,24,12:00,24,12:24
32.0,alsogod,1015.1333333333332,19.9,2026-04-24 12:25:00,20.433333333333334,2026,4,24,12:00,25,12:25
32.0,alsogod,1015.1266666666668,19.9,2026-04-24 12:26:00,20.386666666666667,2026,4,24,12:00,26,12:26
32.0,alsogod,1015.12,19.9,2026-04-24 12:27:00,20.34,2026,4,24,12:00,27,12:27
32.0,alsogod,1015.1133333333332,19.9,2026-04-24 12:28:00,20.293333333333333,2026,4,24,12:00,28,12:28
32.0,alsogod,1015.1066666666668,19.9,2026-04-24 12:29:00,20.246666666666663,2026,4,24,12:00,29,12:29
32.0,alsogod,1015.1,19.9,2026-04-24 12:30:00,20.2,2026,4,24,12:00,30,12:30
32.0,alsogod,1015.0933333333334,19.9,2026-04-24 12:31:00,20.146666666666665,2026,4,24,12:00,31,12:31
32.0,alsogod,1015.0866666666668,19.9,2026-04-24 12:32:00,20.093333333333334,2026,4,24,12:00,32,12:32
32.0,alsogod,1015.08,19.9,2026-04-24 12:33:00,20.04,2026,4,24,12:00,33,12:33
32.0,alsogod,1015.0733333333334,19.9,2026-04-24 12:34:00,19.986666666666665,2026,4,24,12:00,34,12:34
32.0,alsogod,1015.0666666666668,19.9,2026-04-24 12:35:00,19.933333333333334,2026,4,24,12:00,35,12:35
32.0,alsogod,1015.06,19.9,2026-04-24 12:36:00,19.88,2026,4,24,12:00,36,12:36
32.0,alsogod,1015.0533333333334,19.9,2026-04-24 12:37:00,19.826666666666664,2026,4,24,12:00,37,12:37
32.0,alsogod,1015.0466666666666,19.9,2026-04-24 12:38:00,19.773333333333333,2026,4,24,12:00,38,12:38
32.0,alsogod,1015.04,19.9,2026-04-24 12:39:00,19.72,2026,4,24,12:00,39,12:39
32.0,alsogod,1015.0333333333332,19.9,2026-04-24 12:40:00,19.666666666666664,2026,4,24,12:00,40,12:40
32.0,alsogod,1015.0266666666666,19.9,2026-04-24 12:41:00,19.613333333333333,2026,4,24,12:00,41,12:41
32.0,alsogod,1015.02,19.9,2026-04-24 12:42:00,19.56,2026,4,24,12:00,42,12:42
32.0,alsogod,1015.0133333333332,19.9,2026-04-24 12:43:00,19.506666666666664,2026,4,24,12:00,43,12:43
32.0,alsogod,1015.0066666666668,19.9,2026-04-24 12:44:00,19.453333333333333,2026,4,24,12:00,44,12:44
32.0,alsogod,1015.0,19.9,2026-04-24 12:45:00,19.4,2026,4,24,12:00,45,12:45
32.0,alsogod,1014.9933333333332,19.89333333333333,2026-04-24 12:46:00,19.35333333333333,2026,4,24,12:00,46,12:46
32.0,alsogod,1014.9866666666668,19.886666666666667,2026-04-24 12:47:00,19.306666666666665,2026,4,24,12:00,47,12:47
32.0,alsogod,1014.98,19.88,2026-04-24 12:48:00,19.26,2026,4,24,12:00,48,12:48
32.0,alsogod,1014.9733333333334,19.87333333333333,2026-04-24 12:49:00,19.21333333333333,2026,4,24,12:00,49,12:49
32.0,alsogod,1014.9666666666668,19.866666666666667,2026-04-24 12:50:00,19.166666666666664,2026,4,24,12:00,50,12:50
32.0,alsogod,1014.96,19.86,2026-04-24 12:51:00,19.12,2026,4,24,12:00,51,12:51
32.0,alsogod,1014.9533333333334,19.85333333333333,2026-04-24 12:52:00,19.07333333333333,2026,4,24,12:00,52,12:52
32.0,alsogod,1014.9466666666666,19.846666666666668,2026-04-24 12:53:00,19.026666666666667,2026,4,24,12:00,53,12:53
32.0,alsogod,1014.94,19.84,2026-04-24 12:54:00,18.98,2026,4,24,12:00,54,12:54
32.0,alsogod,1014.9333333333332,19.83333333333333,2026-04-24 12:55:00,18.933333333333334,2026,4,24,12:00,55,12:55
32.0,alsogod,1014.9266666666666,19.826666666666668,2026-04-24 12:56:00,18.886666666666667,2026,4,24,12:00,56,12:56
32.0,alsogod,1014.92,19.82,2026-04-24 12:57:00,18.84,2026,4,24,12:00,57,12:57
32.0,alsogod,1014.9133333333332,19.813333333333333,2026-04-24 12:58:00,18.793333333333333,2026,4,24,12:00,58,12:58
32.0,alsogod,1014.9066666666666,19.80666666666667,2026-04-24 12:59:00,18.746666666666663,2026,4,24,12:00,59,12:59
32.0,alsogod,1014.9,19.8,2026-04-24 13:00:00,18.7,2026,4,24,13:00,0,13:00
32.06666666666667,alsogod,1014.9,19.793333333333333,2026-04-24 13:01:00,18.65333333333333,2026,4,24,13:00,1,13:01
32.13333333333333,alsogod,1014.9,19.78666666666667,2026-04-24 13:02:00,18.606666666666666,2026,4,24,13:00,2,13:02
32.2,alsogod,1014.9,19.78,2026-04-24 13:03:00,18.56,2026,4,24,13:00,3,13:03
32.266666666666666,alsogod,1014.9,19.773333333333333,2026-04-24 13:04:00,18.51333333333333,2026,4,24,13:00,4,13:04
32.333333333333336,alsogod,1014.9,19.766666666666666,2026-04-24 13:05:00,18.466666666666665,2026,4,24,13:00,5,13:05
32.4,alsogod,1014.9,19.76,2026-04-24 13:06:00,18.42,2026,4,24,13:00,6,13:06
32.46666666666667,alsogod,1014.9,19.75333333333333,2026-04-24 13:07:00,18.37333333333333,2026,4,24,13:00,7,13:07
32.53333333333333,alsogod,1014.9,19.746666666666663,2026-04-24 13:08:00,18.326666666666668,2026,4,24,13:00,8,13:08
32.6,alsogod,1014.9,19.74,2026-04-24 13:09:00,18.28,2026,4,24,13:00,9,13:09
32.666666666666664,alsogod,1014.9,19.73333333333333,2026-04-24 13:10:00,18.23333333333333,2026,4,24,13:00,10,13:10
32.733333333333334,alsogod,1014.9,19.726666666666667,2026-04-24 13:11:00,18.186666666666667,2026,4,24,13:00,11,13:11
32.8,alsogod,1014.9,19.72,2026-04-24 13:12:00,18.14,2026,4,24,13:00,12,13:12
32.86666666666667,alsogod,1014.9,19.71333333333333,2026-04-24 13:13:00,18.093333333333334,2026,4,24,13:00,13,13:13
32.93333333333333,alsogod,1014.9,19.706666666666667,2026-04-24 13:14:00,18.046666666666667,2026,4,24,13:00,14,13:14
33.0,alsogod,1014.9,19.7,2026-04-24 13:15:00,18.0,2026,4,24,13:00,15,13:15
33.0,alsogod,1014.9,19.686666666666667,2026-04-24 13:16:00,17.973333333333333,2026,4,24,13:00,16,13:16
33.0,alsogod,1014.9,19.67333333333333,2026-04-24 13:17:00,17.946666666666665,2026,4,24,13:00,17,13:17
33.0,alsogod,1014.9,19.66,2026-04-24 13:18:00,17.92,2026,4,24,13:00,18,13:18
33.0,alsogod,1014.9,19.646666666666665,2026-04-24 13:19:00,17.893333333333334,2026,4,24,13:00,19,13:19
33.0,alsogod,1014.9,19.633333333333333,2026-04-24 13:20:00,17.866666666666667,2026,4,24,13:00,20,13:20
33.0,alsogod,1014.9,19.62,2026-04-24 13:21:00,17.84,2026,4,24,13:00,21,13:21
33.0,alsogod,1014.9,19.606666666666666,2026-04-24 13:22:00,17.813333333333333,2026,4,24,13:00,22,13:22
33.0,alsogod,1014.9,19.593333333333334,2026-04-24 13:23:00,17.78666666666667,2026,4,24,13:00,23,13:23
33.0,alsogod,1014.9,19.58,2026-04-24 13:24:00,17.76,2026,4,24,13:00,24,13:24
33.0,alsogod,1014.9,19.566666666666663,2026-04-24 13:25:00,17.733333333333334,2026,4,24,13:00,25,13:25
33.0,alsogod,1014.9,19.55333333333333,2026-04-24 13:26:00,17.706666666666667,2026,4,24,13:00,26,13:26
33.0,alsogod,1014.9,19.54,2026-04-24 13:27:00,17.68,2026,4,24,13:00,27,13:27
33.0,alsogod,1014.9,19.526666666666667,2026-04-24 13:28:00,17.653333333333336,2026,4,24,13:00,28,13:28
33.0,alsogod,1014.9,19.51333333333333,2026-04-24 13:29:00,17.62666666666667,2026,4,24,13:00,29,13:29
33.0,alsogod,1014.9,19.5,2026-04-24 13:30:00,17.6,2026,4,24,13:00,30,13:30
33.06666666666667,alsogod,1014.9,19.49333333333333,2026-04-24 13:31:00,17.553333333333335,2026,4,24,13:00,31,13:31
33.13333333333333,alsogod,1014.9,19.486666666666668,2026-04-24 13:32:00,17.506666666666668,2026,4,24,13:00,32,13:32
33.2,alsogod,1014.9,19.48,2026-04-24 13:33:00,17.46,2026,4,24,13:00,33,13:33
33.266666666666666,alsogod,1014.9,19.473333333333333,2026-04-24 13:34:00,17.413333333333334,2026,4,24,13:00,34,13:34
33.333333333333336,alsogod,1014.9,19.466666666666665,2026-04-24 13:35:00,17.366666666666667,2026,4,24,13:00,35,13:35
33.4,alsogod,1014.9,19.46,2026-04-24 13:36:00,17.32,2026,4,24,13:00,36,13:36
33.46666666666667,alsogod,1014.9,19.453333333333333,2026-04-24 13:37:00,17.273333333333333,2026,4,24,13:00,37,13:37
33.53333333333333,alsogod,1014.9,19.446666666666665,2026-04-24 13:38:00,17.226666666666667,2026,4,24,13:00,38,13:38
33.6,alsogod,1014.9,19.44,2026-04-24 13:39:00,17.18,2026,4,24,13:00,39,13:39
33.666666666666664,alsogod,1014.9,19.433333333333334,2026-04-24 13:40:00,17.133333333333333,2026,4,24,13:00,40,13:40
33.733333333333334,alsogod,1014.9,19.426666666666662,2026-04-24 13:41:00,17.086666666666666,2026,4,24,13:00,41,13:41
33.8,alsogod,1014.9,19.42,2026-04-24 13:42:00,17.04,2026,4,24,13:00,42,13:42
33.86666666666667,alsogod,1014.9,19.41333333333333,2026-04-24 13:43:00,16.993333333333332,2026,4,24,13:00,43,13:43
33.93333333333333,alsogod,1014.9,19.406666666666663,2026-04-24 13:44:00,16.946666666666665,2026,4,24,13:00,44,13:44
34.0,alsogod,1014.9,19.4,2026-04-24 13:45:00,16.9,2026,4,24,13:00,45,13:45
34.06666666666667,alsogod,1014.9,19.386666666666667,2026-04-24 13:46:00,16.85333333333333,2026,4,24,13:00,46,13:46
34.13333333333333,alsogod,1014.9,19.37333333333333,2026-04-24 13:47:00,16.806666666666665,2026,4,24,13:00,47,13:47
34.2,alsogod,1014.9,19.36,2026-04-24 13:48:00,16.759999999999998,2026,4,24,13:00,48,13:48
34.266666666666666,alsogod,1014.9,19.346666666666664,2026-04-24 13:49:00,16.71333333333333,2026,4,24,13:00,49,13:49
34.333333333333336,alsogod,1014.9,19.33333333333333,2026-04-24 13:50:00,16.666666666666664,2026,4,24,13:00,50,13:50
34.4,alsogod,1014.9,19.32,2026-04-24 13:51:00,16.619999999999997,2026,4,24,13:00,51,13:51
34.46666666666667,alsogod,1014.9,19.306666666666665,2026-04-24 13:52:00,16.57333333333333,2026,4,24,13:00,52,13:52
34.53333333333333,alsogod,1014.9,19.293333333333333,2026-04-24 13:53:00,16.526666666666667,2026,4,24,13:00,53,13:53
34.6,alsogod,1014.9,19.28,2026-04-24 13:54:00,16.48,2026,4,24,13:00,54,13:54
34.666666666666664,alsogod,1014.9,19.266666666666666,2026-04-24 13:55:00,16.433333333333334,2026,4,24,13:00,55,13:55
34.733333333333334,alsogod,1014.9,19.25333333333333,2026-04-24 13:56:00,16.386666666666667,2026,4,24,13:00,56,13:56
34.8,alsogod,1014.9,19.24,2026-04-24 13:57:00,16.34,2026,4,24,13:00,57,13:57
34.86666666666667,alsogod,1014.9,19.226666666666667,2026-04-24 13:58:00,16.293333333333333,2026,4,24,13:00,58,13:58
34.93333333333333,alsogod,1014.9,19.21333333333333,2026-04-24 13:59:00,16.246666666666666,2026,4,24,13:00,59,13:59
35.0,alsogod,1014.9,19.2,2026-04-24 14:00:00,16.2,2026,4,24,14:00,0,14:00
35.06666666666667,alsogod,1014.9,19.186666666666667,2026-04-24 14:01:00,16.126666666666665,2026,4,24,14:00,1,14:01
35.13333333333333,alsogod,1014.9,19.17333333333333,2026-04-24 14:02:00,16.05333333333333,2026,4,24,14:00,2,14:02
35.2,alsogod,1014.9,19.16,2026-04-24 14:03:00,15.98,2026,4,24,14:00,3,14:03
35.266666666666666,alsogod,1014.9,19.146666666666665,2026-04-24 14:04:00,15.906666666666666,2026,4,24,14:00,4,14:04
35.333333333333336,alsogod,1014.9,19.133333333333333,2026-04-24 14:05:00,15.833333333333332,2026,4,24,14:00,5,14:05
35.4,alsogod,1014.9,19.12,2026-04-24 14:06:00,15.76,2026,4,24,14:00,6,14:06
35.46666666666667,alsogod,1014.9,19.106666666666666,2026-04-24 14:07:00,15.686666666666666,2026,4,24,14:00,7,14:07
35.53333333333333,alsogod,1014.9,19.093333333333334,2026-04-24 14:08:00,15.613333333333332,2026,4,24,14:00,8,14:08
35.6,alsogod,1014.9,19.08,2026-04-24 14:09:00,15.54,2026,4,24,14:00,9,14:09
35.666666666666664,alsogod,1014.9,19.066666666666663,2026-04-24 14:10:00,15.466666666666669,2026,4,24,14:00,10,14:10
35.733333333333334,alsogod,1014.9,19.05333333333333,2026-04-24 14:11:00,15.393333333333333,2026,4,24,14:00,11,14:11
35.8,alsogod,1014.9,19.04,2026-04-24 14:12:00,15.32,2026,4,24,14:00,12,14:12
35.86666666666667,alsogod,1014.9,19.026666666666667,2026-04-24 14:13:00,15.246666666666666,2026,4,24,14:00,13,14:13
35.93333333333333,alsogod,1014.9,19.01333333333333,2026-04-24 14:14:00,15.173333333333332,2026,4,24,14:00,14,14:14
36.0,alsogod,1014.9,19.0,2026-04-24 14:15:00,15.1,2026,4,24,14:00,15,14:15
36.0,alsogod,1014.9066666666666,18.986666666666668,2026-04-24 14:16:00,15.026666666666666,2026,4,24,14:00,16,14:16
36.0,alsogod,1014.9133333333332,18.973333333333333,2026-04-24 14:17:00,14.953333333333331,2026,4,24,14:00,17,14:17
36.0,alsogod,1014.92,18.96,2026-04-24 14:18:00,14.88,2026,4,24,14:00,18,14:18
36.0,alsogod,1014.9266666666666,18.946666666666665,2026-04-24 14:19:00,14.806666666666668,2026,4,24,14:00,19,14:19
36.0,alsogod,1014.9333333333332,18.933333333333334,2026-04-24 14:20:00,14.733333333333333,2026,4,24,14:00,20,14:20
36.0,alsogod,1014.94,18.92,2026-04-24 14:21:00,14.66,2026,4,24,14:00,21,14:21
36.0,alsogod,1014.9466666666666,18.906666666666663,2026-04-24 14:22:00,14.586666666666666,2026,4,24,14:00,22,14:22
36.0,alsogod,1014.9533333333334,18.89333333333333,2026-04-24 14:23:00,14.513333333333334,2026,4,24,14:00,23,14:23
36.0,alsogod,1014.96,18.88,2026-04-24 14:24:00,14.44,2026,4,24,14:00,24,14:24
36.0,alsogod,1014.9666666666668,18.866666666666667,2026-04-24 14:25:00,14.366666666666667,2026,4,24,14:00,25,14:25
36.0,alsogod,1014.9733333333334,18.85333333333333,2026-04-24 14:26:00,14.293333333333331,2026,4,24,14:00,26,14:26
36.0,alsogod,1014.98,18.84,2026-04-24 14:27:00,14.22,2026,4,24,14:00,27,14:27
36.0,alsogod,1014.9866666666668,18.826666666666668,2026-04-24 14:28:00,14.146666666666668,2026,4,24,14:00,28,14:28
36.0,alsogod,1014.9933333333332,18.813333333333333,2026-04-24 14:29:00,14.073333333333334,2026,4,24,14:00,29,14:29
36.0,alsogod,1015.0,18.8,2026-04-24 14:30:00,14.0,2026,4,24,14:00,30,14:30
36.06666666666667,alsogod,1015.0,18.78666666666667,2026-04-24 14:31:00,13.933333333333334,2026,4,24,14:00,31,14:31
36.13333333333333,alsogod,1015.0,18.773333333333333,2026-04-24 14:32:00,13.866666666666667,2026,4,24,14:00,32,14:32
36.2,alsogod,1015.0,18.76,2026-04-24 14:33:00,13.8,2026,4,24,14:00,33,14:33
36.266666666666666,alsogod,1015.0,18.746666666666663,2026-04-24 14:34:00,13.733333333333333,2026,4,24,14:00,34,14:34
36.333333333333336,alsogod,1015.0,18.73333333333333,2026-04-24 14:35:00,13.666666666666666,2026,4,24,14:00,35,14:35
36.4,alsogod,1015.0,18.72,2026-04-24 14:36:00,13.6,2026,4,24,14:00,36,14:36
36.46666666666667,alsogod,1015.0,18.706666666666667,2026-04-24 14:37:00,13.533333333333331,2026,4,24,14:00,37,14:37
36.53333333333333,alsogod,1015.0,18.69333333333333,2026-04-24 14:38:00,13.466666666666669,2026,4,24,14:00,38,14:38
36.6,alsogod,1015.0,18.68,2026-04-24 14:39:00,13.4,2026,4,24,14:00,39,14:39
36.66666666666666,alsogod,1015.0,18.666666666666668,2026-04-24 14:40:00,13.333333333333334,2026,4,24,14:00,40,14:40
36.73333333333333,alsogod,1015.0,18.653333333333336,2026-04-24 14:41:00,13.266666666666667,2026,4,24,14:00,41,14:41
36.8,alsogod,1015.0,18.64,2026-04-24 14:42:00,13.2,2026,4,24,14:00,42,14:42
36.86666666666667,alsogod,1015.0,18.62666666666667,2026-04-24 14:43:00,13.133333333333333,2026,4,24,14:00,43,14:43
36.93333333333333,alsogod,1015.0,18.613333333333333,2026-04-24 14:44:00,13.066666666666666,2026,4,24,14:00,44,14:44
37.0,alsogod,1015.0,18.6,2026-04-24 14:45:00,13.0,2026,4,24,14:00,45,14:45
37.06666666666667,alsogod,1015.0066666666668,18.58,2026-04-24 14:46:00,12.926666666666666,2026,4,24,14:00,46,14:46
37.13333333333333,alsogod,1015.0133333333332,18.56,2026-04-24 14:47:00,12.853333333333332,2026,4,24,14:00,47,14:47
37.2,alsogod,1015.02,18.540000000000003,2026-04-24 14:48:00,12.78,2026,4,24,14:00,48,14:48
37.266666666666666,alsogod,1015.0266666666666,18.52,2026-04-24 14:49:00,12.706666666666669,2026,4,24,14:00,49,14:49
37.333333333333336,alsogod,1015.0333333333332,18.5,2026-04-24 14:50:00,12.633333333333333,2026,4,24,14:00,50,14:50
37.4,alsogod,1015.04,18.48,2026-04-24 14:51:00,12.56,2026,4,24,14:00,51,14:51
37.46666666666667,alsogod,1015.0466666666666,18.46,2026-04-24 14:52:00,12.486666666666666,2026,4,24,14:00,52,14:52
37.53333333333333,alsogod,1015.0533333333334,18.44,2026-04-24 14:53:00,12.413333333333334,2026,4,24,14:00,53,14:53
37.6,alsogod,1015.06,18.42,2026-04-24 14:54:00,12.34,2026,4,24,14:00,54,14:54
37.66666666666666,alsogod,1015.0666666666668,18.4,2026-04-24 14:55:00,12.266666666666667,2026,4,24,14:00,55,14:55
37.73333333333333,alsogod,1015.0733333333334,18.380000000000003,2026-04-24 14:56:00,12.193333333333332,2026,4,24,14:00,56,14:56
37.8,alsogod,1015.08,18.36,2026-04-24 14:57:00,12.12,2026,4,24,14:00,57,14:57
37.86666666666667,alsogod,1015.0866666666668,18.34,2026-04-24 14:58:00,12.046666666666669,2026,4,24,14:00,58,14:58
37.93333333333333,alsogod,1015.0933333333334,18.32,2026-04-24 14:59:00,11.973333333333333,2026,4,24,14:00,59,14:59
38.0,alsogod,1015.1,18.3,2026-04-24 15:00:00,11.9,2026,4,24,15:00,0,15:00
38.06666666666667,alsogod,1015.1066666666668,18.28,2026-04-24 15:01:00,11.8,2026,4,24,15:00,1,15:01
38.13333333333333,alsogod,1015.1133333333332,18.26,2026-04-24 15:02:00,11.7,2026,4,24,15:00,2,15:02
38.2,alsogod,1015.12,18.24,2026-04-24 15:03:00,11.6,2026,4,24,15:00,3,15:03
38.266666666666666,alsogod,1015.1266666666668,18.22,2026-04-24 15:04:00,11.5,2026,4,24,15:00,4,15:04
38.333333333333336,alsogod,1015.1333333333332,18.2,2026-04-24 15:05:00,11.4,2026,4,24,15:00,5,15:05
38.4,alsogod,1015.14,18.18,2026-04-24 15:06:00,11.3,2026,4,24,15:00,6,15:06
38.46666666666667,alsogod,1015.1466666666666,18.16,2026-04-24 15:07:00,11.2,2026,4,24,15:00,7,15:07
38.53333333333333,alsogod,1015.1533333333334,18.14,2026-04-24 15:08:00,11.1,2026,4,24,15:00,8,15:08
38.6,alsogod,1015.16,18.12,2026-04-24 15:09:00,11.0,2026,4,24,15:00,9,15:09
38.66666666666666,alsogod,1015.1666666666669,18.1,2026-04-24 15:10:00,10.9,2026,4,24,15:00,10,15:10
38.73333333333333,alsogod,1015.1733333333334,18.08,2026-04-24 15:11:00,10.8,2026,4,24,15:00,11,15:11
38.8,alsogod,1015.18,18.06,2026-04-24 15:12:00,10.7,2026,4,24,15:00,12,15:12
38.86666666666667,alsogod,1015.1866666666668,18.04,2026-04-24 15:13:00,10.6,2026,4,24,15:00,13,15:13
38.93333333333333,alsogod,1015.1933333333334,18.02,2026-04-24 15:14:00,10.5,2026,4,24,15:00,14,15:14
39.0,alsogod,1015.2,18.0,2026-04-24 15:15:00,10.4,2026,4,24,15:00,15,15:15
39.13333333333333,alsogod,1015.2133333333334,17.973333333333333,2026-04-24 15:16:00,10.333333333333334,2026,4,24,15:00,16,15:16
39.266666666666666,alsogod,1015.2266666666668,17.946666666666665,2026-04-24 15:17:00,10.266666666666667,2026,4,24,15:00,17,15:17
39.4,alsogod,1015.24,17.92,2026-04-24 15:18:00,10.2,2026,4,24,15:00,18,15:18
39.53333333333333,alsogod,1015.2533333333332,17.893333333333334,2026-04-24 15:19:00,10.133333333333333,2026,4,24,15:00,19,15:19
39.66666666666666,alsogod,1015.2666666666668,17.866666666666667,2026-04-24 15:20:00,10.066666666666666,2026,4,24,15:00,20,15:20
39.8,alsogod,1015.28,17.84,2026-04-24 15:21:00,10.0,2026,4,24,15:00,21,15:21
39.93333333333333,alsogod,1015.2933333333332,17.813333333333333,2026-04-24 15:22:00,9.933333333333334,2026,4,24,15:00,22,15:22
40.06666666666667,alsogod,1015.3066666666668,17.78666666666667,2026-04-24 15:23:00,9.866666666666667,2026,4,24,15:00,23,15:23
40.2,alsogod,1015.32,17.76,2026-04-24 15:24:00,9.8,2026,4,24,15:00,24,15:24
40.333333333333336,alsogod,1015.3333333333334,17.733333333333334,2026-04-24 15:25:00,9.733333333333334,2026,4,24,15:00,25,15:25
40.46666666666667,alsogod,1015.3466666666668,17.706666666666667,2026-04-24 15:26:00,9.666666666666668,2026,4,24,15:00,26,15:26
40.6,alsogod,1015.36,17.68,2026-04-24 15:27:00,9.6,2026,4,24,15:00,27,15:27
40.73333333333333,alsogod,1015.3733333333332,17.653333333333336,2026-04-24 15:28:00,9.533333333333331,2026,4,24,15:00,28,15:28
40.86666666666667,alsogod,1015.3866666666668,17.62666666666667,2026-04-24 15:29:00,9.466666666666669,2026,4,24,15:00,29,15:29
41.0,alsogod,1015.4,17.6,2026-04-24 15:30:00,9.4,2026,4,24,15:00,30,15:30
41.06666666666667,alsogod,1015.4066666666666,17.573333333333334,2026-04-24 15:31:00,9.3,2026,4,24,15:00,31,15:31
41.13333333333333,alsogod,1015.4133333333332,17.546666666666667,2026-04-24 15:32:00,9.2,2026,4,24,15:00,32,15:32
41.2,alsogod,1015.42,17.52,2026-04-24 15:33:00,9.1,2026,4,24,15:00,33,15:33
41.266666666666666,alsogod,1015.4266666666666,17.493333333333336,2026-04-24 15:34:00,9.0,2026,4,24,15:00,34,15:34
41.333333333333336,alsogod,1015.4333333333332,17.46666666666667,2026-04-24 15:35:00,8.9,2026,4,24,15:00,35,15:35
41.4,alsogod,1015.44,17.44,2026-04-24 15:36:00,8.8,2026,4,24,15:00,36,15:36
41.46666666666667,alsogod,1015.4466666666666,17.413333333333334,2026-04-24 15:37:00,8.700000000000001,2026,4,24,15:00,37,15:37
41.53333333333333,alsogod,1015.4533333333334,17.386666666666667,2026-04-24 15:38:00,8.6,2026,4,24,15:00,38,15:38
41.6,alsogod,1015.46,17.36,2026-04-24 15:39:00,8.5,2026,4,24,15:00,39,15:39
41.66666666666666,alsogod,1015.4666666666668,17.333333333333332,2026-04-24 15:40:00,8.4,2026,4,24,15:00,40,15:40
41.73333333333333,alsogod,1015.4733333333334,17.306666666666665,2026-04-24 15:41:00,8.3,2026,4,24,15:00,41,15:41
41.8,alsogod,1015.48,17.28,2026-04-24 15:42:00,8.2,2026,4,24,15:00,42,15:42
41.86666666666667,alsogod,1015.4866666666668,17.253333333333334,2026-04-24 15:43:00,8.1,2026,4,24,15:00,43,15:43
41.93333333333333,alsogod,1015.4933333333332,17.226666666666667,2026-04-24 15:44:00,8.0,2026,4,24,15:00,44,15:44
42.0,alsogod,1015.5,17.2,2026-04-24 15:45:00,7.9,2026,4,24,15:00,45,15:45
42.13333333333333,alsogod,1015.5133333333332,17.166666666666664,2026-04-24 15:46:00,7.853333333333333,2026,4,24,15:00,46,15:46
42.266666666666666,alsogod,1015.5266666666666,17.133333333333333,2026-04-24 15:47:00,7.806666666666667,2026,4,24,15:00,47,15:47
42.4,alsogod,1015.54,17.099999999999998,2026-04-24 15:48:00,7.760000000000001,2026,4,24,15:00,48,15:48
42.53333333333333,alsogod,1015.5533333333334,17.066666666666666,2026-04-24 15:49:00,7.713333333333334,2026,4,24,15:00,49,15:49
42.66666666666666,alsogod,1015.5666666666668,17.03333333333333,2026-04-24 15:50:00,7.666666666666667,2026,4,24,15:00,50,15:50
42.8,alsogod,1015.58,17.0,2026-04-24 15:51:00,7.62,2026,4,24,15:00,51,15:51
42.93333333333333,alsogod,1015.5933333333334,16.966666666666665,2026-04-24 15:52:00,7.573333333333333,2026,4,24,15:00,52,15:52
43.06666666666667,alsogod,1015.6066666666668,16.933333333333334,2026-04-24 15:53:00,7.526666666666667,2026,4,24,15:00,53,15:53
43.2,alsogod,1015.62,16.9,2026-04-24 15:54:00,7.48,2026,4,24,15:00,54,15:54
43.333333333333336,alsogod,1015.6333333333332,16.866666666666667,2026-04-24 15:55:00,7.433333333333334,2026,4,24,15:00,55,15:55
43.46666666666667,alsogod,1015.6466666666666,16.833333333333332,2026-04-24 15:56:00,7.386666666666667,2026,4,24,15:00,56,15:56
43.6,alsogod,1015.66,16.8,2026-04-24 15:57:00,7.34,2026,4,24,15:00,57,15:57
43.73333333333333,alsogod,1015.6733333333334,16.766666666666666,2026-04-24 15:58:00,7.293333333333334,2026,4,24,15:00,58,15:58
43.86666666666667,alsogod,1015.6866666666668,16.733333333333334,2026-04-24 15:59:00,7.246666666666667,2026,4,24,15:00,59,15:59
44.0,alsogod,1015.7,16.7,2026-04-24 16:00:00,7.2,2026,4,24,16:00,0,16:00
44.06666666666667,alsogod,1015.7133333333334,16.673333333333332,2026-04-24 16:01:00,7.2,2026,4,24,16:00,1,16:01
44.13333333333333,alsogod,1015.7266666666668,16.646666666666665,2026-04-24 16:02:00,7.2,2026,4,24,16:00,2,16:02
44.2,alsogod,1015.74,16.62,2026-04-24 16:03:00,7.2,2026,4,24,16:00,3,16:03
44.266666666666666,alsogod,1015.7533333333332,16.593333333333334,2026-04-24 16:04:00,7.2,2026,4,24,16:00,4,16:04
44.333333333333336,alsogod,1015.7666666666668,16.566666666666666,2026-04-24 16:05:00,7.2,2026,4,24,16:00,5,16:05
44.4,alsogod,1015.78,16.54,2026-04-24 16:06:00,7.2,2026,4,24,16:00,6,16:06
44.46666666666667,alsogod,1015.7933333333332,16.513333333333332,2026-04-24 16:07:00,7.2,2026,4,24,16:00,7,16:07
44.53333333333333,alsogod,1015.8066666666668,16.486666666666668,2026-04-24 16:08:00,7.2,2026,4,24,16:00,8,16:08
44.6,alsogod,1015.82,16.46,2026-04-24 16:09:00,7.2,2026,4,24,16:00,9,16:09
44.66666666666666,alsogod,1015.8333333333334,16.433333333333334,2026-04-24 16:10:00,7.2,2026,4,24,16:00,10,16:10
44.73333333333333,alsogod,1015.8466666666668,16.406666666666666,2026-04-24 16:11:00,7.2,2026,4,24,16:00,11,16:11
44.8,alsogod,1015.86,16.38,2026-04-24 16:12:00,7.2,2026,4,24,16:00,12,16:12
44.86666666666667,alsogod,1015.8733333333332,16.353333333333335,2026-04-24 16:13:00,7.2,2026,4,24,16:00,13,16:13
44.93333333333333,alsogod,1015.8866666666668,16.326666666666668,2026-04-24 16:14:00,7.2,2026,4,24,16:00,14,16:14
45.0,alsogod,1015.9,16.3,2026-04-24 16:15:00,7.2,2026,4,24,16:00,15,16:15
45.13333333333333,alsogod,1015.9133333333332,16.266666666666666,2026-04-24 16:16:00,7.226666666666667,2026,4,24,16:00,16,16:16
45.266666666666666,alsogod,1015.9266666666666,16.233333333333334,2026-04-24 16:17:00,7.253333333333334,2026,4,24,16:00,17,16:17
45.4,alsogod,1015.94,16.2,2026-04-24 16:18:00,7.28,2026,4,24,16:00,18,16:18
45.53333333333333,alsogod,1015.9533333333334,16.166666666666668,2026-04-24 16:19:00,7.306666666666667,2026,4,24,16:00,19,16:19
45.66666666666666,alsogod,1015.9666666666668,16.133333333333333,2026-04-24 16:20:00,7.333333333333333,2026,4,24,16:00,20,16:20
45.8,alsogod,1015.98,16.1,2026-04-24 16:21:00,7.36,2026,4,24,16:00,21,16:21
45.93333333333333,alsogod,1015.9933333333332,16.066666666666666,2026-04-24 16:22:00,7.386666666666667,2026,4,24,16:00,22,16:22
46.06666666666667,alsogod,1016.0066666666668,16.033333333333335,2026-04-24 16:23:00,7.413333333333333,2026,4,24,16:00,23,16:23
46.2,alsogod,1016.02,16.0,2026-04-24 16:24:00,7.439999999999999,2026,4,24,16:00,24,16:24
46.333333333333336,alsogod,1016.0333333333332,15.966666666666669,2026-04-24 16:25:00,7.466666666666667,2026,4,24,16:00,25,16:25
46.46666666666667,alsogod,1016.0466666666666,15.933333333333334,2026-04-24 16:26:00,7.493333333333333,2026,4,24,16:00,26,16:26
46.6,alsogod,1016.06,15.9,2026-04-24 16:27:00,7.52,2026,4,24,16:00,27,16:27
46.73333333333333,alsogod,1016.0733333333334,15.866666666666667,2026-04-24 16:28:00,7.546666666666667,2026,4,24,16:00,28,16:28
46.86666666666667,alsogod,1016.0866666666668,15.833333333333334,2026-04-24 16:29:00,7.573333333333333,2026,4,24,16:00,29,16:29
47.0,alsogod,1016.1,15.8,2026-04-24 16:30:00,7.6,2026,4,24,16:00,30,16:30
47.06666666666667,alsogod,1016.1133333333332,15.766666666666667,2026-04-24 16:31:00,7.62,2026,4,24,16:00,31,16:31
47.13333333333333,alsogod,1016.1266666666668,15.733333333333334,2026-04-24 16:32:00,7.64,2026,4,24,16:00,32,16:32
47.2,alsogod,1016.14,15.7,2026-04-24 16:33:00,7.66,2026,4,24,16:00,33,16:33
47.266666666666666,alsogod,1016.1533333333332,15.666666666666668,2026-04-24 16:34:00,7.68,2026,4,24,16:00,34,16:34
47.333333333333336,alsogod,1016.1666666666666,15.633333333333336,2026-04-24 16:35:00,7.7,2026,4,24,16:00,35,16:35
47.4,alsogod,1016.18,15.6,2026-04-24 16:36:00,7.72,2026,4,24,16:00,36,16:36
47.46666666666667,alsogod,1016.1933333333332,15.566666666666668,2026-04-24 16:37:00,7.74,2026,4,24,16:00,37,16:37
47.53333333333333,alsogod,1016.2066666666668,15.533333333333331,2026-04-24 16:38:00,7.76,2026,4,24,16:00,38,16:38
47.6,alsogod,1016.22,15.5,2026-04-24 16:39:00,7.78,2026,4,24,16:00,39,16:39
47.66666666666666,alsogod,1016.2333333333332,15.466666666666669,2026-04-24 16:40:00,7.8,2026,4,24,16:00,40,16:40
47.73333333333333,alsogod,1016.2466666666668,15.433333333333334,2026-04-24 16:41:00,7.82,2026,4,24,16:00,41,16:41
47.8,alsogod,1016.26,15.4,2026-04-24 16:42:00,7.84,2026,4,24,16:00,42,16:42
47.86666666666667,alsogod,1016.2733333333332,15.366666666666667,2026-04-24 16:43:00,7.86,2026,4,24,16:00,43,16:43
47.93333333333333,alsogod,1016.2866666666666,15.333333333333334,2026-04-24 16:44:00,7.880000000000001,2026,4,24,16:00,44,16:44
48.0,alsogod,1016.3,15.3,2026-04-24 16:45:00,7.9,2026,4,24,16:00,45,16:45
48.13333333333333,alsogod,1016.3066666666666,15.273333333333332,2026-04-24 16:46:00,7.9,2026,4,24,16:00,46,16:46
48.266666666666666,alsogod,1016.3133333333332,15.246666666666668,2026-04-24 16:47:00,7.9,2026,4,24,16:00,47,16:47
48.4,alsogod,1016.32,15.22,2026-04-24 16:48:00,7.9,2026,4,24,16:00,48,16:48
48.53333333333333,alsogod,1016.3266666666666,15.193333333333332,2026-04-24 16:49:00,7.9,2026,4,24,16:00,49,16:49
48.66666666666666,alsogod,1016.3333333333331,15.166666666666668,2026-04-24 16:50:00,7.9,2026,4,24,16:00,50,16:50
48.8,alsogod,1016.34,15.14,2026-04-24 16:51:00,7.9,2026,4,24,16:00,51,16:51
48.93333333333333,alsogod,1016.3466666666666,15.113333333333332,2026-04-24 16:52:00,7.9,2026,4,24,16:00,52,16:52
49.06666666666667,alsogod,1016.3533333333334,15.086666666666668,2026-04-24 16:53:00,7.9,2026,4,24,16:00,53,16:53
49.2,alsogod,1016.36,15.06,2026-04-24 16:54:00,7.9,2026,4,24,16:00,54,16:54
49.333333333333336,alsogod,1016.3666666666668,15.033333333333331,2026-04-24 16:55:00,7.9,2026,4,24,16:00,55,16:55
49.46666666666667,alsogod,1016.3733333333332,15.006666666666668,2026-04-24 16:56:00,7.9,2026,4,24,16:00,56,16:56
49.6,alsogod,1016.38,14.98,2026-04-24 16:57:00,7.9,2026,4,24,16:00,57,16:57
49.73333333333333,alsogod,1016.3866666666668,14.953333333333331,2026-04-24 16:58:00,7.9,2026,4,24,16:00,58,16:58
49.86666666666667,alsogod,1016.3933333333332,14.926666666666668,2026-04-24 16:59:00,7.9,2026,4,24,16:00,59,16:59
50.0,alsogod,1016.4,14.9,2026-04-24 17:00:00,7.9,2026,4,24,17:00,0,17:00
50.13333333333333,alsogod,1016.4066666666666,14.866666666666667,2026-04-24 17:01:00,7.853333333333333,2026,4,24,17:00,1,17:01
50.266666666666666,alsogod,1016.4133333333332,14.833333333333334,2026-04-24 17:02:00,7.806666666666667,2026,4,24,17:00,2,17:02
50.4,alsogod,1016.42,14.8,2026-04-24 17:03:00,7.760000000000001,2026,4,24,17:00,3,17:03
50.53333333333333,alsogod,1016.4266666666666,14.766666666666667,2026-04-24 17:04:00,7.713333333333334,2026,4,24,17:00,4,17:04
50.66666666666666,alsogod,1016.4333333333332,14.733333333333334,2026-04-24 17:05:00,7.666666666666667,2026,4,24,17:00,5,17:05
50.8,alsogod,1016.44,14.7,2026-04-24 17:06:00,7.62,2026,4,24,17:00,6,17:06
50.93333333333333,alsogod,1016.4466666666666,14.666666666666668,2026-04-24 17:07:00,7.573333333333333,2026,4,24,17:00,7,17:07
51.06666666666667,alsogod,1016.4533333333334,14.633333333333333,2026-04-24 17:08:00,7.526666666666667,2026,4,24,17:00,8,17:08
51.2,alsogod,1016.46,14.6,2026-04-24 17:09:00,7.48,2026,4,24,17:00,9,17:09
51.333333333333336,alsogod,1016.4666666666668,14.566666666666666,2026-04-24 17:10:00,7.433333333333334,2026,4,24,17:00,10,17:10
51.46666666666667,alsogod,1016.4733333333334,14.533333333333331,2026-04-24 17:11:00,7.386666666666667,2026,4,24,17:00,11,17:11
51.6,alsogod,1016.48,14.5,2026-04-24 17:12:00,7.34,2026,4,24,17:00,12,17:12
51.73333333333333,alsogod,1016.4866666666668,14.466666666666669,2026-04-24 17:13:00,7.293333333333334,2026,4,24,17:00,13,17:13
51.86666666666667,alsogod,1016.4933333333332,14.433333333333334,2026-04-24 17:14:00,7.246666666666667,2026,4,24,17:00,14,17:14
52.0,alsogod,1016.5,14.4,2026-04-24 17:15:00,7.2,2026,4,24,17:00,15,17:15
52.13333333333333,alsogod,1016.5066666666668,14.366666666666667,2026-04-24 17:16:00,7.126666666666667,2026,4,24,17:00,16,17:16
52.266666666666666,alsogod,1016.5133333333332,14.333333333333334,2026-04-24 17:17:00,7.053333333333334,2026,4,24,17:00,17,17:17
52.4,alsogod,1016.52,14.3,2026-04-24 17:18:00,6.98,2026,4,24,17:00,18,17:18
52.53333333333333,alsogod,1016.5266666666666,14.266666666666667,2026-04-24 17:19:00,6.906666666666666,2026,4,24,17:00,19,17:19
52.66666666666666,alsogod,1016.5333333333332,14.233333333333334,2026-04-24 17:20:00,6.833333333333333,2026,4,24,17:00,20,17:20
52.8,alsogod,1016.54,14.2,2026-04-24 17:21:00,6.76,2026,4,24,17:00,21,17:21
52.93333333333333,alsogod,1016.5466666666666,14.166666666666668,2026-04-24 17:22:00,6.6866666666666665,2026,4,24,17:00,22,17:22
53.06666666666667,alsogod,1016.5533333333334,14.133333333333333,2026-04-24 17:23:00,6.613333333333333,2026,4,24,17:00,23,17:23
53.2,alsogod,1016.56,14.1,2026-04-24 17:24:00,6.54,2026,4,24,17:00,24,17:24
53.333333333333336,alsogod,1016.5666666666668,14.066666666666666,2026-04-24 17:25:00,6.466666666666667,2026,4,24,17:00,25,17:25
53.46666666666667,alsogod,1016.5733333333334,14.033333333333331,2026-04-24 17:26:00,6.3933333333333335,2026,4,24,17:00,26,17:26
53.6,alsogod,1016.58,14.0,2026-04-24 17:27:00,6.319999999999999,2026,4,24,17:00,27,17:27
53.73333333333333,alsogod,1016.5866666666668,13.966666666666669,2026-04-24 17:28:00,6.246666666666666,2026,4,24,17:00,28,17:28
53.86666666666667,alsogod,1016.5933333333334,13.933333333333334,2026-04-24 17:29:00,6.173333333333333,2026,4,24,17:00,29,17:29
54.0,alsogod,1016.6,13.9,2026-04-24 17:30:00,6.1,2026,4,24,17:00,30,17:30
54.13333333333333,alsogod,1016.6066666666668,13.873333333333331,2026-04-24 17:31:00,6.026666666666666,2026,4,24,17:00,31,17:31
54.266666666666666,alsogod,1016.6133333333332,13.846666666666668,2026-04-24 17:32:00,5.953333333333333,2026,4,24,17:00,32,17:32
54.4,alsogod,1016.62,13.82,2026-04-24 17:33:00,5.88,2026,4,24,17:00,33,17:33
54.53333333333333,alsogod,1016.6266666666668,13.793333333333331,2026-04-24 17:34:00,5.806666666666667,2026,4,24,17:00,34,17:34
54.66666666666666,alsogod,1016.6333333333332,13.766666666666667,2026-04-24 17:35:00,5.733333333333333,2026,4,24,17:00,35,17:35
54.8,alsogod,1016.64,13.74,2026-04-24 17:36:00,5.66,2026,4,24,17:00,36,17:36
54.93333333333333,alsogod,1016.6466666666666,13.713333333333331,2026-04-24 17:37:00,5.586666666666666,2026,4,24,17:00,37,17:37
55.06666666666667,alsogod,1016.6533333333334,13.686666666666667,2026-04-24 17:38:00,5.513333333333334,2026,4,24,17:00,38,17:38
55.2,alsogod,1016.66,13.66,2026-04-24 17:39:00,5.44,2026,4,24,17:00,39,17:39
55.333333333333336,alsogod,1016.6666666666669,13.633333333333333,2026-04-24 17:40:00,5.366666666666666,2026,4,24,17:00,40,17:40
55.46666666666667,alsogod,1016.6733333333334,13.606666666666667,2026-04-24 17:41:00,5.293333333333333,2026,4,24,17:00,41,17:41
55.6,alsogod,1016.68,13.58,2026-04-24 17:42:00,5.22,2026,4,24,17:00,42,17:42
55.73333333333333,alsogod,1016.6866666666668,13.553333333333333,2026-04-24 17:43:00,5.1466666666666665,2026,4,24,17:00,43,17:43
55.86666666666667,alsogod,1016.6933333333334,13.526666666666667,2026-04-24 17:44:00,5.073333333333333,2026,4,24,17:00,44,17:44
56.0,alsogod,1016.7,13.5,2026-04-24 17:45:00,5.0,2026,4,24,17:00,45,17:45
56.06666666666667,alsogod,1016.7,13.486666666666666,2026-04-24 17:46:00,4.98,2026,4,24,17:00,46,17:46
56.13333333333333,alsogod,1016.7,13.473333333333333,2026-04-24 17:47:00,4.96,2026,4,24,17:00,47,17:47
56.2,alsogod,1016.7,13.46,2026-04-24 17:48:00,4.94,2026,4,24,17:00,48,17:48
56.266666666666666,alsogod,1016.7,13.446666666666667,2026-04-24 17:49:00,4.92,2026,4,24,17:00,49,17:49
56.333333333333336,alsogod,1016.7,13.433333333333334,2026-04-24 17:50:00,4.9,2026,4,24,17:00,50,17:50
56.4,alsogod,1016.7,13.42,2026-04-24 17:51:00,4.88,2026,4,24,17:00,51,17:51
56.46666666666667,alsogod,1016.7,13.406666666666666,2026-04-24 17:52:00,4.86,2026,4,24,17:00,52,17:52
56.53333333333333,alsogod,1016.7,13.393333333333334,2026-04-24 17:53:00,4.84,2026,4,24,17:00,53,17:53
56.6,alsogod,1016.7,13.38,2026-04-24 17:54:00,4.82,2026,4,24,17:00,54,17:54
56.66666666666666,alsogod,1016.7,13.366666666666667,2026-04-24 17:55:00,4.8,2026,4,24,17:00,55,17:55
56.73333333333333,alsogod,1016.7,13.353333333333332,2026-04-24 17:56:00,4.78,2026,4,24,17:00,56,17:56
56.8,alsogod,1016.7,13.34,2026-04-24 17:57:00,4.76,2026,4,24,17:00,57,17:57
56.86666666666667,alsogod,1016.7,13.326666666666668,2026-04-24 17:58:00,4.74,2026,4,24,17:00,58,17:58
56.93333333333333,alsogod,1016.7,13.313333333333334,2026-04-24 17:59:00,4.72,2026,4,24,17:00,59,17:59
57.0,alsogod,1016.7,13.3,2026-04-24 18:00:00,4.7,2026,4,24,18:00,0,18:00
57.2,alsogod,1016.68,13.24,2026-04-24 18:01:00,4.693333333333333,2026,4,24,18:00,1,18:01
57.4,alsogod,1016.66,13.18,2026-04-24 18:02:00,4.6866666666666665,2026,4,24,18:00,2,18:02
57.6,alsogod,1016.64,13.12,2026-04-24 18:03:00,4.68,2026,4,24,18:00,3,18:03
57.8,alsogod,1016.62,13.06,2026-04-24 18:04:00,4.673333333333334,2026,4,24,18:00,4,18:04
58.0,alsogod,1016.6,13.0,2026-04-24 18:05:00,4.666666666666667,2026,4,24,18:00,5,18:05
58.2,alsogod,1016.58,12.94,2026-04-24 18:06:00,4.66,2026,4,24,18:00,6,18:06
58.4,alsogod,1016.56,12.88,2026-04-24 18:07:00,4.653333333333333,2026,4,24,18:00,7,18:07
58.6,alsogod,1016.54,12.82,2026-04-24 18:08:00,4.6466666666666665,2026,4,24,18:00,8,18:08
58.8,alsogod,1016.52,12.76,2026-04-24 18:09:00,4.64,2026,4,24,18:00,9,18:09
59.0,alsogod,1016.5,12.7,2026-04-24 18:10:00,4.633333333333333,2026,4,24,18:00,10,18:10
59.2,alsogod,1016.48,12.64,2026-04-24 18:11:00,4.626666666666666,2026,4,24,18:00,11,18:11
59.4,alsogod,1016.46,12.58,2026-04-24 18:12:00,4.62,2026,4,24,18:00,12,18:12
59.6,alsogod,1016.44,12.52,2026-04-24 18:13:00,4.613333333333333,2026,4,24,18:00,13,18:13
59.8,alsogod,1016.42,12.46,2026-04-24 18:14:00,4.6066666666666665,2026,4,24,18:00,14,18:14
60.0,alsogod,1016.4,12.4,2026-04-24 18:15:00,4.6,2026,4,24,18:00,15,18:15
60.266666666666666,alsogod,1016.3733333333332,12.34,2026-04-24 18:16:00,4.62,2026,4,24,18:00,16,18:16
60.53333333333333,alsogod,1016.3466666666668,12.28,2026-04-24 18:17:00,4.64,2026,4,24,18:00,17,18:17
60.8,alsogod,1016.32,12.22,2026-04-24 18:18:00,4.66,2026,4,24,18:00,18,18:18
61.06666666666667,alsogod,1016.2933333333332,12.16,2026-04-24 18:19:00,4.68,2026,4,24,18:00,19,18:19
61.333333333333336,alsogod,1016.2666666666668,12.1,2026-04-24 18:20:00,4.7,2026,4,24,18:00,20,18:20
61.6,alsogod,1016.24,12.04,2026-04-24 18:21:00,4.72,2026,4,24,18:00,21,18:21
61.86666666666667,alsogod,1016.2133333333334,11.98,2026-04-24 18:22:00,4.74,2026,4,24,18:00,22,18:22
62.13333333333333,alsogod,1016.1866666666666,11.92,2026-04-24 18:23:00,4.76,2026,4,24,18:00,23,18:23
62.4,alsogod,1016.16,11.86,2026-04-24 18:24:00,4.78,2026,4,24,18:00,24,18:24
62.66666666666666,alsogod,1016.1333333333332,11.8,2026-04-24 18:25:00,4.8,2026,4,24,18:00,25,18:25
62.93333333333333,alsogod,1016.1066666666668,11.74,2026-04-24 18:26:00,4.82,2026,4,24,18:00,26,18:26
63.2,alsogod,1016.08,11.68,2026-04-24 18:27:00,4.84,2026,4,24,18:00,27,18:27
63.46666666666667,alsogod,1016.0533333333332,11.62,2026-04-24 18:28:00,4.86,2026,4,24,18:00,28,18:28
63.73333333333333,alsogod,1016.0266666666666,11.56,2026-04-24 18:29:00,4.880000000000001,2026,4,24,18:00,29,18:29
64.0,alsogod,1016.0,11.5,2026-04-24 18:30:00,4.9,2026,4,24,18:00,30,18:30
64.33333333333333,alsogod,1015.98,11.426666666666666,2026-04-24 18:31:00,4.913333333333334,2026,4,24,18:00,31,18:31
64.66666666666667,alsogod,1015.96,11.353333333333332,2026-04-24 18:32:00,4.926666666666667,2026,4,24,18:00,32,18:32
65.0,alsogod,1015.94,11.28,2026-04-24 18:33:00,4.94,2026,4,24,18:00,33,18:33
65.33333333333333,alsogod,1015.92,11.206666666666669,2026-04-24 18:34:00,4.953333333333333,2026,4,24,18:00,34,18:34
65.66666666666667,alsogod,1015.9,11.133333333333333,2026-04-24 18:35:00,4.966666666666667,2026,4,24,18:00,35,18:35
66.0,alsogod,1015.88,11.06,2026-04-24 18:36:00,4.98,2026,4,24,18:00,36,18:36
66.33333333333333,alsogod,1015.86,10.986666666666666,2026-04-24 18:37:00,4.993333333333333,2026,4,24,18:00,37,18:37
66.66666666666667,alsogod,1015.84,10.913333333333334,2026-04-24 18:38:00,5.006666666666667,2026,4,24,18:00,38,18:38
67.0,alsogod,1015.82,10.84,2026-04-24 18:39:00,5.02,2026,4,24,18:00,39,18:39
67.33333333333333,alsogod,1015.8,10.766666666666667,2026-04-24 18:40:00,5.033333333333333,2026,4,24,18:00,40,18:40
67.66666666666667,alsogod,1015.78,10.693333333333332,2026-04-24 18:41:00,5.046666666666667,2026,4,24,18:00,41,18:41
68.0,alsogod,1015.76,10.62,2026-04-24 18:42:00,5.06,2026,4,24,18:00,42,18:42
68.33333333333333,alsogod,1015.74,10.546666666666669,2026-04-24 18:43:00,5.073333333333333,2026,4,24,18:00,43,18:43
68.66666666666667,alsogod,1015.72,10.473333333333333,2026-04-24 18:44:00,5.086666666666666,2026,4,24,18:00,44,18:44
69.0,alsogod,1015.7,10.4,2026-04-24 18:45:00,5.1,2026,4,24,18:00,45,18:45
69.33333333333333,alsogod,1015.68,10.32,2026-04-24 18:46:00,5.086666666666666,2026,4,24,18:00,46,18:46
69.66666666666667,alsogod,1015.66,10.24,2026-04-24 18:47:00,5.073333333333333,2026,4,24,18:00,47,18:47
70.0,alsogod,1015.64,10.16,2026-04-24 18:48:00,5.06,2026,4,24,18:00,48,18:48
70.33333333333333,alsogod,1015.62,10.08,2026-04-24 18:49:00,5.046666666666667,2026,4,24,18:00,49,18:49
70.66666666666667,alsogod,1015.6,10.0,2026-04-24 18:50:00,5.033333333333333,2026,4,24,18:00,50,18:50
71.0,alsogod,1015.58,9.92,2026-04-24 18:51:00,5.02,2026,4,24,18:00,51,18:51
71.33333333333333,alsogod,1015.56,9.84,2026-04-24 18:52:00,5.006666666666667,2026,4,24,18:00,52,18:52
71.66666666666667,alsogod,1015.54,9.76,2026-04-24 18:53:00,4.993333333333333,2026,4,24,18:00,53,18:53
72.0,alsogod,1015.52,9.68,2026-04-24 18:54:00,4.98,2026,4,24,18:00,54,18:54
72.33333333333333,alsogod,1015.5,9.6,2026-04-24 18:55:00,4.966666666666667,2026,4,24,18:00,55,18:55
72.66666666666667,alsogod,1015.48,9.52,2026-04-24 18:56:00,4.953333333333333,2026,4,24,18:00,56,18:56
73.0,alsogod,1015.46,9.44,2026-04-24 18:57:00,4.94,2026,4,24,18:00,57,18:57
73.33333333333333,alsogod,1015.44,9.36,2026-04-24 18:58:00,4.926666666666667,2026,4,24,18:00,58,18:58
73.66666666666667,alsogod,1015.42,9.28,2026-04-24 18:59:00,4.913333333333334,2026,4,24,18:00,59,18:59
74.0,alsogod,1015.4,9.2,2026-04-24 19:00:00,4.9,2026,4,24,19:00,0,19:00
74.13333333333334,alsogod,1015.4066666666666,9.18,2026-04-24 19:01:00,4.88,2026,4,24,19:00,1,19:01
74.26666666666667,alsogod,1015.4133333333332,9.16,2026-04-24 19:02:00,4.86,2026,4,24,19:00,2,19:02
74.4,alsogod,1015.42,9.14,2026-04-24 19:03:00,4.84,2026,4,24,19:00,3,19:03
74.53333333333333,alsogod,1015.4266666666666,9.12,2026-04-24 19:04:00,4.82,2026,4,24,19:00,4,19:04
74.66666666666667,alsogod,1015.4333333333332,9.1,2026-04-24 19:05:00,4.8,2026,4,24,19:00,5,19:05
74.8,alsogod,1015.44,9.08,2026-04-24 19:06:00,4.78,2026,4,24,19:00,6,19:06
74.93333333333334,alsogod,1015.4466666666666,9.06,2026-04-24 19:07:00,4.76,2026,4,24,19:00,7,19:07
75.06666666666666,alsogod,1015.4533333333334,9.04,2026-04-24 19:08:00,4.74,2026,4,24,19:00,8,19:08
75.2,alsogod,1015.46,9.02,2026-04-24 19:09:00,4.72,2026,4,24,19:00,9,19:09
75.33333333333333,alsogod,1015.4666666666668,9.0,2026-04-24 19:10:00,4.7,2026,4,24,19:00,10,19:10
75.46666666666667,alsogod,1015.4733333333334,8.98,2026-04-24 19:11:00,4.68,2026,4,24,19:00,11,19:11
75.6,alsogod,1015.48,8.96,2026-04-24 19:12:00,4.66,2026,4,24,19:00,12,19:12
75.73333333333333,alsogod,1015.4866666666668,8.94,2026-04-24 19:13:00,4.64,2026,4,24,19:00,13,19:13
75.86666666666666,alsogod,1015.4933333333332,8.92,2026-04-24 19:14:00,4.619999999999999,2026,4,24,19:00,14,19:14
76.0,alsogod,1015.5,8.9,2026-04-24 19:15:00,4.6,2026,4,24,19:00,15,19:15
76.13333333333334,alsogod,1015.5,8.886666666666667,2026-04-24 19:16:00,4.573333333333333,2026,4,24,19:00,16,19:16
76.26666666666667,alsogod,1015.5,8.873333333333333,2026-04-24 19:17:00,4.546666666666666,2026,4,24,19:00,17,19:17
76.4,alsogod,1015.5,8.86,2026-04-24 19:18:00,4.52,2026,4,24,19:00,18,19:18
76.53333333333333,alsogod,1015.5,8.846666666666668,2026-04-24 19:19:00,4.493333333333333,2026,4,24,19:00,19,19:19
76.66666666666667,alsogod,1015.5,8.833333333333334,2026-04-24 19:20:00,4.466666666666667,2026,4,24,19:00,20,19:20
76.8,alsogod,1015.5,8.82,2026-04-24 19:21:00,4.44,2026,4,24,19:00,21,19:21
76.93333333333334,alsogod,1015.5,8.806666666666667,2026-04-24 19:22:00,4.413333333333333,2026,4,24,19:00,22,19:22
77.06666666666666,alsogod,1015.5,8.793333333333333,2026-04-24 19:23:00,4.386666666666667,2026,4,24,19:00,23,19:23
77.2,alsogod,1015.5,8.78,2026-04-24 19:24:00,4.36,2026,4,24,19:00,24,19:24
77.33333333333333,alsogod,1015.5,8.766666666666666,2026-04-24 19:25:00,4.333333333333333,2026,4,24,19:00,25,19:25
77.46666666666667,alsogod,1015.5,8.753333333333332,2026-04-24 19:26:00,4.306666666666667,2026,4,24,19:00,26,19:26
77.6,alsogod,1015.5,8.74,2026-04-24 19:27:00,4.28,2026,4,24,19:00,27,19:27
77.73333333333333,alsogod,1015.5,8.726666666666667,2026-04-24 19:28:00,4.253333333333334,2026,4,24,19:00,28,19:28
77.86666666666666,alsogod,1015.5,8.713333333333333,2026-04-24 19:29:00,4.226666666666667,2026,4,24,19:00,29,19:29
78.0,alsogod,1015.5,8.7,2026-04-24 19:30:00,4.2,2026,4,24,19:00,30,19:30
78.06666666666666,alsogod,1015.5066666666668,8.686666666666666,2026-04-24 19:31:00,4.173333333333334,2026,4,24,19:00,31,19:31
78.13333333333334,alsogod,1015.5133333333332,8.673333333333332,2026-04-24 19:32:00,4.1466666666666665,2026,4,24,19:00,32,19:32
78.2,alsogod,1015.52,8.66,2026-04-24 19:33:00,4.12,2026,4,24,19:00,33,19:33
78.26666666666667,alsogod,1015.5266666666666,8.646666666666667,2026-04-24 19:34:00,4.093333333333334,2026,4,24,19:00,34,19:34
78.33333333333333,alsogod,1015.5333333333332,8.633333333333333,2026-04-24 19:35:00,4.066666666666666,2026,4,24,19:00,35,19:35
78.4,alsogod,1015.54,8.62,2026-04-24 19:36:00,4.04,2026,4,24,19:00,36,19:36
78.46666666666667,alsogod,1015.5466666666666,8.606666666666666,2026-04-24 19:37:00,4.013333333333334,2026,4,24,19:00,37,19:37
78.53333333333333,alsogod,1015.5533333333334,8.593333333333334,2026-04-24 19:38:00,3.986666666666667,2026,4,24,19:00,38,19:38
78.6,alsogod,1015.56,8.58,2026-04-24 19:39:00,3.96,2026,4,24,19:00,39,19:39
78.66666666666667,alsogod,1015.5666666666668,8.566666666666666,2026-04-24 19:40:00,3.933333333333333,2026,4,24,19:00,40,19:40
78.73333333333333,alsogod,1015.5733333333334,8.553333333333333,2026-04-24 19:41:00,3.9066666666666663,2026,4,24,19:00,41,19:41
78.8,alsogod,1015.58,8.54,2026-04-24 19:42:00,3.88,2026,4,24,19:00,42,19:42
78.86666666666666,alsogod,1015.5866666666668,8.526666666666667,2026-04-24 19:43:00,3.853333333333333,2026,4,24,19:00,43,19:43
78.93333333333334,alsogod,1015.5933333333334,8.513333333333334,2026-04-24 19:44:00,3.826666666666666,2026,4,24,19:00,44,19:44
79.0,alsogod,1015.6,8.5,2026-04-24 19:45:00,3.8,2026,4,24,19:00,45,19:45
79.06666666666666,alsogod,1015.6,8.486666666666666,2026-04-24 19:46:00,3.78,2026,4,24,19:00,46,19:46
79.13333333333334,alsogod,1015.6,8.473333333333333,2026-04-24 19:47:00,3.76,2026,4,24,19:00,47,19:47
79.2,alsogod,1015.6,8.46,2026-04-24 19:48:00,3.74,2026,4,24,19:00,48,19:48
79.26666666666667,alsogod,1015.6,8.446666666666667,2026-04-24 19:49:00,3.72,2026,4,24,19:00,49,19:49
79.33333333333333,alsogod,1015.6,8.433333333333334,2026-04-24 19:50:00,3.7,2026,4,24,19:00,50,19:50
79.4,alsogod,1015.6,8.42,2026-04-24 19:51:00,3.68,2026,4,24,19:00,51,19:51
79.46666666666667,alsogod,1015.6,8.406666666666666,2026-04-24 19:52:00,3.66,2026,4,24,19:00,52,19:52
79.53333333333333,alsogod,1015.6,8.393333333333334,2026-04-24 19:53:00,3.64,2026,4,24,19:00,53,19:53
79.6,alsogod,1015.6,8.38,2026-04-24 19:54:00,3.62,2026,4,24,19:00,54,19:54
79.66666666666667,alsogod,1015.6,8.366666666666667,2026-04-24 19:55:00,3.6,2026,4,24,19:00,55,19:55
79.73333333333333,alsogod,1015.6,8.353333333333333,2026-04-24 19:56:00,3.58,2026,4,24,19:00,56,19:56
79.8,alsogod,1015.6,8.34,2026-04-24 19:57:00,3.56,2026,4,24,19:00,57,19:57
79.86666666666666,alsogod,1015.6,8.326666666666668,2026-04-24 19:58:00,3.54,2026,4,24,19:00,58,19:58
79.93333333333334,alsogod,1015.6,8.313333333333334,2026-04-24 19:59:00,3.52,2026,4,24,19:00,59,19:59
